row_id,respondent_id,p_train,p_swissmetro,p_car,predicted_choice,confidence,observed_choice,observed_choice_code
0,1,0.26,0.74,0.0,swissmetro,0.61,Swissmetro,2
1,1,0.12,0.88,0.0,swissmetro,0.81,Swissmetro,2
2,1,0.12,0.75,0.13,swissmetro,0.62,Swissmetro,2
3,1,0.12,0.67,0.21,swissmetro,0.5,Swissmetro,2
4,1,0.16,0.83,0.01,swissmetro,0.74,Swissmetro,2
5,1,0.1,0.85,0.05,swissmetro,0.77,Swissmetro,2
6,1,0.1,0.83,0.07,swissmetro,0.75,Swissmetro,2
7,1,0.32,0.65,0.03,swissmetro,0.47,Train,1
8,1,0.07,0.91,0.02,swissmetro,0.86,Swissmetro,2
9,2,0.13,0.87,0.0,swissmetro,0.74,Swissmetro,2
10,2,0.08,0.92,0.0,swissmetro,0.84,Swissmetro,2
11,2,0.14,0.86,0.0,swissmetro,0.72,Swissmetro,2
12,2,0.23,0.77,0.0,swissmetro,0.54,Swissmetro,2
13,2,0.13,0.87,0.0,swissmetro,0.74,Swissmetro,2
14,2,0.12,0.88,0.0,swissmetro,0.75,Swissmetro,2
15,2,0.22,0.78,0.0,swissmetro,0.56,Swissmetro,2
16,2,0.44,0.56,0.0,swissmetro,0.12,Swissmetro,2
17,2,0.12,0.88,0.0,swissmetro,0.76,Swissmetro,2
18,3,0.15,0.85,0.0,swissmetro,0.77,Swissmetro,2
19,3,0.14,0.86,0.0,swissmetro,0.78,Swissmetro,2
20,3,0.33,0.67,0.0,swissmetro,0.5,Swissmetro,2
21,3,0.38,0.62,0.0,swissmetro,0.42,Swissmetro,2
22,3,0.13,0.79,0.08,swissmetro,0.69,Swissmetro,2
23,3,0.12,0.86,0.02,swissmetro,0.79,Swissmetro,2
24,3,0.23,0.77,0.0,swissmetro,0.65,Swissmetro,2
25,3,0.2,0.8,0.0,swissmetro,0.7,Swissmetro,2
26,3,0.1,0.9,0.0,swissmetro,0.84,Swissmetro,2
27,4,0.03,0.96,0.01,swissmetro,0.94,Swissmetro,2
28,4,0.03,0.97,0.0,swissmetro,0.95,Swissmetro,2
29,4,0.09,0.9,0.01,swissmetro,0.86,Swissmetro,2
30,4,0.11,0.88,0.01,swissmetro,0.82,Swissmetro,2
31,4,0.07,0.92,0.01,swissmetro,0.88,Swissmetro,2
32,4,0.11,0.87,0.02,swissmetro,0.81,Swissmetro,2
33,4,0.08,0.83,0.09,swissmetro,0.73,Swissmetro,2
34,4,0.04,0.82,0.14,swissmetro,0.73,Swissmetro,2
35,4,0.14,0.84,0.02,swissmetro,0.75,Swissmetro,2
36,5,0.11,0.89,0.0,swissmetro,0.78,Swissmetro,2
37,5,0.09,0.91,0.0,swissmetro,0.83,Swissmetro,2
38,5,0.07,0.93,0.0,swissmetro,0.87,Swissmetro,2
39,5,0.22,0.78,0.0,swissmetro,0.56,Swissmetro,2
40,5,0.28,0.72,0.0,swissmetro,0.44,Swissmetro,2
41,5,0.18,0.82,0.0,swissmetro,0.64,Swissmetro,2
42,5,0.29,0.71,0.0,swissmetro,0.41,Swissmetro,2
43,5,0.45,0.55,0.0,swissmetro,0.11,Swissmetro,2
44,5,0.11,0.89,0.0,swissmetro,0.79,Swissmetro,2
45,6,0.09,0.83,0.08,swissmetro,0.74,Swissmetro,2
46,6,0.16,0.77,0.07,swissmetro,0.66,Swissmetro,2
47,6,0.08,0.81,0.1,swissmetro,0.72,Swissmetro,2
48,6,0.11,0.88,0.01,swissmetro,0.81,Swissmetro,2
49,6,0.1,0.88,0.02,swissmetro,0.81,Swissmetro,2
50,6,0.09,0.9,0.01,swissmetro,0.85,Swissmetro,2
51,6,0.12,0.73,0.15,swissmetro,0.6,Swissmetro,2
52,6,0.09,0.89,0.02,swissmetro,0.83,Swissmetro,2
53,6,0.11,0.8099999999999999,0.08,swissmetro,0.72,Swissmetro,2
54,7,0.54,0.46,0.0,train,0.3,Swissmetro,2
55,7,0.45,0.55,0.0,swissmetro,0.32,Swissmetro,2
56,7,0.63,0.37,0.0,train,0.43,Swissmetro,2
57,7,0.42,0.57,0.01,swissmetro,0.36,Swissmetro,2
58,7,0.37,0.63,0.0,swissmetro,0.44,Swissmetro,2
59,7,0.32,0.68,0.0,swissmetro,0.51,Swissmetro,2
60,7,0.52,0.48,0.0,train,0.27,Train,1
61,7,0.53,0.47,0.0,train,0.29,Swissmetro,2
62,7,0.17,0.83,0.0,swissmetro,0.73,Swissmetro,2
63,8,0.2,0.7,0.1,swissmetro,0.55,Swissmetro,2
64,8,0.15,0.83,0.02,swissmetro,0.75,Swissmetro,2
65,8,0.19,0.6,0.21,swissmetro,0.4,Swissmetro,2
66,8,0.25,0.48,0.27,swissmetro,0.22,Car,3
67,8,0.13,0.81,0.06,swissmetro,0.71,Swissmetro,2
68,8,0.1,0.81,0.09,swissmetro,0.71,Car,3
69,8,0.17,0.69,0.14,swissmetro,0.53,Car,3
70,8,0.4,0.53,0.07,swissmetro,0.3,Swissmetro,2
71,8,0.09,0.85,0.06,swissmetro,0.77,Swissmetro,2
72,9,0.05,0.9,0.05,swissmetro,0.86,Swissmetro,2
73,9,0.04,0.95,0.01,swissmetro,0.92,Swissmetro,2
74,9,0.05,0.94,0.01,swissmetro,0.92,Swissmetro,2
75,9,0.06,0.55,0.39,swissmetro,0.32,Swissmetro,2
76,9,0.04,0.92,0.04,swissmetro,0.89,Swissmetro,2
77,9,0.04,0.68,0.28,swissmetro,0.51,Swissmetro,2
78,9,0.04,0.65,0.31,swissmetro,0.48,Swissmetro,2
79,9,0.08,0.81,0.11,swissmetro,0.71,Swissmetro,2
80,9,0.18,0.73,0.09,swissmetro,0.59,Swissmetro,2
81,10,0.04,0.96,0.0,swissmetro,0.91,Swissmetro,2
82,10,0.14,0.86,0.0,swissmetro,0.71,Train,1
83,10,0.1,0.9,0.0,swissmetro,0.8,Swissmetro,2
84,10,0.06,0.94,0.0,swissmetro,0.87,Swissmetro,2
85,10,0.13,0.87,0.0,swissmetro,0.73,Swissmetro,2
86,10,0.1,0.9,0.0,swissmetro,0.8,Swissmetro,2
87,10,0.16,0.84,0.0,swissmetro,0.68,Swissmetro,2
88,10,0.15,0.85,0.0,swissmetro,0.69,Swissmetro,2
89,10,0.37,0.63,0.0,swissmetro,0.26,Train,1
90,11,0.06,0.94,0.0,swissmetro,0.88,Swissmetro,2
91,11,0.05,0.95,0.0,swissmetro,0.9,Swissmetro,2
92,11,0.15,0.85,0.0,swissmetro,0.7,Swissmetro,2
93,11,0.1,0.9,0.0,swissmetro,0.81,Swissmetro,2
94,11,0.06,0.94,0.0,swissmetro,0.87,Swissmetro,2
95,11,0.08,0.92,0.0,swissmetro,0.85,Swissmetro,2
96,11,0.08,0.92,0.0,swissmetro,0.84,Swissmetro,2
97,11,0.09,0.91,0.0,swissmetro,0.82,Swissmetro,2
98,11,0.06,0.94,0.0,swissmetro,0.88,Swissmetro,2
99,12,0.06,0.94,0.0,swissmetro,0.88,Swissmetro,2
100,12,0.26,0.74,0.0,swissmetro,0.48,Swissmetro,2
101,12,0.38,0.62,0.0,swissmetro,0.24,Swissmetro,2
102,12,0.14,0.86,0.0,swissmetro,0.72,Swissmetro,2
103,12,0.11,0.89,0.0,swissmetro,0.78,Swissmetro,2
104,12,0.14,0.86,0.0,swissmetro,0.72,Swissmetro,2
105,12,0.1,0.9,0.0,swissmetro,0.8,Swissmetro,2
106,12,0.11,0.89,0.0,swissmetro,0.78,Swissmetro,2
107,12,0.31,0.69,0.0,swissmetro,0.38,Swissmetro,2
108,13,0.27,0.73,0.0,swissmetro,0.47,Swissmetro,2
109,13,0.45,0.55,0.0,swissmetro,0.1,Swissmetro,2
110,13,0.24,0.76,0.0,swissmetro,0.52,Swissmetro,2
111,13,0.18,0.82,0.0,swissmetro,0.63,Swissmetro,2
112,13,0.3,0.7,0.0,swissmetro,0.4,Swissmetro,2
113,13,0.19,0.81,0.0,swissmetro,0.62,Train,1
114,13,0.27,0.73,0.0,swissmetro,0.45,Train,1
115,13,0.32,0.68,0.0,swissmetro,0.36,Swissmetro,2
116,13,0.39,0.61,0.0,swissmetro,0.22,Swissmetro,2
117,14,0.2,0.78,0.02,swissmetro,0.68,Swissmetro,2
118,14,0.07,0.93,0.0,swissmetro,0.89,Swissmetro,2
119,14,0.1,0.82,0.08,swissmetro,0.73,Swissmetro,2
120,14,0.34,0.63,0.03,swissmetro,0.45,Train,1
121,14,0.06,0.93,0.01,swissmetro,0.9,Swissmetro,2
122,14,0.05,0.85,0.1,swissmetro,0.78,Swissmetro,2
123,14,0.14,0.67,0.19,swissmetro,0.5,Swissmetro,2
124,14,0.38,0.55,0.07,swissmetro,0.32,Train,1
125,14,0.02,0.89,0.09,swissmetro,0.84,Swissmetro,2
126,15,0.02,0.98,0.0,swissmetro,0.96,Swissmetro,2
127,15,0.04,0.96,0.0,swissmetro,0.91,Swissmetro,2
128,15,0.1,0.9,0.0,swissmetro,0.8,Swissmetro,2
129,15,0.04,0.96,0.0,swissmetro,0.92,Swissmetro,2
130,15,0.07,0.93,0.0,swissmetro,0.86,Swissmetro,2
131,15,0.04,0.96,0.0,swissmetro,0.92,Swissmetro,2
132,15,0.11,0.89,0.0,swissmetro,0.79,Swissmetro,2
133,15,0.03,0.97,0.0,swissmetro,0.95,Swissmetro,2
134,15,0.14,0.86,0.0,swissmetro,0.72,Train,1
135,16,0.06,0.93,0.01,swissmetro,0.9,Swissmetro,2
136,16,0.04,0.96,0.0,swissmetro,0.93,Swissmetro,2
137,16,0.06,0.9299999999999999,0.01,swissmetro,0.91,Swissmetro,2
138,16,0.04,0.93,0.03,swissmetro,0.9,Swissmetro,2
139,16,0.03,0.96,0.01,swissmetro,0.94,Swissmetro,2
140,16,0.15,0.85,0.0,swissmetro,0.77,Swissmetro,2
141,16,0.04,0.91,0.05,swissmetro,0.86,Swissmetro,2
142,16,0.15,0.83,0.02,swissmetro,0.75,Swissmetro,2
143,16,0.17,0.82,0.01,swissmetro,0.73,Swissmetro,2
144,17,0.13,0.68,0.19,swissmetro,0.52,Swissmetro,2
145,17,0.1,0.87,0.03,swissmetro,0.81,Swissmetro,2
146,17,0.12,0.8,0.08,swissmetro,0.7,Swissmetro,2
147,17,0.05,0.85,0.1,swissmetro,0.76,Swissmetro,2
148,17,0.06,0.88,0.06,swissmetro,0.81,Swissmetro,2
149,17,0.08,0.86,0.06,swissmetro,0.79,Swissmetro,2
150,17,0.07,0.65,0.28,swissmetro,0.47,Swissmetro,2
151,17,0.05,0.79,0.16,swissmetro,0.69,Swissmetro,2
152,17,0.07,0.87,0.06,swissmetro,0.82,Swissmetro,2
153,18,0.08,0.89,0.03,swissmetro,0.84,Swissmetro,2
154,18,0.05,0.94,0.01,swissmetro,0.9,Swissmetro,2
155,18,0.07,0.9,0.03,swissmetro,0.85,Swissmetro,2
156,18,0.03,0.68,0.29,swissmetro,0.51,Swissmetro,2
157,18,0.03,0.9400000000000001,0.03,swissmetro,0.9,Swissmetro,2
158,18,0.03,0.86,0.11,swissmetro,0.79,Swissmetro,2
159,18,0.03,0.83,0.14,swissmetro,0.74,Swissmetro,2
160,18,0.14,0.8,0.05,swissmetro,0.7,Swissmetro,2
161,18,0.11,0.86,0.03,swissmetro,0.79,Swissmetro,2
162,19,0.1,0.87,0.03,swissmetro,0.81,Car,3
163,19,0.07,0.93,0.0,swissmetro,0.88,Train,1
164,19,0.1,0.86,0.04,swissmetro,0.78,Car,3
165,19,0.04,0.93,0.03,swissmetro,0.89,Car,3
166,19,0.04,0.95,0.01,swissmetro,0.92,Train,1
167,19,0.07,0.91,0.02,swissmetro,0.86,Train,1
168,19,0.09,0.86,0.05,swissmetro,0.79,Swissmetro,2
169,19,0.06,0.92,0.02,swissmetro,0.88,Swissmetro,2
170,19,0.11,0.85,0.04,swissmetro,0.78,Train,1
171,20,0.02,0.94,0.04,swissmetro,0.92,Swissmetro,2
172,20,0.05,0.9,0.05,swissmetro,0.85,Swissmetro,2
173,20,0.02,0.58,0.4,swissmetro,0.37,Car,3
174,20,0.04,0.95,0.01,swissmetro,0.92,Swissmetro,2
175,20,0.03,0.85,0.12,swissmetro,0.78,Swissmetro,2
176,20,0.04,0.92,0.04,swissmetro,0.89,Swissmetro,2
177,20,0.04,0.86,0.1,swissmetro,0.79,Swissmetro,2
178,20,0.03,0.93,0.04,swissmetro,0.9,Swissmetro,2
179,20,0.06,0.82,0.12,swissmetro,0.74,Swissmetro,2
180,21,0.22,0.78,0.0,swissmetro,0.56,Swissmetro,2
181,21,0.08,0.92,0.0,swissmetro,0.85,Swissmetro,2
182,21,0.22,0.78,0.0,swissmetro,0.55,Train,1
183,21,0.28,0.72,0.0,swissmetro,0.45,Swissmetro,2
184,21,0.15,0.85,0.0,swissmetro,0.7,Swissmetro,2
185,21,0.09,0.91,0.0,swissmetro,0.82,Swissmetro,2
186,21,0.19,0.81,0.0,swissmetro,0.62,Swissmetro,2
187,21,0.31,0.69,0.0,swissmetro,0.37,Swissmetro,2
188,21,0.05,0.95,0.0,swissmetro,0.9,Swissmetro,2
189,22,0.26,0.63,0.11,swissmetro,0.44,Car,3
190,22,0.16,0.78,0.06,swissmetro,0.68,Train,1
191,22,0.17,0.75,0.08,swissmetro,0.63,Train,1
192,22,0.11,0.79,0.1,swissmetro,0.69,Train,1
193,22,0.14,0.71,0.15,swissmetro,0.57,Car,3
194,22,0.19,0.71,0.1,swissmetro,0.57,Train,1
195,22,0.15,0.63,0.22,swissmetro,0.45,Car,3
196,22,0.18,0.63,0.19,swissmetro,0.45,Car,3
197,22,0.26,0.58,0.16,swissmetro,0.37,Car,3
198,23,0.12,0.72,0.16,swissmetro,0.58,Swissmetro,2
199,23,0.07,0.9,0.03,swissmetro,0.86,Swissmetro,2
200,23,0.2,0.6,0.2,swissmetro,0.4,Train,1
201,23,0.15,0.42,0.43,car,0.14,Train,1
202,23,0.13,0.86,0.01,swissmetro,0.8,Swissmetro,2
203,23,0.05,0.85,0.1,swissmetro,0.78,Swissmetro,2
204,23,0.04,0.54,0.42,swissmetro,0.31,Train,1
205,23,0.44,0.53,0.03,swissmetro,0.29,Train,1
206,23,0.04,0.8,0.16,swissmetro,0.7,Swissmetro,2
207,24,0.04,0.96,0.0,swissmetro,0.92,Swissmetro,2
208,24,0.05,0.95,0.0,swissmetro,0.9,Swissmetro,2
209,24,0.06,0.94,0.0,swissmetro,0.89,Swissmetro,2
210,24,0.03,0.97,0.0,swissmetro,0.95,Swissmetro,2
211,24,0.07,0.93,0.0,swissmetro,0.87,Swissmetro,2
212,24,0.06,0.94,0.0,swissmetro,0.88,Swissmetro,2
213,24,0.06,0.94,0.0,swissmetro,0.88,Swissmetro,2
214,24,0.06,0.94,0.0,swissmetro,0.89,Swissmetro,2
215,24,0.14,0.86,0.0,swissmetro,0.72,Train,1
216,25,0.05,0.91,0.04,swissmetro,0.86,Car,3
217,25,0.07,0.8,0.13,swissmetro,0.71,Car,3
218,25,0.03,0.96,0.01,swissmetro,0.94,Swissmetro,2
219,25,0.02,0.93,0.05,swissmetro,0.89,Swissmetro,2
220,25,0.19,0.8,0.01,swissmetro,0.69,Swissmetro,2
221,25,0.11,0.69,0.2,swissmetro,0.53,Swissmetro,2
222,25,0.2,0.4,0.4,car,0.11,Car,3
223,25,0.18,0.79,0.03,swissmetro,0.69,Car,3
224,25,0.06,0.87,0.07,swissmetro,0.8,Car,3
225,26,0.09,0.83,0.08,swissmetro,0.75,Swissmetro,2
226,26,0.04,0.95,0.01,swissmetro,0.92,Swissmetro,2
227,26,0.08,0.9,0.02,swissmetro,0.86,Swissmetro,2
228,26,0.06,0.87,0.07,swissmetro,0.81,Swissmetro,2
229,26,0.06,0.92,0.02,swissmetro,0.87,Swissmetro,2
230,26,0.06,0.88,0.06,swissmetro,0.83,Swissmetro,2
231,26,0.09,0.7,0.21,swissmetro,0.54,Swissmetro,2
232,26,0.07,0.81,0.12,swissmetro,0.72,Swissmetro,2
233,26,0.13,0.84,0.03,swissmetro,0.76,Swissmetro,2
234,27,0.09,0.91,0.0,swissmetro,0.82,Swissmetro,2
235,27,0.05,0.95,0.0,swissmetro,0.89,Swissmetro,2
236,27,0.14,0.86,0.0,swissmetro,0.72,Swissmetro,2
237,27,0.16,0.84,0.0,swissmetro,0.67,Swissmetro,2
238,27,0.19,0.81,0.0,swissmetro,0.62,Swissmetro,2
239,27,0.12,0.88,0.0,swissmetro,0.77,Swissmetro,2
240,27,0.33,0.67,0.0,swissmetro,0.34,Swissmetro,2
241,27,0.44,0.56,0.0,swissmetro,0.11,Swissmetro,2
242,27,0.1,0.9,0.0,swissmetro,0.8,Swissmetro,2
243,28,0.9,0.1,0.0,train,0.79,Swissmetro,2
244,28,0.94,0.06,0.0,train,0.89,Swissmetro,2
245,28,0.59,0.41,0.0,train,0.18,Swissmetro,2
246,28,0.93,0.07,0.0,train,0.87,Train,1
247,28,0.82,0.18,0.0,train,0.64,Swissmetro,2
248,28,0.84,0.16,0.0,train,0.69,Swissmetro,2
249,28,0.82,0.18,0.0,train,0.64,Train,1
250,28,0.76,0.24,0.0,train,0.51,Swissmetro,2
251,28,0.81,0.19,0.0,train,0.62,Train,1
252,29,0.15,0.8,0.05,swissmetro,0.7,Train,1
253,29,0.07,0.92,0.01,swissmetro,0.88,Swissmetro,2
254,29,0.16,0.54,0.3,swissmetro,0.31,Train,1
255,29,0.04,0.39,0.57,car,0.35,Train,1
256,29,0.11,0.86,0.03,swissmetro,0.78,Train,1
257,29,0.08,0.78,0.14,swissmetro,0.67,Swissmetro,2
258,29,0.05,0.77,0.18,swissmetro,0.66,Swissmetro,2
259,29,0.17,0.78,0.05,swissmetro,0.67,Train,1
260,29,0.11,0.86,0.03,swissmetro,0.78,Swissmetro,2
261,30,0.01,0.92,0.07,swissmetro,0.89,Swissmetro,2
262,30,0.04,0.8,0.16,swissmetro,0.7,Swissmetro,2
263,30,0.01,0.8,0.19,swissmetro,0.69,Swissmetro,2
264,30,0.04,0.93,0.03,swissmetro,0.89,Swissmetro,2
265,30,0.03,0.91,0.06,swissmetro,0.85,Swissmetro,2
266,30,0.03,0.93,0.04,swissmetro,0.89,Swissmetro,2
267,30,0.02,0.92,0.06,swissmetro,0.89,Swissmetro,2
268,30,0.01,0.96,0.03,swissmetro,0.95,Swissmetro,2
269,30,0.05,0.81,0.14,swissmetro,0.72,Swissmetro,2
270,31,0.02,0.98,0.0,swissmetro,0.97,Swissmetro,2
271,31,0.01,0.99,0.0,swissmetro,0.98,Swissmetro,2
272,31,0.02,0.91,0.07,swissmetro,0.86,Swissmetro,2
273,31,0.03,0.94,0.03,swissmetro,0.91,Swissmetro,2
274,31,0.03,0.95,0.02,swissmetro,0.94,Swissmetro,2
275,31,0.01,0.98,0.01,swissmetro,0.97,Swissmetro,2
276,31,0.01,0.98,0.01,swissmetro,0.96,Car,3
277,31,0.11,0.87,0.02,swissmetro,0.8,Swissmetro,2
278,31,0.01,0.98,0.01,swissmetro,0.97,Swissmetro,2
279,32,0.03,0.97,0.0,swissmetro,0.95,Swissmetro,2
280,32,0.14,0.86,0.0,swissmetro,0.72,Train,1
281,32,0.27,0.73,0.0,swissmetro,0.46,Swissmetro,2
282,32,0.08,0.92,0.0,swissmetro,0.84,Swissmetro,2
283,32,0.05,0.95,0.0,swissmetro,0.9,Swissmetro,2
284,32,0.04,0.96,0.0,swissmetro,0.92,Swissmetro,2
285,32,0.02,0.98,0.0,swissmetro,0.95,Swissmetro,2
286,32,0.03,0.97,0.0,swissmetro,0.94,Swissmetro,2
287,32,0.08,0.92,0.0,swissmetro,0.84,Swissmetro,2
288,33,0.45,0.55,0.0,swissmetro,0.1,Swissmetro,2
289,33,0.68,0.32,0.0,train,0.36,Swissmetro,2
290,33,0.03,0.97,0.0,swissmetro,0.93,Swissmetro,2
291,33,0.8,0.2,0.0,train,0.61,Train,1
292,33,0.58,0.42,0.0,train,0.16,Train,1
293,33,0.34,0.66,0.0,swissmetro,0.32,Train,1
294,33,0.29,0.71,0.0,swissmetro,0.42,Swissmetro,2
295,33,0.21,0.79,0.0,swissmetro,0.58,Swissmetro,2
296,33,0.61,0.39,0.0,train,0.22,Swissmetro,2
297,34,0.22,0.78,0.0,swissmetro,0.56,Swissmetro,2
298,34,0.33,0.67,0.0,swissmetro,0.33,Swissmetro,2
299,34,0.46,0.54,0.0,swissmetro,0.08,Train,1
300,34,0.74,0.26,0.0,train,0.48,Train,1
301,34,0.35,0.65,0.0,swissmetro,0.29,Swissmetro,2
302,34,0.21,0.79,0.0,swissmetro,0.59,Train,1
303,34,0.06,0.94,0.0,swissmetro,0.88,Swissmetro,2
304,34,0.03,0.97,0.0,swissmetro,0.94,Swissmetro,2
305,34,0.59,0.41,0.0,train,0.19,Train,1
306,35,0.25,0.75,0.0,swissmetro,0.51,Swissmetro,2
307,35,0.37,0.63,0.0,swissmetro,0.26,Train,1
308,35,0.07,0.93,0.0,swissmetro,0.87,Train,1
309,35,0.25,0.75,0.0,swissmetro,0.5,Train,1
310,35,0.13,0.87,0.0,swissmetro,0.74,Train,1
311,35,0.15,0.85,0.0,swissmetro,0.7,Train,1
312,35,0.09,0.91,0.0,swissmetro,0.82,Swissmetro,2
313,35,0.08,0.92,0.0,swissmetro,0.85,Train,1
314,35,0.37,0.63,0.0,swissmetro,0.26,Train,1
315,36,0.03,0.97,0.0,swissmetro,0.95,Swissmetro,2
316,36,0.03,0.97,0.0,swissmetro,0.94,Swissmetro,2
317,36,0.08,0.92,0.0,swissmetro,0.83,Swissmetro,2
318,36,0.16,0.84,0.0,swissmetro,0.67,Swissmetro,2
319,36,0.07,0.93,0.0,swissmetro,0.86,Swissmetro,2
320,36,0.44,0.56,0.0,swissmetro,0.11,Train,1
321,36,0.61,0.39,0.0,train,0.21,Swissmetro,2
322,36,0.4,0.6,0.0,swissmetro,0.2,Train,1
323,36,0.09,0.91,0.0,swissmetro,0.81,Swissmetro,2
324,37,0.23,0.65,0.12,swissmetro,0.49,Swissmetro,2
325,37,0.16,0.79,0.05,swissmetro,0.69,Swissmetro,2
326,37,0.38,0.57,0.05,swissmetro,0.36,Swissmetro,2
327,37,0.11,0.76,0.13,swissmetro,0.64,Swissmetro,2
328,37,0.1,0.87,0.03,swissmetro,0.81,Swissmetro,2
329,37,0.1,0.82,0.08,swissmetro,0.73,Swissmetro,2
330,37,0.04,0.8,0.16,swissmetro,0.7,Swissmetro,2
331,37,0.06,0.78,0.16,swissmetro,0.67,Swissmetro,2
332,37,0.14,0.76,0.1,swissmetro,0.64,Swissmetro,2
333,38,0.02,0.98,0.0,swissmetro,0.95,Swissmetro,2
334,38,0.24,0.76,0.0,swissmetro,0.52,Swissmetro,2
335,38,0.21,0.79,0.0,swissmetro,0.58,Swissmetro,2
336,38,0.08,0.92,0.0,swissmetro,0.85,Swissmetro,2
337,38,0.13,0.87,0.0,swissmetro,0.75,Swissmetro,2
338,38,0.07,0.93,0.0,swissmetro,0.87,Swissmetro,2
339,38,0.08,0.92,0.0,swissmetro,0.85,Swissmetro,2
340,38,0.27,0.73,0.0,swissmetro,0.46,Swissmetro,2
341,38,0.31,0.69,0.0,swissmetro,0.39,Train,1
342,39,0.02,0.98,0.0,swissmetro,0.97,Swissmetro,2
343,39,0.1,0.9,0.0,swissmetro,0.81,Swissmetro,2
344,39,0.06,0.94,0.0,swissmetro,0.89,Swissmetro,2
345,39,0.02,0.98,0.0,swissmetro,0.96,Swissmetro,2
346,39,0.07,0.93,0.0,swissmetro,0.86,Swissmetro,2
347,39,0.05,0.95,0.0,swissmetro,0.89,Train,1
348,39,0.04,0.96,0.0,swissmetro,0.92,Swissmetro,2
349,39,0.09,0.91,0.0,swissmetro,0.83,Swissmetro,2
350,39,0.11,0.89,0.0,swissmetro,0.78,Train,1
351,40,0.45,0.55,0.0,swissmetro,0.1,Swissmetro,2
352,40,0.13,0.87,0.0,swissmetro,0.75,Swissmetro,2
353,40,0.56,0.44,0.0,train,0.11,Swissmetro,2
354,40,0.78,0.22,0.0,train,0.57,Swissmetro,2
355,40,0.5,0.5,0.0,train,0.0,Swissmetro,2
356,40,0.66,0.34,0.0,train,0.32,Swissmetro,2
357,40,0.43,0.57,0.0,swissmetro,0.15,Swissmetro,2
358,40,0.53,0.47,0.0,train,0.06,Swissmetro,2
359,40,0.4,0.6,0.0,swissmetro,0.2,Swissmetro,2
360,41,0.22,0.4,0.38,swissmetro,0.1,Swissmetro,2
361,41,0.23,0.64,0.13,swissmetro,0.45,Train,1
362,41,0.21,0.61,0.18,swissmetro,0.42,Train,1
363,41,0.09,0.69,0.22,swissmetro,0.53,Train,1
364,41,0.11,0.77,0.12,swissmetro,0.66,Swissmetro,2
365,41,0.13,0.72,0.15,swissmetro,0.57,Swissmetro,2
366,41,0.03,0.78,0.19,swissmetro,0.67,Swissmetro,2
367,41,0.08,0.62,0.3,swissmetro,0.43,Swissmetro,2
368,41,0.21,0.58,0.21,swissmetro,0.38,Train,1
369,42,0.05,0.94,0.01,swissmetro,0.91,Swissmetro,2
370,42,0.04,0.96,0.0,swissmetro,0.94,Swissmetro,2
371,42,0.04,0.95,0.01,swissmetro,0.93,Train,1
372,42,0.03,0.91,0.06,swissmetro,0.87,Swissmetro,2
373,42,0.04,0.94,0.02,swissmetro,0.92,Swissmetro,2
374,42,0.04,0.94,0.02,swissmetro,0.9,Swissmetro,2
375,42,0.02,0.92,0.06,swissmetro,0.89,Swissmetro,2
376,42,0.03,0.92,0.05,swissmetro,0.87,Swissmetro,2
377,42,0.09,0.83,0.08,swissmetro,0.74,Swissmetro,2
378,43,0.02,0.98,0.0,swissmetro,0.96,Swissmetro,2
379,43,0.01,0.99,0.0,swissmetro,0.97,Swissmetro,2
380,43,0.24,0.76,0.0,swissmetro,0.51,Swissmetro,2
381,43,0.44,0.56,0.0,swissmetro,0.11,Swissmetro,2
382,43,0.12,0.88,0.0,swissmetro,0.77,Swissmetro,2
383,43,0.08,0.92,0.0,swissmetro,0.85,Swissmetro,2
384,43,0.1,0.9,0.0,swissmetro,0.81,Swissmetro,2
385,43,0.32,0.68,0.0,swissmetro,0.36,Swissmetro,2
386,43,0.06,0.94,0.0,swissmetro,0.88,Swissmetro,2
387,44,0.03,0.85,0.12,swissmetro,0.78,Swissmetro,2
388,44,0.08,0.83,0.09,swissmetro,0.74,Swissmetro,2
389,44,0.06,0.66,0.28,swissmetro,0.49,Swissmetro,2
390,44,0.06,0.87,0.07,swissmetro,0.82,Swissmetro,2
391,44,0.09,0.85,0.06,swissmetro,0.78,Swissmetro,2
392,44,0.05,0.91,0.04,swissmetro,0.86,Swissmetro,2
393,44,0.04,0.89,0.07,swissmetro,0.84,Swissmetro,2
394,44,0.07,0.85,0.08,swissmetro,0.78,Swissmetro,2
395,44,0.14,0.72,0.14,swissmetro,0.58,Train,1
396,45,0.06,0.55,0.39,swissmetro,0.33,Swissmetro,2
397,45,0.09,0.62,0.29,swissmetro,0.44,Train,1
398,45,0.16,0.54,0.3,swissmetro,0.31,Train,1
399,45,0.09,0.56,0.35,swissmetro,0.34,Train,1
400,45,0.2,0.38,0.42,car,0.12,Train,1
401,45,0.09,0.6900000000000001,0.22,swissmetro,0.53,Swissmetro,2
402,45,0.03,0.71,0.26,swissmetro,0.57,Swissmetro,2
403,45,0.04,0.62,0.34,swissmetro,0.43,Swissmetro,2
404,45,0.22,0.33,0.45,car,0.16,Train,1
405,46,0.01,0.99,0.0,swissmetro,0.98,Swissmetro,2
406,46,0.02,0.98,0.0,swissmetro,0.95,Train,1
407,46,0.02,0.98,0.0,swissmetro,0.96,Swissmetro,2
408,46,0.02,0.98,0.0,swissmetro,0.96,Swissmetro,2
409,46,0.05,0.95,0.0,swissmetro,0.91,Swissmetro,2
410,46,0.04,0.96,0.0,swissmetro,0.92,Train,1
411,46,0.04,0.96,0.0,swissmetro,0.92,Swissmetro,2
412,46,0.03,0.97,0.0,swissmetro,0.94,Swissmetro,2
413,46,0.11,0.89,0.0,swissmetro,0.77,Train,1
414,47,0.03,0.91,0.06,swissmetro,0.88,Swissmetro,2
415,47,0.02,0.96,0.02,swissmetro,0.94,Swissmetro,2
416,47,0.17,0.61,0.22,swissmetro,0.42,Swissmetro,2
417,47,0.09,0.74,0.17,swissmetro,0.61,Swissmetro,2
418,47,0.05,0.89,0.06,swissmetro,0.82,Swissmetro,2
419,47,0.08,0.87,0.05,swissmetro,0.81,Swissmetro,2
420,47,0.15,0.53,0.32,swissmetro,0.29,Swissmetro,2
421,47,0.28,0.48,0.24,swissmetro,0.21,Swissmetro,2
422,47,0.03,0.87,0.1,swissmetro,0.8,Swissmetro,2
423,48,0.02,0.95,0.03,swissmetro,0.92,Swissmetro,2
424,48,0.09,0.81,0.1,swissmetro,0.72,Train,1
425,48,0.21,0.78,0.01,swissmetro,0.67,Swissmetro,2
426,48,0.09,0.89,0.02,swissmetro,0.83,Train,1
427,48,0.09,0.81,0.1,swissmetro,0.71,Swissmetro,2
428,48,0.1,0.85,0.05,swissmetro,0.78,Swissmetro,2
429,48,0.04,0.93,0.03,swissmetro,0.89,Swissmetro,2
430,48,0.09,0.79,0.12,swissmetro,0.69,Train,1
431,48,0.07,0.87,0.06,swissmetro,0.8,Train,1
432,49,0.04,0.92,0.04,swissmetro,0.88,Swissmetro,2
433,49,0.06,0.92,0.02,swissmetro,0.88,Swissmetro,2
434,49,0.24,0.6799999999999999,0.08,swissmetro,0.53,Swissmetro,2
435,49,0.09,0.81,0.1,swissmetro,0.72,Swissmetro,2
436,49,0.06,0.88,0.06,swissmetro,0.82,Swissmetro,2
437,49,0.09,0.83,0.08,swissmetro,0.76,Swissmetro,2
438,49,0.05,0.83,0.12,swissmetro,0.75,Swissmetro,2
439,49,0.06,0.85,0.09,swissmetro,0.77,Swissmetro,2
440,49,0.2,0.38,0.42,car,0.12,Swissmetro,2
441,50,0.04,0.92,0.04,swissmetro,0.87,Swissmetro,2
442,50,0.1,0.82,0.08,swissmetro,0.73,Swissmetro,2
443,50,0.06,0.72,0.22,swissmetro,0.58,Swissmetro,2
444,50,0.06,0.88,0.06,swissmetro,0.82,Swissmetro,2
445,50,0.09,0.78,0.13,swissmetro,0.67,Swissmetro,2
446,50,0.1,0.85,0.05,swissmetro,0.77,Swissmetro,2
447,50,0.09,0.8200000000000001,0.09,swissmetro,0.72,Swissmetro,2
448,50,0.08,0.85,0.07,swissmetro,0.77,Swissmetro,2
449,50,0.15,0.73,0.12,swissmetro,0.6,Train,1
450,51,0.27,0.6,0.13,swissmetro,0.4,Swissmetro,2
451,51,0.26,0.72,0.02,swissmetro,0.57,Swissmetro,2
452,51,0.37,0.52,0.11,swissmetro,0.28,Swissmetro,2
453,51,0.25,0.18,0.57,car,0.36,Swissmetro,2
454,51,0.35,0.53,0.12,swissmetro,0.3,Swissmetro,2
455,51,0.21,0.47,0.32,swissmetro,0.2,Swissmetro,2
456,51,0.07,0.61,0.32,swissmetro,0.42,Swissmetro,2
457,51,0.15,0.58,0.27,swissmetro,0.37,Swissmetro,2
458,51,0.27,0.34,0.39,car,0.08,Swissmetro,2
459,52,0.01,0.99,0.0,swissmetro,0.98,Swissmetro,2
460,52,0.01,0.99,0.0,swissmetro,0.97,Swissmetro,2
461,52,0.24,0.76,0.0,swissmetro,0.52,Swissmetro,2
462,52,0.27,0.73,0.0,swissmetro,0.45,Train,1
463,52,0.1,0.9,0.0,swissmetro,0.8,Swissmetro,2
464,52,0.04,0.96,0.0,swissmetro,0.91,Train,1
465,52,0.1,0.9,0.0,swissmetro,0.79,Swissmetro,2
466,52,0.6,0.4,0.0,train,0.2,Train,1
467,52,0.05,0.95,0.0,swissmetro,0.89,Swissmetro,2
468,53,0.17,0.51,0.32,swissmetro,0.26,Swissmetro,2
469,53,0.05,0.85,0.1,swissmetro,0.77,Swissmetro,2
470,53,0.12,0.46,0.42,swissmetro,0.19,Swissmetro,2
471,53,0.13,0.22,0.65,car,0.48,Train,1
472,53,0.14,0.52,0.34,swissmetro,0.27,Swissmetro,2
473,53,0.13,0.54,0.33,swissmetro,0.31,Swissmetro,2
474,53,0.09,0.57,0.34,swissmetro,0.35,Swissmetro,2
475,53,0.25,0.49,0.26,swissmetro,0.24,Swissmetro,2
476,53,0.05,0.65,0.3,swissmetro,0.47,Swissmetro,2
477,54,0.05,0.95,0.0,swissmetro,0.9,Swissmetro,2
478,54,0.45,0.55,0.0,swissmetro,0.1,Swissmetro,2
479,54,0.28,0.72,0.0,swissmetro,0.44,Train,1
480,54,0.37,0.63,0.0,swissmetro,0.25,Train,1
481,54,0.31,0.69,0.0,swissmetro,0.37,Swissmetro,2
482,54,0.25,0.75,0.0,swissmetro,0.5,Swissmetro,2
483,54,0.16,0.84,0.0,swissmetro,0.69,Swissmetro,2
484,54,0.15,0.85,0.0,swissmetro,0.7,Swissmetro,2
485,54,0.55,0.45,0.0,train,0.11,Swissmetro,2
486,55,0.2,0.8,0.0,swissmetro,0.59,Swissmetro,2
487,55,0.33,0.67,0.0,swissmetro,0.34,Train,1
488,55,0.38,0.62,0.0,swissmetro,0.23,Train,1
489,55,0.28,0.72,0.0,swissmetro,0.43,Train,1
490,55,0.35,0.65,0.0,swissmetro,0.3,Train,1
491,55,0.28,0.72,0.0,swissmetro,0.44,Train,1
492,55,0.38,0.62,0.0,swissmetro,0.24,Swissmetro,2
493,55,0.32,0.68,0.0,swissmetro,0.37,Train,1
494,55,0.51,0.49,0.0,train,0.02,Train,1
495,56,0.2,0.68,0.11,swissmetro,0.53,Swissmetro,2
496,56,0.26,0.69,0.05,swissmetro,0.54,Swissmetro,2
497,56,0.28,0.67,0.05,swissmetro,0.51,Train,1
498,56,0.1,0.84,0.06,swissmetro,0.75,Train,1
499,56,0.1,0.84,0.06,swissmetro,0.76,Swissmetro,2
500,56,0.08,0.34,0.58,car,0.37,Swissmetro,2
501,56,0.02,0.71,0.27,swissmetro,0.56,Swissmetro,2
502,56,0.05,0.59,0.36,swissmetro,0.38,Swissmetro,2
503,56,0.15,0.43,0.42,swissmetro,0.14,Swissmetro,2
504,57,0.02,0.97,0.01,swissmetro,0.94,Swissmetro,2
505,57,0.04,0.93,0.02,swissmetro,0.9,Swissmetro,2
506,57,0.01,0.91,0.08,swissmetro,0.86,Swissmetro,2
507,57,0.02,0.97,0.01,swissmetro,0.95,Swissmetro,2
508,57,0.05,0.94,0.01,swissmetro,0.91,Swissmetro,2
509,57,0.04,0.95,0.01,swissmetro,0.93,Swissmetro,2
510,57,0.02,0.94,0.04,swissmetro,0.9,Swissmetro,2
511,57,0.04,0.95,0.01,swissmetro,0.92,Swissmetro,2
512,57,0.09,0.89,0.02,swissmetro,0.84,Swissmetro,2
513,58,0.19,0.64,0.17,swissmetro,0.46,Swissmetro,2
514,58,0.08,0.85,0.07,swissmetro,0.79,Train,1
515,58,0.15,0.75,0.1,swissmetro,0.62,Train,1
516,58,0.06,0.8,0.14,swissmetro,0.7,Train,1
517,58,0.1,0.76,0.14,swissmetro,0.64,Train,1
518,58,0.09,0.8,0.11,swissmetro,0.7,Train,1
519,58,0.06,0.71,0.23,swissmetro,0.56,Swissmetro,2
520,58,0.11,0.26,0.63,car,0.44,Swissmetro,2
521,58,0.16,0.26,0.58,car,0.38,Train,1
522,59,0.01,0.98,0.01,swissmetro,0.96,Swissmetro,2
523,59,0.04,0.95,0.01,swissmetro,0.92,Swissmetro,2
524,59,0.03,0.91,0.06,swissmetro,0.86,Swissmetro,2
525,59,0.02,0.96,0.02,swissmetro,0.95,Swissmetro,2
526,59,0.02,0.94,0.04,swissmetro,0.92,Swissmetro,2
527,59,0.03,0.93,0.04,swissmetro,0.89,Swissmetro,2
528,59,0.03,0.95,0.02,swissmetro,0.92,Swissmetro,2
529,59,0.03,0.94,0.03,swissmetro,0.91,Swissmetro,2
530,59,0.03,0.9,0.07,swissmetro,0.85,Swissmetro,2
531,60,0.04,0.75,0.21,swissmetro,0.63,Car,3
532,60,0.1,0.6,0.3,swissmetro,0.39,Car,3
533,60,0.11,0.48,0.41,swissmetro,0.23,Car,3
534,60,0.08,0.72,0.2,swissmetro,0.58,Car,3
535,60,0.1,0.57,0.33,swissmetro,0.36,Car,3
536,60,0.08,0.74,0.18,swissmetro,0.61,Car,3
537,60,0.13,0.61,0.26,swissmetro,0.42,Car,3
538,60,0.08,0.74,0.18,swissmetro,0.62,Car,3
539,60,0.15,0.45,0.4,swissmetro,0.18,Car,3
540,61,0.02,0.98,0.0,swissmetro,0.97,Swissmetro,2
541,61,0.17,0.83,0.0,swissmetro,0.74,Swissmetro,2
542,61,0.08,0.85,0.07,swissmetro,0.77,Swissmetro,2
543,61,0.04,0.96,0.0,swissmetro,0.93,Swissmetro,2
544,61,0.06,0.9299999999999999,0.01,swissmetro,0.9,Swissmetro,2
545,61,0.03,0.96,0.01,swissmetro,0.94,Swissmetro,2
546,61,0.02,0.96,0.02,swissmetro,0.93,Swissmetro,2
547,61,0.05,0.95,0.0,swissmetro,0.92,Swissmetro,2
548,61,0.11,0.87,0.02,swissmetro,0.8,Swissmetro,2
549,62,0.45,0.55,0.0,swissmetro,0.32,Swissmetro,2
550,62,0.24,0.76,0.0,swissmetro,0.64,Swissmetro,2
551,62,0.32,0.67,0.01,swissmetro,0.5,Swissmetro,2
552,62,0.2,0.78,0.02,swissmetro,0.67,Swissmetro,2
553,62,0.16,0.8,0.04,swissmetro,0.71,Swissmetro,2
554,62,0.19,0.72,0.09,swissmetro,0.58,Swissmetro,2
555,62,0.13,0.72,0.15,swissmetro,0.58,Swissmetro,2
556,62,0.19,0.64,0.17,swissmetro,0.45,Swissmetro,2
557,62,0.24,0.74,0.02,swissmetro,0.6,Swissmetro,2
558,63,0.09,0.72,0.19,swissmetro,0.57,Swissmetro,2
559,63,0.1,0.72,0.18,swissmetro,0.58,Train,1
560,63,0.23,0.67,0.1,swissmetro,0.5,Swissmetro,2
561,63,0.22,0.26,0.52,car,0.28,Swissmetro,2
562,63,0.06,0.78,0.16,swissmetro,0.67,Swissmetro,2
563,63,0.05,0.65,0.3,swissmetro,0.48,Train,1
564,63,0.14,0.2,0.66,car,0.48,Train,1
565,63,0.36,0.33,0.31,train,0.05,Train,1
566,63,0.05,0.78,0.17,swissmetro,0.67,Swissmetro,2
567,64,0.04,0.95,0.01,swissmetro,0.92,Swissmetro,2
568,64,0.04,0.94,0.02,swissmetro,0.92,Train,1
569,64,0.06,0.92,0.02,swissmetro,0.88,Swissmetro,2
570,64,0.06,0.9,0.04,swissmetro,0.85,Swissmetro,2
571,64,0.05,0.89,0.06,swissmetro,0.82,Swissmetro,2
572,64,0.03,0.95,0.02,swissmetro,0.93,Swissmetro,2
573,64,0.03,0.88,0.09,swissmetro,0.82,Swissmetro,2
574,64,0.05,0.85,0.1,swissmetro,0.76,Swissmetro,2
575,64,0.04,0.89,0.07,swissmetro,0.84,Swissmetro,2
576,65,0.09,0.88,0.03,swissmetro,0.83,Swissmetro,2
577,65,0.12,0.87,0.01,swissmetro,0.8,Swissmetro,2
578,65,0.07,0.91,0.02,swissmetro,0.87,Swissmetro,2
579,65,0.06,0.93,0.01,swissmetro,0.89,Swissmetro,2
580,65,0.29,0.64,0.07,swissmetro,0.46,Swissmetro,2
581,65,0.12,0.83,0.05,swissmetro,0.75,Swissmetro,2
582,65,0.05,0.77,0.18,swissmetro,0.66,Swissmetro,2
583,65,0.08,0.83,0.09,swissmetro,0.74,Swissmetro,2
584,65,0.28,0.63,0.09,swissmetro,0.45,Swissmetro,2
585,66,0.1,0.69,0.21,swissmetro,0.54,Swissmetro,2
586,66,0.09,0.89,0.02,swissmetro,0.84,Swissmetro,2
587,66,0.21,0.68,0.11,swissmetro,0.52,Swissmetro,2
588,66,0.14,0.75,0.11,swissmetro,0.62,Swissmetro,2
589,66,0.13,0.81,0.06,swissmetro,0.72,Swissmetro,2
590,66,0.12,0.77,0.11,swissmetro,0.66,Swissmetro,2
591,66,0.07,0.38,0.55,car,0.33,Swissmetro,2
592,66,0.13,0.51,0.36,swissmetro,0.26,Swissmetro,2
593,66,0.14,0.63,0.23,swissmetro,0.45,Swissmetro,2
594,67,0.03,0.84,0.13,swissmetro,0.76,Swissmetro,2
595,67,0.14,0.76,0.1,swissmetro,0.64,Swissmetro,2
596,67,0.03,0.56,0.41,swissmetro,0.34,Swissmetro,2
597,67,0.03,0.95,0.02,swissmetro,0.93,Swissmetro,2
598,67,0.03,0.92,0.05,swissmetro,0.87,Swissmetro,2
599,67,0.07,0.86,0.07,swissmetro,0.79,Swissmetro,2
600,67,0.11,0.83,0.06,swissmetro,0.74,Train,1
601,67,0.16,0.82,0.02,swissmetro,0.73,Swissmetro,2
602,67,0.18,0.63,0.19,swissmetro,0.44,Swissmetro,2
603,68,0.06,0.74,0.2,swissmetro,0.61,Swissmetro,2
604,68,0.11,0.66,0.23,swissmetro,0.48,Car,3
605,68,0.02,0.58,0.4,swissmetro,0.37,Car,3
606,68,0.03,0.91,0.06,swissmetro,0.88,Swissmetro,2
607,68,0.07,0.52,0.41,swissmetro,0.29,Swissmetro,2
608,68,0.11,0.76,0.13,swissmetro,0.64,Car,3
609,68,0.09,0.63,0.28,swissmetro,0.45,Car,3
610,68,0.09,0.63,0.28,swissmetro,0.44,Car,3
611,68,0.17,0.27,0.56,car,0.34,Car,3
612,69,0.09,0.9,0.01,swissmetro,0.85,Swissmetro,2
613,69,0.13,0.77,0.1,swissmetro,0.65,Swissmetro,2
614,69,0.14,0.83,0.03,swissmetro,0.75,Swissmetro,2
615,69,0.1,0.89,0.01,swissmetro,0.84,Swissmetro,2
616,69,0.2,0.78,0.02,swissmetro,0.67,Swissmetro,2
617,69,0.14,0.84,0.02,swissmetro,0.76,Swissmetro,2
618,69,0.16,0.83,0.01,swissmetro,0.74,Swissmetro,2
619,69,0.09,0.9,0.01,swissmetro,0.85,Swissmetro,2
620,69,0.22,0.78,0.0,swissmetro,0.67,Swissmetro,2
621,70,0.05,0.91,0.04,swissmetro,0.87,Swissmetro,2
622,70,0.07,0.88,0.05,swissmetro,0.81,Train,1
623,70,0.06,0.74,0.2,swissmetro,0.62,Car,3
624,70,0.05,0.93,0.02,swissmetro,0.9,Swissmetro,2
625,70,0.1,0.79,0.11,swissmetro,0.67,Swissmetro,2
626,70,0.08,0.91,0.01,swissmetro,0.86,Swissmetro,2
627,70,0.07,0.85,0.08,swissmetro,0.78,Swissmetro,2
628,70,0.07,0.89,0.04,swissmetro,0.83,Swissmetro,2
629,70,0.12,0.69,0.19,swissmetro,0.54,Car,3
630,71,0.05,0.92,0.03,swissmetro,0.88,Swissmetro,2
631,71,0.03,0.96,0.01,swissmetro,0.95,Swissmetro,2
632,71,0.09,0.79,0.12,swissmetro,0.68,Swissmetro,2
633,71,0.07,0.86,0.07,swissmetro,0.79,Swissmetro,2
634,71,0.07,0.92,0.01,swissmetro,0.88,Swissmetro,2
635,71,0.03,0.92,0.05,swissmetro,0.88,Swissmetro,2
636,71,0.04,0.87,0.09,swissmetro,0.8,Swissmetro,2
637,71,0.08,0.91,0.01,swissmetro,0.87,Swissmetro,2
638,71,0.02,0.94,0.04,swissmetro,0.91,Train,1
639,72,0.08,0.91,0.01,swissmetro,0.87,Swissmetro,2
640,72,0.22,0.78,0.0,swissmetro,0.66,Swissmetro,2
641,72,0.2,0.72,0.08,swissmetro,0.57,Swissmetro,2
642,72,0.23,0.59,0.18,swissmetro,0.39,Swissmetro,2
643,72,0.06,0.9400000000000001,0.0,swissmetro,0.9,Swissmetro,2
644,72,0.06,0.92,0.02,swissmetro,0.88,Swissmetro,2
645,72,0.1,0.79,0.11,swissmetro,0.68,Swissmetro,2
646,72,0.53,0.47,0.0,train,0.29,Swissmetro,2
647,72,0.03,0.93,0.04,swissmetro,0.9,Swissmetro,2
648,73,0.03,0.97,0.0,swissmetro,0.95,Swissmetro,2
649,73,0.03,0.97,0.0,swissmetro,0.95,Swissmetro,2
650,73,0.04,0.96,0.0,swissmetro,0.91,Swissmetro,2
651,73,0.1,0.9,0.0,swissmetro,0.8,Swissmetro,2
652,73,0.05,0.95,0.0,swissmetro,0.91,Swissmetro,2
653,73,0.02,0.98,0.0,swissmetro,0.96,Swissmetro,2
654,73,0.04,0.96,0.0,swissmetro,0.93,Swissmetro,2
655,73,0.23,0.77,0.0,swissmetro,0.54,Swissmetro,2
656,73,0.03,0.97,0.0,swissmetro,0.95,Swissmetro,2
657,74,0.03,0.91,0.06,swissmetro,0.86,Swissmetro,2
658,74,0.13,0.85,0.02,swissmetro,0.78,Swissmetro,2
659,74,0.03,0.92,0.05,swissmetro,0.87,Swissmetro,2
660,74,0.19,0.81,0.0,swissmetro,0.71,Swissmetro,2
661,74,0.08,0.83,0.09,swissmetro,0.74,Swissmetro,2
662,74,0.15,0.83,0.02,swissmetro,0.75,Train,1
663,74,0.06,0.92,0.02,swissmetro,0.88,Train,1
664,74,0.1,0.89,0.01,swissmetro,0.85,Swissmetro,2
665,74,0.12,0.87,0.01,swissmetro,0.8,Train,1
666,75,0.23,0.68,0.09,swissmetro,0.51,Swissmetro,2
667,75,0.14,0.79,0.07,swissmetro,0.68,Swissmetro,2
668,75,0.15,0.84,0.01,swissmetro,0.77,Swissmetro,2
669,75,0.25,0.6,0.15,swissmetro,0.39,Swissmetro,2
670,75,0.2,0.77,0.03,swissmetro,0.65,Swissmetro,2
671,75,0.11,0.85,0.04,swissmetro,0.78,Swissmetro,2
672,75,0.15,0.6900000000000001,0.16,swissmetro,0.53,Swissmetro,2
673,75,0.06,0.79,0.15,swissmetro,0.69,Swissmetro,2
674,75,0.36,0.57,0.07,swissmetro,0.37,Train,1
675,76,0.32,0.68,0.0,swissmetro,0.36,Swissmetro,2
676,76,0.24,0.76,0.0,swissmetro,0.53,Swissmetro,2
677,76,0.72,0.28,0.0,train,0.44,Train,1
678,76,0.54,0.46,0.0,train,0.08,Swissmetro,2
679,76,0.3,0.7,0.0,swissmetro,0.41,Swissmetro,2
680,76,0.34,0.66,0.0,swissmetro,0.32,Swissmetro,2
681,76,0.63,0.37,0.0,train,0.26,Swissmetro,2
682,76,0.59,0.41,0.0,train,0.18,Swissmetro,2
683,76,0.1,0.9,0.0,swissmetro,0.79,Swissmetro,2
684,77,0.25,0.49,0.26,swissmetro,0.22,Swissmetro,2
685,77,0.19,0.45,0.36,swissmetro,0.17,Swissmetro,2
686,77,0.19,0.73,0.08,swissmetro,0.6,Swissmetro,2
687,77,0.15,0.32,0.53,car,0.29,Train,1
688,77,0.14,0.59,0.27,swissmetro,0.39,Swissmetro,2
689,77,0.14,0.31,0.55,car,0.32,Swissmetro,2
690,77,0.18,0.47,0.35,swissmetro,0.21,Swissmetro,2
691,77,0.08,0.65,0.27,swissmetro,0.48,Swissmetro,2
692,77,0.42,0.29,0.29,train,0.12,Swissmetro,2
693,78,0.11,0.89,0.0,swissmetro,0.78,Swissmetro,2
694,78,0.22,0.78,0.0,swissmetro,0.55,Swissmetro,2
695,78,0.12,0.88,0.0,swissmetro,0.76,Swissmetro,2
696,78,0.13,0.87,0.0,swissmetro,0.74,Swissmetro,2
697,78,0.2,0.8,0.0,swissmetro,0.59,Swissmetro,2
698,78,0.14,0.86,0.0,swissmetro,0.72,Swissmetro,2
699,78,0.12,0.88,0.0,swissmetro,0.77,Swissmetro,2
700,78,0.12,0.88,0.0,swissmetro,0.77,Swissmetro,2
701,78,0.27,0.73,0.0,swissmetro,0.46,Swissmetro,2
702,79,0.25,0.46,0.29,swissmetro,0.2,Swissmetro,2
703,79,0.09,0.44,0.47,car,0.2,Swissmetro,2
704,79,0.21,0.58,0.21,swissmetro,0.36,Swissmetro,2
705,79,0.04,0.88,0.08,swissmetro,0.82,Swissmetro,2
706,79,0.12,0.55,0.33,swissmetro,0.32,Swissmetro,2
707,79,0.06,0.57,0.37,swissmetro,0.35,Swissmetro,2
708,79,0.12,0.71,0.17,swissmetro,0.56,Swissmetro,2
709,79,0.11,0.5,0.39,swissmetro,0.25,Car,3
710,79,0.09,0.77,0.14,swissmetro,0.65,Swissmetro,2
711,80,0.36,0.64,0.0,swissmetro,0.28,Swissmetro,2
712,80,0.14,0.86,0.0,swissmetro,0.71,Swissmetro,2
713,80,0.22,0.78,0.0,swissmetro,0.56,Swissmetro,2
714,80,0.37,0.63,0.0,swissmetro,0.25,Train,1
715,80,0.26,0.74,0.0,swissmetro,0.48,Swissmetro,2
716,80,0.17,0.83,0.0,swissmetro,0.66,Train,1
717,80,0.2,0.8,0.0,swissmetro,0.59,Train,1
718,80,0.36,0.64,0.0,swissmetro,0.29,Swissmetro,2
719,80,0.14,0.86,0.0,swissmetro,0.73,Swissmetro,2
720,81,0.08,0.72,0.2,swissmetro,0.58,Swissmetro,2
721,81,0.13,0.57,0.3,swissmetro,0.35,Swissmetro,2
722,81,0.12,0.62,0.26,swissmetro,0.43,Swissmetro,2
723,81,0.04,0.87,0.09,swissmetro,0.81,Swissmetro,2
724,81,0.11,0.63,0.26,swissmetro,0.44,Swissmetro,2
725,81,0.11,0.84,0.05,swissmetro,0.77,Swissmetro,2
726,81,0.08,0.72,0.2,swissmetro,0.57,Train,1
727,81,0.24,0.43,0.33,swissmetro,0.16,Train,1
728,81,0.08,0.79,0.13,swissmetro,0.69,Train,1
729,82,0.08,0.92,0.0,swissmetro,0.88,Swissmetro,2
730,82,0.02,0.98,0.0,swissmetro,0.97,Swissmetro,2
731,82,0.09,0.83,0.08,swissmetro,0.74,Swissmetro,2
732,82,0.09,0.84,0.07,swissmetro,0.75,Swissmetro,2
733,82,0.08,0.91,0.01,swissmetro,0.86,Swissmetro,2
734,82,0.05,0.92,0.03,swissmetro,0.89,Swissmetro,2
735,82,0.06,0.89,0.05,swissmetro,0.84,Swissmetro,2
736,82,0.25,0.73,0.02,swissmetro,0.6,Swissmetro,2
737,82,0.04,0.94,0.02,swissmetro,0.91,Swissmetro,2
738,83,0.04,0.94,0.02,swissmetro,0.91,Swissmetro,2
739,83,0.06,0.82,0.12,swissmetro,0.73,Swissmetro,2
740,83,0.02,0.98,0.0,swissmetro,0.97,Swissmetro,2
741,83,0.46,0.38,0.16,train,0.19,Train,1
742,83,0.04,0.95,0.01,swissmetro,0.92,Swissmetro,2
743,83,0.11,0.82,0.07,swissmetro,0.74,Car,3
744,83,0.06,0.86,0.08,swissmetro,0.78,Train,1
745,83,0.34,0.61,0.05,swissmetro,0.42,Swissmetro,2
746,83,0.02,0.97,0.01,swissmetro,0.95,Swissmetro,2
747,84,0.01,0.98,0.01,swissmetro,0.97,Swissmetro,2
748,84,0.05,0.94,0.01,swissmetro,0.92,Swissmetro,2
749,84,0.01,0.95,0.04,swissmetro,0.93,Swissmetro,2
750,84,0.03,0.97,0.0,swissmetro,0.95,Swissmetro,2
751,84,0.05,0.93,0.02,swissmetro,0.9,Swissmetro,2
752,84,0.04,0.95,0.01,swissmetro,0.92,Swissmetro,2
753,84,0.02,0.96,0.02,swissmetro,0.95,Swissmetro,2
754,84,0.03,0.94,0.03,swissmetro,0.91,Swissmetro,2
755,84,0.06,0.88,0.06,swissmetro,0.83,Swissmetro,2
756,85,0.08,0.45,0.47,car,0.2,Car,3
757,85,0.06,0.83,0.11,swissmetro,0.75,Car,3
758,85,0.06,0.57,0.37,swissmetro,0.35,Car,3
759,85,0.06,0.75,0.19,swissmetro,0.62,Car,3
760,85,0.11,0.83,0.06,swissmetro,0.74,Car,3
761,85,0.03,0.87,0.1,swissmetro,0.8,Car,3
762,85,0.01,0.91,0.08,swissmetro,0.86,Car,3
763,85,0.02,0.9,0.08,swissmetro,0.85,Car,3
764,85,0.17,0.71,0.12,swissmetro,0.57,Car,3
765,86,0.01,0.99,0.0,swissmetro,0.98,Swissmetro,2
766,86,0.06,0.94,0.0,swissmetro,0.91,Swissmetro,2
767,86,0.02,0.96,0.02,swissmetro,0.93,Swissmetro,2
768,86,0.06,0.9400000000000001,0.0,swissmetro,0.9,Swissmetro,2
769,86,0.08,0.91,0.01,swissmetro,0.88,Swissmetro,2
770,86,0.05,0.95,0.0,swissmetro,0.92,Swissmetro,2
771,86,0.02,0.98,0.0,swissmetro,0.96,Swissmetro,2
772,86,0.03,0.97,0.0,swissmetro,0.95,Swissmetro,2
773,86,0.04,0.96,0.0,swissmetro,0.93,Swissmetro,2
774,87,0.11,0.83,0.06,swissmetro,0.75,Swissmetro,2
775,87,0.1,0.89,0.01,swissmetro,0.84,Swissmetro,2
776,87,0.21,0.12,0.67,car,0.51,Train,1
777,87,0.09,0.6,0.31,swissmetro,0.4,Swissmetro,2
778,87,0.14,0.83,0.03,swissmetro,0.75,Swissmetro,2
779,87,0.11,0.74,0.15,swissmetro,0.6,Car,3
780,87,0.17,0.49,0.34,swissmetro,0.23,Swissmetro,2
781,87,0.59,0.31,0.1,train,0.38,Train,1
782,87,0.06,0.69,0.25,swissmetro,0.53,Swissmetro,2
783,88,0.13,0.8,0.07,swissmetro,0.7,Swissmetro,2
784,88,0.04,0.95,0.01,swissmetro,0.91,Swissmetro,2
785,88,0.12,0.78,0.1,swissmetro,0.67,Swissmetro,2
786,88,0.17,0.73,0.1,swissmetro,0.59,Swissmetro,2
787,88,0.08,0.86,0.06,swissmetro,0.78,Swissmetro,2
788,88,0.05,0.88,0.07,swissmetro,0.82,Swissmetro,2
789,88,0.08,0.83,0.09,swissmetro,0.75,Swissmetro,2
790,88,0.19,0.78,0.03,swissmetro,0.67,Swissmetro,2
791,88,0.05,0.89,0.06,swissmetro,0.84,Swissmetro,2
792,89,0.12,0.81,0.07,swissmetro,0.72,Swissmetro,2
793,89,0.1,0.88,0.02,swissmetro,0.83,Swissmetro,2
794,89,0.17,0.77,0.06,swissmetro,0.65,Swissmetro,2
795,89,0.12,0.75,0.13,swissmetro,0.63,Swissmetro,2
796,89,0.11,0.8,0.09,swissmetro,0.7,Swissmetro,2
797,89,0.09,0.81,0.1,swissmetro,0.71,Swissmetro,2
798,89,0.08,0.77,0.15,swissmetro,0.65,Swissmetro,2
799,89,0.15,0.77,0.08,swissmetro,0.66,Swissmetro,2
800,89,0.34,0.44,0.22,swissmetro,0.15,Swissmetro,2
801,90,0.7,0.3,0.0,train,0.39,Swissmetro,2
802,90,0.73,0.27,0.0,train,0.45,Swissmetro,2
803,90,0.26,0.74,0.0,swissmetro,0.48,Swissmetro,2
804,90,0.69,0.31,0.0,train,0.39,Swissmetro,2
805,90,0.6,0.4,0.0,train,0.21,Swissmetro,2
806,90,0.63,0.37,0.0,train,0.25,Swissmetro,2
807,90,0.62,0.38,0.0,train,0.23,Swissmetro,2
808,90,0.83,0.17,0.0,train,0.66,Swissmetro,2
809,90,0.4,0.6,0.0,swissmetro,0.19,Swissmetro,2
810,91,0.04,0.96,0.0,swissmetro,0.94,Swissmetro,2
811,91,0.02,0.98,0.0,swissmetro,0.97,Swissmetro,2
812,91,0.06,0.94,0.0,swissmetro,0.91,Train,1
813,91,0.09,0.86,0.05,swissmetro,0.78,Train,1
814,91,0.07,0.92,0.01,swissmetro,0.88,Train,1
815,91,0.04,0.95,0.01,swissmetro,0.93,Train,1
816,91,0.05,0.94,0.01,swissmetro,0.91,Swissmetro,2
817,91,0.3,0.69,0.01,swissmetro,0.54,Train,1
818,91,0.04,0.95,0.01,swissmetro,0.93,Swissmetro,2
819,92,0.05,0.86,0.09,swissmetro,0.8,Swissmetro,2
820,92,0.21,0.55,0.24,swissmetro,0.33,Swissmetro,2
821,92,0.25,0.64,0.11,swissmetro,0.46,Train,1
822,92,0.11,0.78,0.11,swissmetro,0.68,Swissmetro,2
823,92,0.13,0.76,0.11,swissmetro,0.63,Swissmetro,2
824,92,0.12,0.8,0.08,swissmetro,0.71,Swissmetro,2
825,92,0.05,0.84,0.11,swissmetro,0.77,Swissmetro,2
826,92,0.05,0.78,0.17,swissmetro,0.66,Swissmetro,2
827,92,0.22,0.62,0.16,swissmetro,0.42,Swissmetro,2
828,93,0.11,0.83,0.06,swissmetro,0.74,Swissmetro,2
829,93,0.1,0.88,0.02,swissmetro,0.82,Swissmetro,2
830,93,0.05,0.8,0.15,swissmetro,0.7,Train,1
831,93,0.15,0.5,0.35,swissmetro,0.25,Train,1
832,93,0.08,0.74,0.18,swissmetro,0.62,Train,1
833,93,0.08,0.74,0.18,swissmetro,0.61,Train,1
834,93,0.07,0.77,0.16,swissmetro,0.64,Train,1
835,93,0.21,0.64,0.15,swissmetro,0.46,Train,1
836,93,0.04,0.81,0.14,swissmetro,0.72,Train,1
837,94,0.07,0.87,0.06,swissmetro,0.8,Swissmetro,2
838,94,0.06,0.92,0.02,swissmetro,0.88,Swissmetro,2
839,94,0.08,0.83,0.09,swissmetro,0.75,Swissmetro,2
840,94,0.15,0.46,0.39,swissmetro,0.19,Train,1
841,94,0.04,0.87,0.09,swissmetro,0.81,Swissmetro,2
842,94,0.02,0.9,0.08,swissmetro,0.85,Swissmetro,2
843,94,0.07,0.6900000000000001,0.24,swissmetro,0.52,Swissmetro,2
844,94,0.23,0.64,0.13,swissmetro,0.45,Swissmetro,2
845,94,0.02,0.9,0.08,swissmetro,0.86,Swissmetro,2
846,95,0.06,0.93,0.01,swissmetro,0.89,Swissmetro,2
847,95,0.07,0.93,0.0,swissmetro,0.89,Swissmetro,2
848,95,0.09,0.87,0.04,swissmetro,0.8,Swissmetro,2
849,95,0.17,0.72,0.11,swissmetro,0.59,Swissmetro,2
850,95,0.08,0.89,0.03,swissmetro,0.84,Swissmetro,2
851,95,0.06,0.9,0.04,swissmetro,0.86,Swissmetro,2
852,95,0.07,0.9,0.03,swissmetro,0.86,Swissmetro,2
853,95,0.24,0.74,0.02,swissmetro,0.6,Swissmetro,2
854,95,0.04,0.95,0.01,swissmetro,0.92,Swissmetro,2
855,96,0.06,0.9,0.04,swissmetro,0.85,Swissmetro,2
856,96,0.17,0.8099999999999999,0.02,swissmetro,0.73,Swissmetro,2
857,96,0.08,0.65,0.27,swissmetro,0.48,Swissmetro,2
858,96,0.07,0.91,0.02,swissmetro,0.86,Swissmetro,2
859,96,0.08,0.81,0.11,swissmetro,0.72,Swissmetro,2
860,96,0.24,0.68,0.08,swissmetro,0.51,Swissmetro,2
861,96,0.08,0.79,0.13,swissmetro,0.68,Swissmetro,2
862,96,0.1,0.82,0.08,swissmetro,0.74,Swissmetro,2
863,96,0.1,0.78,0.12,swissmetro,0.68,Swissmetro,2
864,97,0.14,0.77,0.09,swissmetro,0.65,Swissmetro,2
865,97,0.08,0.88,0.04,swissmetro,0.82,Swissmetro,2
866,97,0.18,0.38,0.44,car,0.16,Train,1
867,97,0.1,0.6900000000000001,0.21,swissmetro,0.52,Train,1
868,97,0.2,0.71,0.09,swissmetro,0.57,Swissmetro,2
869,97,0.17,0.62,0.21,swissmetro,0.44,Train,1
870,97,0.11,0.68,0.21,swissmetro,0.52,Train,1
871,97,0.26,0.56,0.18,swissmetro,0.34,Train,1
872,97,0.08,0.75,0.17,swissmetro,0.62,Train,1
873,98,0.09,0.41,0.5,car,0.25,Train,1
874,98,0.19,0.55,0.26,swissmetro,0.32,Swissmetro,2
875,98,0.26,0.47,0.27,swissmetro,0.22,Swissmetro,2
876,98,0.08,0.37,0.55,car,0.31,Swissmetro,2
877,98,0.08,0.8,0.12,swissmetro,0.69,Swissmetro,2
878,98,0.14,0.55,0.31,swissmetro,0.32,Swissmetro,2
879,98,0.07,0.73,0.2,swissmetro,0.59,Swissmetro,2
880,98,0.25,0.31,0.44,car,0.17,Swissmetro,2
881,98,0.32,0.25,0.43,car,0.14,Swissmetro,2
882,99,0.05,0.68,0.27,swissmetro,0.53,Swissmetro,2
883,99,0.09,0.84,0.07,swissmetro,0.76,Train,1
884,99,0.04,0.87,0.09,swissmetro,0.81,Train,1
885,99,0.08,0.53,0.39,swissmetro,0.29,Train,1
886,99,0.04,0.83,0.13,swissmetro,0.76,Swissmetro,2
887,99,0.05,0.64,0.31,swissmetro,0.45,Swissmetro,2
888,99,0.05,0.72,0.23,swissmetro,0.58,Swissmetro,2
889,99,0.06,0.6799999999999999,0.26,swissmetro,0.53,Swissmetro,2
890,99,0.15,0.54,0.31,swissmetro,0.3,Train,1
891,100,0.01,0.99,0.0,swissmetro,0.97,Train,1
892,100,0.08,0.92,0.0,swissmetro,0.83,Train,1
893,100,0.04,0.96,0.0,swissmetro,0.92,Train,1
894,100,0.04,0.96,0.0,swissmetro,0.92,Train,1
895,100,0.05,0.95,0.0,swissmetro,0.9,Train,1
896,100,0.04,0.96,0.0,swissmetro,0.92,Train,1
897,100,0.04,0.96,0.0,swissmetro,0.91,Train,1
898,100,0.05,0.95,0.0,swissmetro,0.9,Train,1
899,100,0.11,0.89,0.0,swissmetro,0.79,Train,1
900,101,0.27,0.59,0.14,swissmetro,0.39,Train,1
901,101,0.06,0.93,0.01,swissmetro,0.9,Train,1
902,101,0.2,0.65,0.15,swissmetro,0.47,Car,3
903,101,0.18,0.72,0.1,swissmetro,0.57,Train,1
904,101,0.11,0.84,0.05,swissmetro,0.76,Car,3
905,101,0.12,0.83,0.05,swissmetro,0.75,Car,3
906,101,0.22,0.69,0.09,swissmetro,0.54,Car,3
907,101,0.44,0.5,0.06,swissmetro,0.26,Train,1
908,101,0.09,0.87,0.04,swissmetro,0.81,Car,3
909,102,0.04,0.91,0.05,swissmetro,0.85,Swissmetro,2
910,102,0.06,0.93,0.01,swissmetro,0.89,Swissmetro,2
911,102,0.03,0.79,0.18,swissmetro,0.68,Swissmetro,2
912,102,0.04,0.95,0.01,swissmetro,0.92,Train,1
913,102,0.07,0.83,0.1,swissmetro,0.75,Swissmetro,2
914,102,0.07,0.88,0.05,swissmetro,0.82,Swissmetro,2
915,102,0.03,0.93,0.04,swissmetro,0.89,Swissmetro,2
916,102,0.04,0.95,0.01,swissmetro,0.93,Swissmetro,2
917,102,0.05,0.87,0.08,swissmetro,0.8,Train,1
918,103,0.06,0.94,0.0,swissmetro,0.87,Swissmetro,2
919,103,0.14,0.86,0.0,swissmetro,0.71,Swissmetro,2
920,103,0.44,0.56,0.0,swissmetro,0.12,Swissmetro,2
921,103,0.28,0.72,0.0,swissmetro,0.44,Swissmetro,2
922,103,0.28,0.72,0.0,swissmetro,0.43,Swissmetro,2
923,103,0.14,0.86,0.0,swissmetro,0.72,Swissmetro,2
924,103,0.16,0.84,0.0,swissmetro,0.69,Swissmetro,2
925,103,0.57,0.43,0.0,train,0.14,Swissmetro,2
926,103,0.21,0.79,0.0,swissmetro,0.58,Swissmetro,2
927,104,0.05,0.82,0.13,swissmetro,0.73,Swissmetro,2
928,104,0.05,0.9,0.05,swissmetro,0.85,Swissmetro,2
929,104,0.08,0.65,0.27,swissmetro,0.47,Swissmetro,2
930,104,0.07,0.35,0.58,car,0.37,Swissmetro,2
931,104,0.05,0.81,0.14,swissmetro,0.71,Swissmetro,2
932,104,0.05,0.74,0.21,swissmetro,0.61,Swissmetro,2
933,104,0.04,0.77,0.19,swissmetro,0.66,Swissmetro,2
934,104,0.13,0.69,0.18,swissmetro,0.54,Swissmetro,2
935,104,0.04,0.85,0.11,swissmetro,0.77,Swissmetro,2
936,105,0.19,0.67,0.14,swissmetro,0.52,Swissmetro,2
937,105,0.2,0.62,0.18,swissmetro,0.44,Swissmetro,2
938,105,0.15,0.83,0.02,swissmetro,0.75,Swissmetro,2
939,105,0.3,0.41,0.29,swissmetro,0.12,Car,3
940,105,0.18,0.5,0.32,swissmetro,0.26,Swissmetro,2
941,105,0.16,0.45,0.39,swissmetro,0.18,Car,3
942,105,0.1,0.49,0.41,swissmetro,0.25,Swissmetro,2
943,105,0.08,0.56,0.36,swissmetro,0.34,Car,3
944,105,0.16,0.34,0.5,car,0.24,Car,3
945,106,0.21,0.66,0.13,swissmetro,0.48,Swissmetro,2
946,106,0.12,0.82,0.06,swissmetro,0.73,Swissmetro,2
947,106,0.1,0.36,0.54,car,0.31,Swissmetro,2
948,106,0.17,0.79,0.04,swissmetro,0.69,Swissmetro,2
949,106,0.15,0.5,0.35,swissmetro,0.25,Swissmetro,2
950,106,0.14,0.79,0.07,swissmetro,0.68,Swissmetro,2
951,106,0.11,0.73,0.16,swissmetro,0.59,Swissmetro,2
952,106,0.18,0.76,0.06,swissmetro,0.64,Swissmetro,2
953,106,0.18,0.51,0.31,swissmetro,0.26,Swissmetro,2
954,107,0.29,0.7,0.01,swissmetro,0.54,Swissmetro,2
955,107,0.15,0.84,0.01,swissmetro,0.76,Swissmetro,2
956,107,0.21,0.78,0.01,swissmetro,0.67,Swissmetro,2
957,107,0.16,0.81,0.03,swissmetro,0.72,Swissmetro,2
958,107,0.18,0.8,0.02,swissmetro,0.69,Swissmetro,2
959,107,0.12,0.86,0.02,swissmetro,0.78,Swissmetro,2
960,107,0.23,0.67,0.1,swissmetro,0.51,Swissmetro,2
961,107,0.12,0.87,0.01,swissmetro,0.8,Swissmetro,2
962,107,0.32,0.66,0.02,swissmetro,0.49,Swissmetro,2
963,108,0.01,0.99,0.0,swissmetro,0.99,Swissmetro,2
964,108,0.21,0.79,0.0,swissmetro,0.57,Swissmetro,2
965,108,0.04,0.96,0.0,swissmetro,0.92,Swissmetro,2
966,108,0.04,0.96,0.0,swissmetro,0.92,Swissmetro,2
967,108,0.09,0.91,0.0,swissmetro,0.81,Swissmetro,2
968,108,0.04,0.96,0.0,swissmetro,0.93,Swissmetro,2
969,108,0.09,0.91,0.0,swissmetro,0.82,Swissmetro,2
970,108,0.05,0.95,0.0,swissmetro,0.89,Swissmetro,2
971,108,0.49,0.51,0.0,swissmetro,0.01,Swissmetro,2
972,109,0.15,0.85,0.0,swissmetro,0.7,Swissmetro,2
973,109,0.04,0.96,0.0,swissmetro,0.91,Swissmetro,2
974,109,0.17,0.83,0.0,swissmetro,0.66,Swissmetro,2
975,109,0.21,0.79,0.0,swissmetro,0.58,Swissmetro,2
976,109,0.2,0.8,0.0,swissmetro,0.61,Swissmetro,2
977,109,0.11,0.89,0.0,swissmetro,0.77,Swissmetro,2
978,109,0.12,0.88,0.0,swissmetro,0.76,Swissmetro,2
979,109,0.22,0.78,0.0,swissmetro,0.57,Train,1
980,109,0.29,0.71,0.0,swissmetro,0.42,Swissmetro,2
981,110,0.04,0.96,0.0,swissmetro,0.93,Swissmetro,2
982,110,0.02,0.98,0.0,swissmetro,0.96,Swissmetro,2
983,110,0.18,0.82,0.0,swissmetro,0.64,Swissmetro,2
984,110,0.21,0.79,0.0,swissmetro,0.57,Swissmetro,2
985,110,0.11,0.89,0.0,swissmetro,0.79,Swissmetro,2
986,110,0.06,0.94,0.0,swissmetro,0.88,Swissmetro,2
987,110,0.09,0.91,0.0,swissmetro,0.82,Swissmetro,2
988,110,0.45,0.55,0.0,swissmetro,0.11,Swissmetro,2
989,110,0.07,0.93,0.0,swissmetro,0.86,Swissmetro,2
990,111,0.63,0.27,0.1,train,0.45,Swissmetro,2
991,111,0.71,0.28,0.01,train,0.57,Swissmetro,2
992,111,0.67,0.31,0.02,train,0.51,Swissmetro,2
993,111,0.27,0.68,0.05,swissmetro,0.52,Swissmetro,2
994,111,0.15,0.83,0.02,swissmetro,0.74,Train,1
995,111,0.28,0.68,0.04,swissmetro,0.52,Swissmetro,2
996,111,0.15,0.61,0.24,swissmetro,0.41,Car,3
997,111,0.39,0.56,0.05,swissmetro,0.34,Swissmetro,2
998,111,0.48,0.43,0.09,train,0.21,Swissmetro,2
999,112,0.02,0.73,0.25,swissmetro,0.59,Swissmetro,2
1000,112,0.14,0.8,0.06,swissmetro,0.69,Swissmetro,2
1001,112,0.15,0.79,0.06,swissmetro,0.69,Swissmetro,2
1002,112,0.06,0.71,0.23,swissmetro,0.57,Swissmetro,2
1003,112,0.06,0.85,0.09,swissmetro,0.77,Train,1
1004,112,0.03,0.95,0.02,swissmetro,0.92,Swissmetro,2
1005,112,0.03,0.8,0.17,swissmetro,0.69,Swissmetro,2
1006,112,0.02,0.88,0.1,swissmetro,0.81,Swissmetro,2
1007,112,0.06,0.87,0.07,swissmetro,0.81,Swissmetro,2
1008,113,0.45,0.55,0.0,swissmetro,0.1,Swissmetro,2
1009,113,0.82,0.18,0.0,train,0.64,Swissmetro,2
1010,113,0.46,0.54,0.0,swissmetro,0.08,Swissmetro,2
1011,113,0.29,0.71,0.0,swissmetro,0.42,Swissmetro,2
1012,113,0.56,0.44,0.0,train,0.12,Swissmetro,2
1013,113,0.46,0.54,0.0,swissmetro,0.07,Train,1
1014,113,0.56,0.44,0.0,train,0.11,Train,1
1015,113,0.6,0.4,0.0,train,0.19,Swissmetro,2
1016,113,0.75,0.25,0.0,train,0.5,Train,1
1017,114,0.18,0.82,0.0,swissmetro,0.63,Swissmetro,2
1018,114,0.06,0.94,0.0,swissmetro,0.88,Train,1
1019,114,0.21,0.79,0.0,swissmetro,0.58,Train,1
1020,114,0.29,0.71,0.0,swissmetro,0.43,Train,1
1021,114,0.21,0.79,0.0,swissmetro,0.58,Swissmetro,2
1022,114,0.07,0.93,0.0,swissmetro,0.86,Swissmetro,2
1023,114,0.1,0.9,0.0,swissmetro,0.81,Swissmetro,2
1024,114,0.08,0.92,0.0,swissmetro,0.84,Swissmetro,2
1025,114,0.2,0.8,0.0,swissmetro,0.6,Train,1
1026,115,0.07,0.93,0.0,swissmetro,0.88,Swissmetro,2
1027,115,0.08,0.91,0.01,swissmetro,0.88,Swissmetro,2
1028,115,0.17,0.83,0.0,swissmetro,0.74,Swissmetro,2
1029,115,0.21,0.72,0.07,swissmetro,0.58,Swissmetro,2
1030,115,0.13,0.87,0.0,swissmetro,0.8,Swissmetro,2
1031,115,0.11,0.88,0.01,swissmetro,0.83,Swissmetro,2
1032,115,0.14,0.81,0.05,swissmetro,0.71,Swissmetro,2
1033,115,0.05,0.92,0.03,swissmetro,0.88,Swissmetro,2
1034,115,0.24,0.76,0.0,swissmetro,0.63,Swissmetro,2
1035,116,0.07,0.93,0.0,swissmetro,0.85,Swissmetro,2
1036,116,0.1,0.9,0.0,swissmetro,0.8,Swissmetro,2
1037,116,0.04,0.96,0.0,swissmetro,0.92,Swissmetro,2
1038,116,0.04,0.96,0.0,swissmetro,0.93,Swissmetro,2
1039,116,0.03,0.97,0.0,swissmetro,0.94,Swissmetro,2
1040,116,0.28,0.72,0.0,swissmetro,0.44,Train,1
1041,116,0.13,0.87,0.0,swissmetro,0.74,Swissmetro,2
1042,116,0.1,0.9,0.0,swissmetro,0.79,Swissmetro,2
1043,116,0.31,0.69,0.0,swissmetro,0.38,Swissmetro,2
1044,117,0.06,0.86,0.08,swissmetro,0.8,Swissmetro,2
1045,117,0.05,0.93,0.02,swissmetro,0.9,Swissmetro,2
1046,117,0.16,0.81,0.03,swissmetro,0.72,Swissmetro,2
1047,117,0.11,0.36,0.53,car,0.3,Swissmetro,2
1048,117,0.04,0.88,0.08,swissmetro,0.83,Swissmetro,2
1049,117,0.07,0.61,0.32,swissmetro,0.42,Swissmetro,2
1050,117,0.06,0.64,0.3,swissmetro,0.46,Swissmetro,2
1051,117,0.03,0.47,0.5,car,0.25,Swissmetro,2
1052,117,0.13,0.58,0.29,swissmetro,0.37,Swissmetro,2
1053,118,0.07,0.93,0.0,swissmetro,0.87,Swissmetro,2
1054,118,0.05,0.95,0.0,swissmetro,0.91,Swissmetro,2
1055,118,0.09,0.91,0.0,swissmetro,0.82,Swissmetro,2
1056,118,0.13,0.87,0.0,swissmetro,0.74,Train,1
1057,118,0.15,0.85,0.0,swissmetro,0.7,Swissmetro,2
1058,118,0.05,0.95,0.0,swissmetro,0.9,Swissmetro,2
1059,118,0.08,0.92,0.0,swissmetro,0.85,Swissmetro,2
1060,118,0.27,0.73,0.0,swissmetro,0.46,Swissmetro,2
1061,118,0.02,0.98,0.0,swissmetro,0.96,Swissmetro,2
1062,119,0.09,0.66,0.25,swissmetro,0.49,Swissmetro,2
1063,119,0.07,0.74,0.19,swissmetro,0.61,Swissmetro,2
1064,119,0.09,0.7,0.21,swissmetro,0.54,Train,1
1065,119,0.03,0.49,0.48,car,0.23,Train,1
1066,119,0.02,0.76,0.22,swissmetro,0.63,Train,1
1067,119,0.05,0.72,0.23,swissmetro,0.58,Car,3
1068,119,0.03,0.58,0.39,swissmetro,0.37,Car,3
1069,119,0.04,0.39,0.57,car,0.36,Car,3
1070,119,0.05,0.75,0.2,swissmetro,0.63,Swissmetro,2
1071,120,0.08,0.91,0.01,swissmetro,0.87,Swissmetro,2
1072,120,0.12,0.85,0.03,swissmetro,0.77,Swissmetro,2
1073,120,0.05,0.95,0.0,swissmetro,0.92,Swissmetro,2
1074,120,0.19,0.48,0.33,swissmetro,0.22,Swissmetro,2
1075,120,0.17,0.82,0.01,swissmetro,0.73,Swissmetro,2
1076,120,0.06,0.86,0.08,swissmetro,0.79,Swissmetro,2
1077,120,0.04,0.9,0.06,swissmetro,0.86,Swissmetro,2
1078,120,0.05,0.88,0.07,swissmetro,0.81,Swissmetro,2
1079,120,0.22,0.75,0.03,swissmetro,0.62,Swissmetro,2
1080,121,0.23,0.75,0.02,swissmetro,0.62,Swissmetro,2
1081,121,0.25,0.68,0.07,swissmetro,0.52,Swissmetro,2
1082,121,0.16,0.83,0.01,swissmetro,0.75,Swissmetro,2
1083,121,0.13,0.44,0.43,swissmetro,0.16,Swissmetro,2
1084,121,0.11,0.82,0.07,swissmetro,0.73,Swissmetro,2
1085,121,0.1,0.72,0.18,swissmetro,0.57,Swissmetro,2
1086,121,0.12,0.76,0.12,swissmetro,0.64,Swissmetro,2
1087,121,0.04,0.82,0.14,swissmetro,0.74,Swissmetro,2
1088,121,0.26,0.48,0.26,swissmetro,0.22,Swissmetro,2
1089,122,0.1,0.59,0.31,swissmetro,0.4,Swissmetro,2
1090,122,0.12,0.79,0.09,swissmetro,0.69,Swissmetro,2
1091,122,0.08,0.74,0.18,swissmetro,0.61,Swissmetro,2
1092,122,0.09,0.56,0.34,swissmetro,0.35,Swissmetro,2
1093,122,0.08,0.81,0.11,swissmetro,0.72,Swissmetro,2
1094,122,0.05,0.75,0.2,swissmetro,0.63,Swissmetro,2
1095,122,0.05,0.79,0.16,swissmetro,0.68,Swissmetro,2
1096,122,0.03,0.73,0.24,swissmetro,0.59,Swissmetro,2
1097,122,0.03,0.83,0.14,swissmetro,0.74,Swissmetro,2
1098,123,0.51,0.49,0.0,train,0.02,Swissmetro,2
1099,123,0.5,0.5,0.0,swissmetro,0.0,Train,1
1100,123,0.74,0.26,0.0,train,0.49,Train,1
1101,123,0.32,0.68,0.0,swissmetro,0.37,Train,1
1102,123,0.31,0.69,0.0,swissmetro,0.38,Train,1
1103,123,0.18,0.82,0.0,swissmetro,0.64,Train,1
1104,123,0.27,0.73,0.0,swissmetro,0.47,Swissmetro,2
1105,123,0.24,0.76,0.0,swissmetro,0.53,Train,1
1106,123,0.36,0.64,0.0,swissmetro,0.28,Train,1
1107,124,0.11,0.89,0.0,swissmetro,0.79,Swissmetro,2
1108,124,0.04,0.96,0.0,swissmetro,0.91,Swissmetro,2
1109,124,0.18,0.82,0.0,swissmetro,0.63,Train,1
1110,124,0.27,0.73,0.0,swissmetro,0.47,Train,1
1111,124,0.23,0.77,0.0,swissmetro,0.54,Swissmetro,2
1112,124,0.2,0.8,0.0,swissmetro,0.6,Train,1
1113,124,0.12,0.88,0.0,swissmetro,0.75,Train,1
1114,124,0.34,0.66,0.0,swissmetro,0.31,Swissmetro,2
1115,124,0.13,0.87,0.0,swissmetro,0.73,Swissmetro,2
1116,125,0.07,0.44,0.49,car,0.23,Swissmetro,2
1117,125,0.07,0.81,0.11,swissmetro,0.72,Swissmetro,2
1118,125,0.04,0.28,0.68,car,0.52,Swissmetro,2
1119,125,0.12,0.2,0.6799999999999999,car,0.53,Train,1
1120,125,0.19,0.39,0.42,car,0.13,Swissmetro,2
1121,125,0.06,0.19,0.75,car,0.62,Train,1
1122,125,0.04,0.12,0.84,car,0.76,Train,1
1123,125,0.12,0.43,0.45,car,0.18,Train,1
1124,125,0.02,0.6,0.38,swissmetro,0.39,Train,1
1125,126,0.05,0.95,0.0,swissmetro,0.93,Swissmetro,2
1126,126,0.06,0.94,0.0,swissmetro,0.91,Swissmetro,2
1127,126,0.1,0.9,0.0,swissmetro,0.85,Train,1
1128,126,0.05,0.95,0.0,swissmetro,0.92,Train,1
1129,126,0.1,0.89,0.01,swissmetro,0.85,Swissmetro,2
1130,126,0.07,0.93,0.0,swissmetro,0.9,Swissmetro,2
1131,126,0.14,0.86,0.0,swissmetro,0.78,Swissmetro,2
1132,126,0.09,0.91,0.0,swissmetro,0.87,Swissmetro,2
1133,126,0.09,0.91,0.0,swissmetro,0.86,Swissmetro,2
1134,127,0.46,0.23,0.31,train,0.19,Swissmetro,2
1135,127,0.25,0.3,0.45,car,0.17,Swissmetro,2
1136,127,0.22,0.58,0.2,swissmetro,0.37,Swissmetro,2
1137,127,0.22,0.14,0.64,car,0.46,Swissmetro,2
1138,127,0.27,0.38,0.35,swissmetro,0.08,Swissmetro,2
1139,127,0.25,0.32,0.43,car,0.15,Swissmetro,2
1140,127,0.27,0.07,0.66,car,0.49,Swissmetro,2
1141,127,0.18,0.26,0.56,car,0.34,Swissmetro,2
1142,127,0.38,0.14,0.48,car,0.23,Swissmetro,2
1143,128,0.05,0.95,0.0,swissmetro,0.89,Swissmetro,2
1144,128,0.03,0.97,0.0,swissmetro,0.93,Swissmetro,2
1145,128,0.08,0.92,0.0,swissmetro,0.84,Train,1
1146,128,0.07,0.93,0.0,swissmetro,0.86,Train,1
1147,128,0.06,0.94,0.0,swissmetro,0.88,Swissmetro,2
1148,128,0.05,0.95,0.0,swissmetro,0.91,Swissmetro,2
1149,128,0.07,0.93,0.0,swissmetro,0.87,Swissmetro,2
1150,128,0.1,0.9,0.0,swissmetro,0.8,Swissmetro,2
1151,128,0.05,0.95,0.0,swissmetro,0.91,Swissmetro,2
1152,129,0.01,0.94,0.05,swissmetro,0.91,Swissmetro,2
1153,129,0.09,0.81,0.1,swissmetro,0.72,Swissmetro,2
1154,129,0.04,0.72,0.24,swissmetro,0.59,Car,3
1155,129,0.02,0.94,0.04,swissmetro,0.9,Swissmetro,2
1156,129,0.04,0.89,0.07,swissmetro,0.84,Swissmetro,2
1157,129,0.05,0.91,0.04,swissmetro,0.87,Car,3
1158,129,0.03,0.92,0.05,swissmetro,0.88,Car,3
1159,129,0.03,0.92,0.05,swissmetro,0.89,Swissmetro,2
1160,129,0.3,0.5,0.2,swissmetro,0.25,Car,3
1161,130,0.07,0.8,0.13,swissmetro,0.71,Swissmetro,2
1162,130,0.02,0.97,0.01,swissmetro,0.95,Swissmetro,2
1163,130,0.11,0.76,0.13,swissmetro,0.65,Car,3
1164,130,0.11,0.68,0.21,swissmetro,0.52,Train,1
1165,130,0.06,0.86,0.08,swissmetro,0.79,Swissmetro,2
1166,130,0.05,0.84,0.11,swissmetro,0.77,Car,3
1167,130,0.06,0.84,0.1,swissmetro,0.76,Car,3
1168,130,0.19,0.68,0.13,swissmetro,0.53,Train,1
1169,130,0.03,0.92,0.05,swissmetro,0.88,Swissmetro,2
1170,131,0.04,0.96,0.0,swissmetro,0.92,Swissmetro,2
1171,131,0.09,0.91,0.0,swissmetro,0.83,Train,1
1172,131,0.15,0.85,0.0,swissmetro,0.71,Train,1
1173,131,0.05,0.95,0.0,swissmetro,0.9,Train,1
1174,131,0.11,0.89,0.0,swissmetro,0.78,Swissmetro,2
1175,131,0.09,0.91,0.0,swissmetro,0.82,Swissmetro,2
1176,131,0.06,0.94,0.0,swissmetro,0.88,Swissmetro,2
1177,131,0.12,0.88,0.0,swissmetro,0.77,Swissmetro,2
1178,131,0.25,0.75,0.0,swissmetro,0.49,Train,1
1179,132,0.08,0.86,0.06,swissmetro,0.79,Train,1
1180,132,0.26,0.27,0.47,car,0.21,Train,1
1181,132,0.07,0.92,0.01,swissmetro,0.89,Train,1
1182,132,0.23,0.42,0.35,swissmetro,0.13,Train,1
1183,132,0.15,0.79,0.06,swissmetro,0.69,Train,1
1184,132,0.05,0.85,0.1,swissmetro,0.78,Train,1
1185,132,0.06,0.82,0.12,swissmetro,0.73,Train,1
1186,132,0.09,0.8099999999999999,0.1,swissmetro,0.72,Train,1
1187,132,0.26,0.72,0.02,swissmetro,0.58,Train,1
1188,133,0.04,0.96,0.0,swissmetro,0.92,Swissmetro,2
1189,133,0.07,0.93,0.0,swissmetro,0.85,Train,1
1190,133,0.26,0.74,0.0,swissmetro,0.48,Train,1
1191,133,0.08,0.92,0.0,swissmetro,0.84,Train,1
1192,133,0.06,0.94,0.0,swissmetro,0.88,Swissmetro,2
1193,133,0.09,0.91,0.0,swissmetro,0.82,Swissmetro,2
1194,133,0.09,0.91,0.0,swissmetro,0.82,Swissmetro,2
1195,133,0.07,0.93,0.0,swissmetro,0.85,Swissmetro,2
1196,133,0.19,0.81,0.0,swissmetro,0.61,Train,1
1197,134,0.26,0.74,0.0,swissmetro,0.47,Swissmetro,2
1198,134,0.25,0.75,0.0,swissmetro,0.49,Train,1
1199,134,0.37,0.63,0.0,swissmetro,0.26,Train,1
1200,134,0.86,0.14,0.0,train,0.72,Train,1
1201,134,0.44,0.56,0.0,swissmetro,0.12,Train,1
1202,134,0.39,0.61,0.0,swissmetro,0.23,Train,1
1203,134,0.12,0.88,0.0,swissmetro,0.77,Swissmetro,2
1204,134,0.11,0.89,0.0,swissmetro,0.79,Swissmetro,2
1205,134,0.83,0.17,0.0,train,0.66,Train,1
1206,135,0.04,0.81,0.14,swissmetro,0.72,Swissmetro,2
1207,135,0.08,0.89,0.03,swissmetro,0.83,Swissmetro,2
1208,135,0.13,0.62,0.25,swissmetro,0.44,Swissmetro,2
1209,135,0.29,0.5,0.21,swissmetro,0.25,Train,1
1210,135,0.22,0.69,0.09,swissmetro,0.54,Swissmetro,2
1211,135,0.19,0.73,0.08,swissmetro,0.6,Swissmetro,2
1212,135,0.11,0.79,0.1,swissmetro,0.68,Car,3
1213,135,0.35,0.52,0.13,swissmetro,0.27,Swissmetro,2
1214,135,0.11,0.83,0.06,swissmetro,0.74,Swissmetro,2
1215,136,0.35,0.65,0.0,swissmetro,0.3,Swissmetro,2
1216,136,0.53,0.47,0.0,train,0.05,Train,1
1217,136,0.14,0.86,0.0,swissmetro,0.71,Swissmetro,2
1218,136,0.68,0.32,0.0,train,0.36,Train,1
1219,136,0.36,0.64,0.0,swissmetro,0.28,Train,1
1220,136,0.62,0.38,0.0,train,0.25,Train,1
1221,136,0.67,0.33,0.0,train,0.35,Train,1
1222,136,0.58,0.42,0.0,train,0.16,Train,1
1223,136,0.28,0.72,0.0,swissmetro,0.45,Train,1
1224,137,0.23,0.77,0.0,swissmetro,0.54,Swissmetro,2
1225,137,0.41,0.59,0.0,swissmetro,0.17,Swissmetro,2
1226,137,0.11,0.89,0.0,swissmetro,0.79,Swissmetro,2
1227,137,0.51,0.49,0.0,train,0.01,Train,1
1228,137,0.22,0.78,0.0,swissmetro,0.56,Swissmetro,2
1229,137,0.25,0.75,0.0,swissmetro,0.51,Swissmetro,2
1230,137,0.33,0.67,0.0,swissmetro,0.34,Train,1
1231,137,0.1,0.9,0.0,swissmetro,0.79,Swissmetro,2
1232,137,0.37,0.63,0.0,swissmetro,0.25,Swissmetro,2
1233,138,0.11,0.86,0.03,swissmetro,0.79,Swissmetro,2
1234,138,0.06,0.93,0.01,swissmetro,0.9,Swissmetro,2
1235,138,0.15,0.79,0.06,swissmetro,0.68,Swissmetro,2
1236,138,0.11,0.67,0.22,swissmetro,0.5,Swissmetro,2
1237,138,0.1,0.86,0.04,swissmetro,0.79,Swissmetro,2
1238,138,0.14,0.82,0.04,swissmetro,0.73,Swissmetro,2
1239,138,0.1,0.85,0.05,swissmetro,0.78,Swissmetro,2
1240,138,0.19,0.24,0.57,car,0.35,Swissmetro,2
1241,138,0.01,0.95,0.04,swissmetro,0.91,Swissmetro,2
1242,139,0.04,0.96,0.0,swissmetro,0.92,Swissmetro,2
1243,139,0.13,0.87,0.0,swissmetro,0.74,Swissmetro,2
1244,139,0.16,0.84,0.0,swissmetro,0.68,Train,1
1245,139,0.09,0.91,0.0,swissmetro,0.83,Swissmetro,2
1246,139,0.1,0.9,0.0,swissmetro,0.8,Swissmetro,2
1247,139,0.06,0.94,0.0,swissmetro,0.88,Swissmetro,2
1248,139,0.15,0.85,0.0,swissmetro,0.7,Swissmetro,2
1249,139,0.34,0.66,0.0,swissmetro,0.31,Train,1
1250,139,0.1,0.9,0.0,swissmetro,0.81,Swissmetro,2
1251,140,0.11,0.86,0.03,swissmetro,0.8,Swissmetro,2
1252,140,0.29,0.56,0.15,swissmetro,0.33,Swissmetro,2
1253,140,0.06,0.9299999999999999,0.01,swissmetro,0.9,Swissmetro,2
1254,140,0.19,0.42,0.39,swissmetro,0.12,Train,1
1255,140,0.09,0.79,0.12,swissmetro,0.68,Swissmetro,2
1256,140,0.05,0.82,0.13,swissmetro,0.73,Car,3
1257,140,0.09,0.8,0.11,swissmetro,0.7,Car,3
1258,140,0.02,0.95,0.03,swissmetro,0.92,Swissmetro,2
1259,140,0.19,0.77,0.04,swissmetro,0.65,Train,1
1260,141,0.03,0.97,0.0,swissmetro,0.95,Train,1
1261,141,0.33,0.67,0.0,swissmetro,0.34,Swissmetro,2
1262,141,0.1,0.9,0.0,swissmetro,0.81,Swissmetro,2
1263,141,0.11,0.89,0.0,swissmetro,0.79,Train,1
1264,141,0.09,0.91,0.0,swissmetro,0.82,Swissmetro,2
1265,141,0.04,0.96,0.0,swissmetro,0.92,Train,1
1266,141,0.07,0.93,0.0,swissmetro,0.86,Train,1
1267,141,0.05,0.95,0.0,swissmetro,0.9,Swissmetro,2
1268,141,0.42,0.58,0.0,swissmetro,0.15,Train,1
1269,142,0.04,0.96,0.0,swissmetro,0.91,Swissmetro,2
1270,142,0.18,0.82,0.0,swissmetro,0.65,Train,1
1271,142,0.1,0.9,0.0,swissmetro,0.8,Train,1
1272,142,0.12,0.88,0.0,swissmetro,0.77,Train,1
1273,142,0.09,0.91,0.0,swissmetro,0.82,Train,1
1274,142,0.05,0.95,0.0,swissmetro,0.91,Train,1
1275,142,0.1,0.9,0.0,swissmetro,0.8,Swissmetro,2
1276,142,0.13,0.87,0.0,swissmetro,0.75,Train,1
1277,142,0.23,0.77,0.0,swissmetro,0.54,Train,1
1278,143,0.03,0.97,0.0,swissmetro,0.94,Swissmetro,2
1279,143,0.19,0.81,0.0,swissmetro,0.63,Swissmetro,2
1280,143,0.35,0.65,0.0,swissmetro,0.31,Swissmetro,2
1281,143,0.18,0.82,0.0,swissmetro,0.63,Swissmetro,2
1282,143,0.25,0.75,0.0,swissmetro,0.5,Swissmetro,2
1283,143,0.14,0.86,0.0,swissmetro,0.71,Swissmetro,2
1284,143,0.08,0.92,0.0,swissmetro,0.84,Swissmetro,2
1285,143,0.13,0.87,0.0,swissmetro,0.75,Swissmetro,2
1286,143,0.39,0.61,0.0,swissmetro,0.22,Train,1
1287,144,0.03,0.97,0.0,swissmetro,0.93,Swissmetro,2
1288,144,0.03,0.97,0.0,swissmetro,0.93,Swissmetro,2
1289,144,0.15,0.85,0.0,swissmetro,0.7,Swissmetro,2
1290,144,0.29,0.71,0.0,swissmetro,0.42,Swissmetro,2
1291,144,0.04,0.96,0.0,swissmetro,0.91,Swissmetro,2
1292,144,0.08,0.92,0.0,swissmetro,0.84,Swissmetro,2
1293,144,0.12,0.88,0.0,swissmetro,0.77,Train,1
1294,144,0.36,0.64,0.0,swissmetro,0.29,Train,1
1295,144,0.04,0.96,0.0,swissmetro,0.91,Swissmetro,2
1296,145,0.1,0.83,0.07,swissmetro,0.75,Train,1
1297,145,0.12,0.87,0.01,swissmetro,0.81,Swissmetro,2
1298,145,0.15,0.83,0.02,swissmetro,0.76,Train,1
1299,145,0.25,0.73,0.02,swissmetro,0.59,Train,1
1300,145,0.23,0.55,0.22,swissmetro,0.32,Swissmetro,2
1301,145,0.08,0.75,0.17,swissmetro,0.62,Swissmetro,2
1302,145,0.02,0.86,0.12,swissmetro,0.78,Swissmetro,2
1303,145,0.04,0.86,0.1,swissmetro,0.8,Train,1
1304,145,0.19,0.65,0.16,swissmetro,0.46,Train,1
1305,146,0.05,0.95,0.0,swissmetro,0.91,Swissmetro,2
1306,146,0.03,0.97,0.0,swissmetro,0.94,Swissmetro,2
1307,146,0.23,0.77,0.0,swissmetro,0.55,Swissmetro,2
1308,146,0.43,0.57,0.0,swissmetro,0.13,Train,1
1309,146,0.16,0.84,0.0,swissmetro,0.68,Swissmetro,2
1310,146,0.16,0.84,0.0,swissmetro,0.67,Train,1
1311,146,0.14,0.86,0.0,swissmetro,0.73,Swissmetro,2
1312,146,0.19,0.81,0.0,swissmetro,0.62,Train,1
1313,146,0.03,0.97,0.0,swissmetro,0.94,Swissmetro,2
1314,147,0.05,0.95,0.0,swissmetro,0.91,Swissmetro,2
1315,147,0.04,0.96,0.0,swissmetro,0.92,Train,1
1316,147,0.14,0.86,0.0,swissmetro,0.72,Train,1
1317,147,0.35,0.65,0.0,swissmetro,0.3,Train,1
1318,147,0.13,0.87,0.0,swissmetro,0.73,Train,1
1319,147,0.22,0.78,0.0,swissmetro,0.55,Train,1
1320,147,0.42,0.58,0.0,swissmetro,0.15,Train,1
1321,147,0.37,0.63,0.0,swissmetro,0.27,Train,1
1322,147,0.1,0.9,0.0,swissmetro,0.81,Train,1
1323,148,0.01,0.91,0.08,swissmetro,0.86,Swissmetro,2
1324,148,0.09,0.87,0.04,swissmetro,0.81,Swissmetro,2
1325,148,0.07,0.75,0.18,swissmetro,0.61,Swissmetro,2
1326,148,0.06,0.9,0.04,swissmetro,0.85,Train,1
1327,148,0.06,0.88,0.06,swissmetro,0.81,Swissmetro,2
1328,148,0.05,0.85,0.1,swissmetro,0.77,Swissmetro,2
1329,148,0.03,0.84,0.13,swissmetro,0.77,Train,1
1330,148,0.05,0.91,0.04,swissmetro,0.86,Train,1
1331,148,0.11,0.66,0.23,swissmetro,0.49,Train,1
1332,149,0.16,0.75,0.09,swissmetro,0.63,Train,1
1333,149,0.21,0.74,0.05,swissmetro,0.6,Train,1
1334,149,0.09,0.83,0.08,swissmetro,0.75,Swissmetro,2
1335,149,0.24,0.39,0.37,swissmetro,0.09,Train,1
1336,149,0.15,0.7,0.15,swissmetro,0.55,Swissmetro,2
1337,149,0.05,0.77,0.18,swissmetro,0.66,Swissmetro,2
1338,149,0.11,0.74,0.15,swissmetro,0.61,Train,1
1339,149,0.27,0.51,0.22,swissmetro,0.28,Train,1
1340,149,0.14,0.48,0.38,swissmetro,0.22,Swissmetro,2
1341,150,0.02,0.98,0.0,swissmetro,0.97,Swissmetro,2
1342,150,0.02,0.98,0.0,swissmetro,0.97,Swissmetro,2
1343,150,0.07,0.92,0.01,swissmetro,0.87,Swissmetro,2
1344,150,0.08,0.76,0.16,swissmetro,0.64,Train,1
1345,150,0.03,0.96,0.01,swissmetro,0.93,Train,1
1346,150,0.03,0.96,0.01,swissmetro,0.94,Car,3
1347,150,0.04,0.9299999999999999,0.03,swissmetro,0.9,Swissmetro,2
1348,150,0.19,0.8,0.01,swissmetro,0.7,Swissmetro,2
1349,150,0.02,0.97,0.01,swissmetro,0.96,Car,3
1350,151,0.04,0.83,0.13,swissmetro,0.75,Swissmetro,2
1351,151,0.09,0.54,0.37,swissmetro,0.3,Train,1
1352,151,0.07,0.87,0.06,swissmetro,0.8,Swissmetro,2
1353,151,0.12,0.26,0.62,car,0.44,Train,1
1354,151,0.05,0.83,0.12,swissmetro,0.75,Swissmetro,2
1355,151,0.05,0.75,0.2,swissmetro,0.61,Swissmetro,2
1356,151,0.09,0.74,0.17,swissmetro,0.61,Swissmetro,2
1357,151,0.02,0.85,0.13,swissmetro,0.77,Swissmetro,2
1358,151,0.24,0.55,0.21,swissmetro,0.33,Train,1
1359,152,0.05,0.85,0.1,swissmetro,0.77,Swissmetro,2
1360,152,0.15,0.3,0.55,car,0.33,Train,1
1361,152,0.17,0.6,0.23,swissmetro,0.4,Train,1
1362,152,0.07,0.85,0.08,swissmetro,0.78,Train,1
1363,152,0.1,0.64,0.26,swissmetro,0.46,Train,1
1364,152,0.13,0.59,0.28,swissmetro,0.39,Swissmetro,2
1365,152,0.11,0.81,0.08,swissmetro,0.71,Train,1
1366,152,0.13,0.6,0.27,swissmetro,0.4,Train,1
1367,152,0.05,0.88,0.07,swissmetro,0.83,Train,1
1368,153,0.01,0.99,0.0,swissmetro,0.98,Swissmetro,2
1369,153,0.01,0.99,0.0,swissmetro,0.98,Swissmetro,2
1370,153,0.02,0.91,0.07,swissmetro,0.87,Swissmetro,2
1371,153,0.04,0.78,0.18,swissmetro,0.68,Swissmetro,2
1372,153,0.02,0.94,0.04,swissmetro,0.91,Swissmetro,2
1373,153,0.01,0.94,0.05,swissmetro,0.9,Swissmetro,2
1374,153,0.04,0.88,0.08,swissmetro,0.82,Swissmetro,2
1375,153,0.05,0.89,0.06,swissmetro,0.84,Swissmetro,2
1376,153,0.01,0.95,0.04,swissmetro,0.94,Swissmetro,2
1377,154,0.08,0.8,0.12,swissmetro,0.7,Swissmetro,2
1378,154,0.19,0.77,0.04,swissmetro,0.66,Swissmetro,2
1379,154,0.15,0.83,0.02,swissmetro,0.75,Swissmetro,2
1380,154,0.21,0.19,0.6,car,0.4,Swissmetro,2
1381,154,0.17,0.77,0.06,swissmetro,0.66,Swissmetro,2
1382,154,0.05,0.73,0.22,swissmetro,0.6,Swissmetro,2
1383,154,0.1,0.77,0.13,swissmetro,0.66,Swissmetro,2
1384,154,0.33,0.38,0.29,swissmetro,0.06,Swissmetro,2
1385,154,0.06,0.7,0.24,swissmetro,0.54,Swissmetro,2
1386,155,0.05,0.94,0.01,swissmetro,0.91,Swissmetro,2
1387,155,0.07,0.85,0.08,swissmetro,0.78,Swissmetro,2
1388,155,0.15,0.84,0.01,swissmetro,0.76,Swissmetro,2
1389,155,0.08,0.91,0.01,swissmetro,0.86,Train,1
1390,155,0.11,0.85,0.04,swissmetro,0.78,Swissmetro,2
1391,155,0.06,0.91,0.03,swissmetro,0.87,Swissmetro,2
1392,155,0.1,0.88,0.02,swissmetro,0.81,Train,1
1393,155,0.15,0.82,0.03,swissmetro,0.73,Train,1
1394,155,0.17,0.81,0.02,swissmetro,0.71,Swissmetro,2
1395,156,0.06,0.93,0.01,swissmetro,0.9,Swissmetro,2
1396,156,0.08,0.92,0.0,swissmetro,0.88,Swissmetro,2
1397,156,0.15,0.8,0.05,swissmetro,0.7,Swissmetro,2
1398,156,0.41,0.52,0.07,swissmetro,0.27,Swissmetro,2
1399,156,0.1,0.86,0.04,swissmetro,0.8,Swissmetro,2
1400,156,0.14,0.22,0.64,car,0.45,Swissmetro,2
1401,156,0.19,0.21,0.6,car,0.4,Swissmetro,2
1402,156,0.26,0.5,0.24,swissmetro,0.26,Swissmetro,2
1403,156,0.03,0.82,0.15,swissmetro,0.73,Swissmetro,2
1404,157,0.02,0.98,0.0,swissmetro,0.95,Swissmetro,2
1405,157,0.13,0.87,0.0,swissmetro,0.75,Swissmetro,2
1406,157,0.26,0.74,0.0,swissmetro,0.49,Swissmetro,2
1407,157,0.08,0.92,0.0,swissmetro,0.85,Swissmetro,2
1408,157,0.11,0.89,0.0,swissmetro,0.78,Swissmetro,2
1409,157,0.19,0.81,0.0,swissmetro,0.63,Swissmetro,2
1410,157,0.1,0.9,0.0,swissmetro,0.8,Swissmetro,2
1411,157,0.39,0.61,0.0,swissmetro,0.21,Swissmetro,2
1412,157,0.16,0.84,0.0,swissmetro,0.68,Swissmetro,2
1413,158,0.18,0.82,0.0,swissmetro,0.65,Swissmetro,2
1414,158,0.42,0.58,0.0,swissmetro,0.17,Swissmetro,2
1415,158,0.09,0.91,0.0,swissmetro,0.81,Swissmetro,2
1416,158,0.64,0.36,0.0,train,0.27,Train,1
1417,158,0.13,0.87,0.0,swissmetro,0.75,Train,1
1418,158,0.1,0.9,0.0,swissmetro,0.79,Train,1
1419,158,0.19,0.81,0.0,swissmetro,0.63,Train,1
1420,158,0.25,0.75,0.0,swissmetro,0.49,Swissmetro,2
1421,158,0.53,0.47,0.0,train,0.05,Swissmetro,2
1422,159,0.45,0.55,0.0,swissmetro,0.1,Swissmetro,2
1423,159,0.2,0.8,0.0,swissmetro,0.6,Train,1
1424,159,0.34,0.66,0.0,swissmetro,0.32,Train,1
1425,159,0.25,0.75,0.0,swissmetro,0.51,Train,1
1426,159,0.13,0.87,0.0,swissmetro,0.74,Swissmetro,2
1427,159,0.12,0.88,0.0,swissmetro,0.75,Train,1
1428,159,0.1,0.9,0.0,swissmetro,0.8,Swissmetro,2
1429,159,0.21,0.79,0.0,swissmetro,0.57,Swissmetro,2
1430,159,0.34,0.66,0.0,swissmetro,0.33,Train,1
1431,160,0.04,0.96,0.0,swissmetro,0.92,Swissmetro,2
1432,160,0.13,0.87,0.0,swissmetro,0.75,Swissmetro,2
1433,160,0.06,0.94,0.0,swissmetro,0.87,Swissmetro,2
1434,160,0.07,0.93,0.0,swissmetro,0.85,Swissmetro,2
1435,160,0.12,0.88,0.0,swissmetro,0.76,Swissmetro,2
1436,160,0.11,0.89,0.0,swissmetro,0.77,Swissmetro,2
1437,160,0.06,0.94,0.0,swissmetro,0.89,Swissmetro,2
1438,160,0.14,0.86,0.0,swissmetro,0.72,Swissmetro,2
1439,160,0.29,0.71,0.0,swissmetro,0.43,Train,1
1440,161,0.03,0.97,0.0,swissmetro,0.93,Swissmetro,2
1441,161,0.48,0.52,0.0,swissmetro,0.05,Train,1
1442,161,0.24,0.76,0.0,swissmetro,0.51,Swissmetro,2
1443,161,0.12,0.88,0.0,swissmetro,0.76,Train,1
1444,161,0.17,0.83,0.0,swissmetro,0.66,Swissmetro,2
1445,161,0.14,0.86,0.0,swissmetro,0.72,Train,1
1446,161,0.13,0.87,0.0,swissmetro,0.74,Train,1
1447,161,0.5,0.5,0.0,swissmetro,0.0,Train,1
1448,161,0.14,0.86,0.0,swissmetro,0.71,Swissmetro,2
1449,162,0.05,0.9299999999999999,0.02,swissmetro,0.9,Train,1
1450,162,0.16,0.83,0.01,swissmetro,0.76,Swissmetro,2
1451,162,0.27,0.72,0.01,swissmetro,0.59,Train,1
1452,162,0.14,0.82,0.04,swissmetro,0.72,Swissmetro,2
1453,162,0.11,0.88,0.01,swissmetro,0.83,Swissmetro,2
1454,162,0.13,0.85,0.02,swissmetro,0.78,Swissmetro,2
1455,162,0.04,0.91,0.05,swissmetro,0.85,Swissmetro,2
1456,162,0.04,0.94,0.02,swissmetro,0.9,Swissmetro,2
1457,162,0.2,0.74,0.06,swissmetro,0.61,Train,1
1458,163,0.13,0.87,0.0,swissmetro,0.73,Swissmetro,2
1459,163,0.06,0.94,0.0,swissmetro,0.88,Swissmetro,2
1460,163,0.4,0.6,0.0,swissmetro,0.19,Swissmetro,2
1461,163,0.41,0.59,0.0,swissmetro,0.17,Train,1
1462,163,0.16,0.84,0.0,swissmetro,0.67,Train,1
1463,163,0.06,0.94,0.0,swissmetro,0.88,Swissmetro,2
1464,163,0.07,0.93,0.0,swissmetro,0.87,Swissmetro,2
1465,163,0.36,0.64,0.0,swissmetro,0.28,Train,1
1466,163,0.06,0.94,0.0,swissmetro,0.88,Swissmetro,2
1467,164,0.37,0.63,0.0,swissmetro,0.27,Swissmetro,2
1468,164,0.23,0.77,0.0,swissmetro,0.53,Swissmetro,2
1469,164,0.12,0.88,0.0,swissmetro,0.77,Swissmetro,2
1470,164,0.09,0.91,0.0,swissmetro,0.82,Swissmetro,2
1471,164,0.08,0.92,0.0,swissmetro,0.83,Train,1
1472,164,0.19,0.81,0.0,swissmetro,0.61,Swissmetro,2
1473,164,0.05,0.95,0.0,swissmetro,0.9,Swissmetro,2
1474,164,0.21,0.79,0.0,swissmetro,0.59,Train,1
1475,164,0.28,0.72,0.0,swissmetro,0.45,Swissmetro,2
1476,165,0.02,0.98,0.0,swissmetro,0.96,Swissmetro,2
1477,165,0.09,0.91,0.0,swissmetro,0.82,Train,1
1478,165,0.09,0.91,0.0,swissmetro,0.82,Train,1
1479,165,0.06,0.94,0.0,swissmetro,0.88,Train,1
1480,165,0.51,0.49,0.0,train,0.01,Train,1
1481,165,0.34,0.66,0.0,swissmetro,0.32,Train,1
1482,165,0.15,0.85,0.0,swissmetro,0.7,Train,1
1483,165,0.31,0.69,0.0,swissmetro,0.38,Train,1
1484,165,0.59,0.41,0.0,train,0.18,Train,1
1485,166,0.05,0.89,0.06,swissmetro,0.83,Swissmetro,2
1486,166,0.17,0.67,0.16,swissmetro,0.51,Train,1
1487,166,0.17,0.78,0.05,swissmetro,0.66,Train,1
1488,166,0.13,0.84,0.03,swissmetro,0.76,Train,1
1489,166,0.13,0.73,0.14,swissmetro,0.59,Train,1
1490,166,0.07,0.87,0.06,swissmetro,0.8,Train,1
1491,166,0.05,0.87,0.08,swissmetro,0.81,Train,1
1492,166,0.17,0.63,0.2,swissmetro,0.45,Train,1
1493,166,0.07,0.9,0.03,swissmetro,0.86,Train,1
1494,167,0.27,0.73,0.0,swissmetro,0.45,Swissmetro,2
1495,167,0.06,0.94,0.0,swissmetro,0.87,Swissmetro,2
1496,167,0.21,0.79,0.0,swissmetro,0.57,Train,1
1497,167,0.4,0.6,0.0,swissmetro,0.19,Train,1
1498,167,0.34,0.66,0.0,swissmetro,0.32,Train,1
1499,167,0.2,0.8,0.0,swissmetro,0.6,Train,1
1500,167,0.6,0.4,0.0,train,0.2,Train,1
1501,167,0.76,0.24,0.0,train,0.52,Train,1
1502,167,0.35,0.65,0.0,swissmetro,0.3,Train,1
1503,168,0.53,0.47,0.0,train,0.06,Swissmetro,2
1504,168,0.72,0.28,0.0,train,0.43,Train,1
1505,168,0.33,0.67,0.0,swissmetro,0.33,Train,1
1506,168,0.4,0.6,0.0,swissmetro,0.2,Train,1
1507,168,0.3,0.7,0.0,swissmetro,0.41,Swissmetro,2
1508,168,0.11,0.89,0.0,swissmetro,0.79,Swissmetro,2
1509,168,0.28,0.72,0.0,swissmetro,0.44,Swissmetro,2
1510,168,0.35,0.65,0.0,swissmetro,0.31,Train,1
1511,168,0.24,0.76,0.0,swissmetro,0.53,Swissmetro,2
1512,169,0.04,0.72,0.24,swissmetro,0.59,Swissmetro,2
1513,169,0.1,0.5,0.4,swissmetro,0.25,Swissmetro,2
1514,169,0.16,0.48,0.36,swissmetro,0.23,Swissmetro,2
1515,169,0.06,0.83,0.11,swissmetro,0.74,Swissmetro,2
1516,169,0.08,0.71,0.21,swissmetro,0.56,Swissmetro,2
1517,169,0.04,0.8,0.16,swissmetro,0.71,Swissmetro,2
1518,169,0.1,0.66,0.24,swissmetro,0.5,Swissmetro,2
1519,169,0.19,0.47,0.34,swissmetro,0.2,Swissmetro,2
1520,169,0.07,0.22,0.71,car,0.57,Swissmetro,2
1521,170,0.14,0.55,0.31,swissmetro,0.33,Swissmetro,2
1522,170,0.29,0.52,0.19,swissmetro,0.28,Train,1
1523,170,0.04,0.95,0.01,swissmetro,0.93,Swissmetro,2
1524,170,0.29,0.42,0.29,swissmetro,0.12,Train,1
1525,170,0.19,0.71,0.1,swissmetro,0.56,Swissmetro,2
1526,170,0.08,0.79,0.13,swissmetro,0.68,Train,1
1527,170,0.14,0.72,0.14,swissmetro,0.58,Train,1
1528,170,0.11,0.8,0.09,swissmetro,0.7,Swissmetro,2
1529,170,0.22,0.73,0.05,swissmetro,0.59,Train,1
1530,171,0.06,0.66,0.28,swissmetro,0.49,Swissmetro,2
1531,171,0.11,0.32,0.57,car,0.36,Train,1
1532,171,0.06,0.9,0.04,swissmetro,0.85,Swissmetro,2
1533,171,0.09,0.18,0.73,car,0.6,Train,1
1534,171,0.21,0.42,0.37,swissmetro,0.14,Swissmetro,2
1535,171,0.06,0.65,0.29,swissmetro,0.47,Swissmetro,2
1536,171,0.09,0.53,0.38,swissmetro,0.3,Swissmetro,2
1537,171,0.03,0.43,0.54,car,0.31,Swissmetro,2
1538,171,0.19,0.42,0.39,swissmetro,0.12,Train,1
1539,172,0.18,0.82,0.0,swissmetro,0.65,Swissmetro,2
1540,172,0.59,0.41,0.0,train,0.19,Train,1
1541,172,0.15,0.85,0.0,swissmetro,0.71,Train,1
1542,172,0.21,0.79,0.0,swissmetro,0.58,Swissmetro,2
1543,172,0.26,0.74,0.0,swissmetro,0.48,Train,1
1544,172,0.16,0.84,0.0,swissmetro,0.67,Swissmetro,2
1545,172,0.05,0.95,0.0,swissmetro,0.9,Train,1
1546,172,0.07,0.93,0.0,swissmetro,0.87,Swissmetro,2
1547,172,0.06,0.94,0.0,swissmetro,0.87,Train,1
1548,173,0.14,0.86,0.0,swissmetro,0.72,Swissmetro,2
1549,173,0.07,0.93,0.0,swissmetro,0.86,Swissmetro,2
1550,173,0.07,0.93,0.0,swissmetro,0.86,Train,1
1551,173,0.14,0.86,0.0,swissmetro,0.73,Swissmetro,2
1552,173,0.05,0.95,0.0,swissmetro,0.89,Swissmetro,2
1553,173,0.12,0.88,0.0,swissmetro,0.75,Train,1
1554,173,0.18,0.82,0.0,swissmetro,0.64,Train,1
1555,173,0.03,0.97,0.0,swissmetro,0.93,Swissmetro,2
1556,173,0.06,0.94,0.0,swissmetro,0.88,Swissmetro,2
1557,174,0.02,0.86,0.12,swissmetro,0.79,Swissmetro,2
1558,174,0.15,0.68,0.17,swissmetro,0.52,Swissmetro,2
1559,174,0.18,0.78,0.04,swissmetro,0.68,Swissmetro,2
1560,174,0.1,0.15,0.75,car,0.63,Swissmetro,2
1561,174,0.05,0.18,0.77,car,0.66,Swissmetro,2
1562,174,0.09,0.29,0.62,car,0.43,Swissmetro,2
1563,174,0.2,0.64,0.16,swissmetro,0.47,Swissmetro,2
1564,174,0.18,0.14,0.68,car,0.52,Train,1
1565,174,0.29,0.36,0.35,swissmetro,0.03,Swissmetro,2
1566,175,0.12,0.88,0.0,swissmetro,0.75,Swissmetro,2
1567,175,0.2,0.8,0.0,swissmetro,0.59,Train,1
1568,175,0.12,0.88,0.0,swissmetro,0.76,Train,1
1569,175,0.2,0.8,0.0,swissmetro,0.61,Train,1
1570,175,0.08,0.92,0.0,swissmetro,0.83,Train,1
1571,175,0.06,0.94,0.0,swissmetro,0.88,Train,1
1572,175,0.16,0.84,0.0,swissmetro,0.67,Swissmetro,2
1573,175,0.2,0.8,0.0,swissmetro,0.6,Train,1
1574,175,0.09,0.91,0.0,swissmetro,0.82,Swissmetro,2
1575,176,0.24,0.15,0.61,car,0.43,Swissmetro,2
1576,176,0.35,0.26,0.39,car,0.09,Train,1
1577,176,0.3,0.29,0.41000000000000003,car,0.1,Train,1
1578,176,0.24,0.15,0.61,car,0.42,Train,1
1579,176,0.36,0.18,0.46,car,0.18,Train,1
1580,176,0.2,0.15,0.65,car,0.47,Train,1
1581,176,0.06,0.71,0.23,swissmetro,0.56,Swissmetro,2
1582,176,0.16,0.29,0.55,car,0.32,Swissmetro,2
1583,176,0.34,0.27,0.39,car,0.08,Train,1
1584,177,0.08,0.88,0.04,swissmetro,0.83,Swissmetro,2
1585,177,0.12,0.83,0.05,swissmetro,0.74,Swissmetro,2
1586,177,0.08,0.9,0.02,swissmetro,0.85,Swissmetro,2
1587,177,0.06,0.88,0.06,swissmetro,0.82,Swissmetro,2
1588,177,0.07,0.89,0.04,swissmetro,0.84,Swissmetro,2
1589,177,0.06,0.79,0.15,swissmetro,0.68,Swissmetro,2
1590,177,0.1,0.79,0.11,swissmetro,0.69,Swissmetro,2
1591,177,0.12,0.76,0.12,swissmetro,0.65,Swissmetro,2
1592,177,0.05,0.8,0.15,swissmetro,0.69,Swissmetro,2
1593,178,0.02,0.91,0.07,swissmetro,0.86,Swissmetro,2
1594,178,0.07,0.79,0.14,swissmetro,0.69,Swissmetro,2
1595,178,0.07,0.89,0.04,swissmetro,0.83,Swissmetro,2
1596,178,0.04,0.88,0.08,swissmetro,0.82,Swissmetro,2
1597,178,0.04,0.88,0.08,swissmetro,0.82,Swissmetro,2
1598,178,0.05,0.92,0.03,swissmetro,0.88,Swissmetro,2
1599,178,0.06,0.9,0.04,swissmetro,0.84,Swissmetro,2
1600,178,0.24,0.19,0.57,car,0.36,Swissmetro,2
1601,178,0.17,0.33,0.5,car,0.26,Swissmetro,2
1602,179,0.03,0.63,0.34,swissmetro,0.44,Swissmetro,2
1603,179,0.06,0.75,0.19,swissmetro,0.62,Train,1
1604,179,0.02,0.77,0.21,swissmetro,0.64,Swissmetro,2
1605,179,0.02,0.34,0.64,car,0.45,Swissmetro,2
1606,179,0.06,0.6,0.34,swissmetro,0.39,Swissmetro,2
1607,179,0.03,0.54,0.43,swissmetro,0.31,Swissmetro,2
1608,179,0.03,0.48,0.49,car,0.23,Swissmetro,2
1609,179,0.06,0.48,0.46,swissmetro,0.22,Swissmetro,2
1610,179,0.02,0.5,0.48,swissmetro,0.26,Swissmetro,2
1611,180,0.17,0.52,0.31,swissmetro,0.28,Swissmetro,2
1612,180,0.22,0.33,0.45,car,0.16,Swissmetro,2
1613,180,0.31,0.57,0.12,swissmetro,0.35,Swissmetro,2
1614,180,0.27,0.64,0.09,swissmetro,0.46,Swissmetro,2
1615,180,0.32,0.36,0.32,swissmetro,0.05,Swissmetro,2
1616,180,0.08,0.69,0.23,swissmetro,0.54,Swissmetro,2
1617,180,0.21,0.65,0.14,swissmetro,0.47,Swissmetro,2
1618,180,0.21,0.18,0.61,car,0.41,Train,1
1619,180,0.21,0.58,0.21,swissmetro,0.38,Swissmetro,2
1620,181,0.1,0.25,0.65,car,0.47,Swissmetro,2
1621,181,0.34,0.28,0.38,car,0.06,Swissmetro,2
1622,181,0.09,0.76,0.15,swissmetro,0.63,Swissmetro,2
1623,181,0.14,0.5,0.36,swissmetro,0.24,Swissmetro,2
1624,181,0.14,0.51,0.35,swissmetro,0.26,Swissmetro,2
1625,181,0.04,0.52,0.44,swissmetro,0.29,Swissmetro,2
1626,181,0.11,0.65,0.24,swissmetro,0.48,Swissmetro,2
1627,181,0.19,0.58,0.23,swissmetro,0.37,Swissmetro,2
1628,181,0.11,0.62,0.27,swissmetro,0.44,Swissmetro,2
1629,182,0.16,0.61,0.23,swissmetro,0.41,Swissmetro,2
1630,182,0.03,0.92,0.05,swissmetro,0.87,Swissmetro,2
1631,182,0.06,0.58,0.36,swissmetro,0.36,Car,3
1632,182,0.18,0.35,0.47,car,0.2,Car,3
1633,182,0.29,0.45,0.26,swissmetro,0.18,Swissmetro,2
1634,182,0.11,0.5599999999999999,0.33,swissmetro,0.35,Car,3
1635,182,0.09,0.6,0.31,swissmetro,0.41,Car,3
1636,182,0.24,0.51,0.25,swissmetro,0.26,Car,3
1637,182,0.03,0.73,0.24,swissmetro,0.59,Train,1
1638,183,0.06,0.8,0.14,swissmetro,0.7,Swissmetro,2
1639,183,0.07,0.87,0.06,swissmetro,0.8,Swissmetro,2
1640,183,0.16,0.31,0.53,car,0.29,Swissmetro,2
1641,183,0.22,0.38,0.4,car,0.1,Swissmetro,2
1642,183,0.12,0.63,0.25,swissmetro,0.45,Swissmetro,2
1643,183,0.04,0.7,0.26,swissmetro,0.55,Swissmetro,2
1644,183,0.13,0.63,0.24,swissmetro,0.44,Swissmetro,2
1645,183,0.2,0.5,0.3,swissmetro,0.26,Swissmetro,2
1646,183,0.08,0.58,0.34,swissmetro,0.38,Swissmetro,2
1647,184,0.36,0.64,0.0,swissmetro,0.29,Swissmetro,2
1648,184,0.25,0.75,0.0,swissmetro,0.5,Swissmetro,2
1649,184,0.2,0.8,0.0,swissmetro,0.61,Swissmetro,2
1650,184,0.39,0.61,0.0,swissmetro,0.21,Train,1
1651,184,0.18,0.82,0.0,swissmetro,0.63,Swissmetro,2
1652,184,0.29,0.71,0.0,swissmetro,0.42,Swissmetro,2
1653,184,0.33,0.67,0.0,swissmetro,0.35,Swissmetro,2
1654,184,0.38,0.62,0.0,swissmetro,0.25,Train,1
1655,184,0.16,0.84,0.0,swissmetro,0.69,Swissmetro,2
1656,185,0.14,0.85,0.01,swissmetro,0.77,Swissmetro,2
1657,185,0.13,0.83,0.04,swissmetro,0.75,Swissmetro,2
1658,185,0.09,0.91,0.0,swissmetro,0.87,Swissmetro,2
1659,185,0.24,0.73,0.03,swissmetro,0.6,Swissmetro,2
1660,185,0.21,0.75,0.04,swissmetro,0.63,Swissmetro,2
1661,185,0.1,0.43,0.47,car,0.2,Swissmetro,2
1662,185,0.19,0.43,0.38,swissmetro,0.14,Swissmetro,2
1663,185,0.07,0.81,0.12,swissmetro,0.71,Swissmetro,2
1664,185,0.16,0.73,0.11,swissmetro,0.59,Swissmetro,2
1665,186,0.24,0.76,0.0,swissmetro,0.52,Swissmetro,2
1666,186,0.23,0.77,0.0,swissmetro,0.53,Swissmetro,2
1667,186,0.48,0.52,0.0,swissmetro,0.04,Swissmetro,2
1668,186,0.3,0.7,0.0,swissmetro,0.4,Train,1
1669,186,0.13,0.87,0.0,swissmetro,0.73,Train,1
1670,186,0.18,0.82,0.0,swissmetro,0.64,Train,1
1671,186,0.3,0.7,0.0,swissmetro,0.4,Train,1
1672,186,0.15,0.85,0.0,swissmetro,0.69,Swissmetro,2
1673,186,0.2,0.8,0.0,swissmetro,0.6,Train,1
1674,187,0.02,0.97,0.01,swissmetro,0.96,Swissmetro,2
1675,187,0.13,0.85,0.02,swissmetro,0.78,Swissmetro,2
1676,187,0.03,0.4,0.57,car,0.35,Swissmetro,2
1677,187,0.09,0.89,0.02,swissmetro,0.84,Swissmetro,2
1678,187,0.1,0.71,0.19,swissmetro,0.58,Swissmetro,2
1679,187,0.12,0.85,0.03,swissmetro,0.78,Swissmetro,2
1680,187,0.22,0.77,0.01,swissmetro,0.66,Swissmetro,2
1681,187,0.37,0.62,0.01,swissmetro,0.44,Swissmetro,2
1682,187,0.27,0.66,0.07,swissmetro,0.48,Swissmetro,2
1683,188,0.02,0.98,0.0,swissmetro,0.96,Swissmetro,2
1684,188,0.04,0.96,0.0,swissmetro,0.92,Swissmetro,2
1685,188,0.03,0.97,0.0,swissmetro,0.94,Swissmetro,2
1686,188,0.02,0.98,0.0,swissmetro,0.95,Swissmetro,2
1687,188,0.02,0.98,0.0,swissmetro,0.96,Swissmetro,2
1688,188,0.06,0.94,0.0,swissmetro,0.88,Swissmetro,2
1689,188,0.06,0.94,0.0,swissmetro,0.88,Swissmetro,2
1690,188,0.09,0.91,0.0,swissmetro,0.82,Swissmetro,2
1691,188,0.07,0.93,0.0,swissmetro,0.87,Swissmetro,2
1692,189,0.14,0.56,0.3,swissmetro,0.34,Swissmetro,2
1693,189,0.16,0.52,0.32,swissmetro,0.28,Swissmetro,2
1694,189,0.09,0.51,0.4,swissmetro,0.27,Car,3
1695,189,0.16,0.76,0.08,swissmetro,0.65,Swissmetro,2
1696,189,0.11,0.66,0.23,swissmetro,0.5,Swissmetro,2
1697,189,0.09,0.69,0.22,swissmetro,0.54,Swissmetro,2
1698,189,0.07,0.68,0.25,swissmetro,0.52,Car,3
1699,189,0.12,0.8,0.08,swissmetro,0.69,Swissmetro,2
1700,189,0.38,0.46,0.16,swissmetro,0.19,Train,1
1701,190,0.03,0.77,0.2,swissmetro,0.65,Swissmetro,2
1702,190,0.04,0.83,0.13,swissmetro,0.75,Swissmetro,2
1703,190,0.03,0.55,0.42,swissmetro,0.33,Car,3
1704,190,0.06,0.9,0.04,swissmetro,0.85,Swissmetro,2
1705,190,0.06,0.65,0.29,swissmetro,0.47,Swissmetro,2
1706,190,0.06,0.9,0.04,swissmetro,0.85,Swissmetro,2
1707,190,0.08,0.55,0.37,swissmetro,0.33,Swissmetro,2
1708,190,0.09,0.86,0.05,swissmetro,0.78,Swissmetro,2
1709,190,0.08,0.71,0.21,swissmetro,0.56,Car,3
1710,191,0.09,0.91,0.0,swissmetro,0.81,Swissmetro,2
1711,191,0.08,0.92,0.0,swissmetro,0.84,Train,1
1712,191,0.05,0.95,0.0,swissmetro,0.9,Swissmetro,2
1713,191,0.1,0.9,0.0,swissmetro,0.8,Train,1
1714,191,0.11,0.89,0.0,swissmetro,0.78,Train,1
1715,191,0.15,0.85,0.0,swissmetro,0.7,Swissmetro,2
1716,191,0.09,0.91,0.0,swissmetro,0.83,Swissmetro,2
1717,191,0.27,0.73,0.0,swissmetro,0.46,Train,1
1718,191,0.12,0.88,0.0,swissmetro,0.77,Train,1
1719,192,0.11,0.25,0.64,car,0.45,Swissmetro,2
1720,192,0.2,0.47,0.33,swissmetro,0.21,Train,1
1721,192,0.19,0.51,0.3,swissmetro,0.26,Train,1
1722,192,0.14,0.65,0.21,swissmetro,0.47,Train,1
1723,192,0.18,0.57,0.25,swissmetro,0.35,Train,1
1724,192,0.11,0.71,0.18,swissmetro,0.56,Train,1
1725,192,0.1,0.49,0.41,swissmetro,0.25,Swissmetro,2
1726,192,0.06,0.65,0.29,swissmetro,0.47,Train,1
1727,192,0.14,0.68,0.18,swissmetro,0.52,Train,1
1728,193,0.19,0.61,0.2,swissmetro,0.41,Swissmetro,2
1729,193,0.17,0.68,0.14,swissmetro,0.53,Swissmetro,2
1730,193,0.13,0.44,0.43,swissmetro,0.17,Car,3
1731,193,0.1,0.87,0.03,swissmetro,0.8,Swissmetro,2
1732,193,0.17,0.55,0.28,swissmetro,0.34,Car,3
1733,193,0.14,0.75,0.11,swissmetro,0.63,Swissmetro,2
1734,193,0.19,0.58,0.23,swissmetro,0.38,Swissmetro,2
1735,193,0.15,0.64,0.21,swissmetro,0.46,Swissmetro,2
1736,193,0.31,0.37,0.32,swissmetro,0.05,Car,3
1737,194,0.17,0.83,0.0,swissmetro,0.67,Train,1
1738,194,0.06,0.94,0.0,swissmetro,0.88,Swissmetro,2
1739,194,0.1,0.9,0.0,swissmetro,0.8,Swissmetro,2
1740,194,0.23,0.77,0.0,swissmetro,0.53,Swissmetro,2
1741,194,0.11,0.89,0.0,swissmetro,0.78,Swissmetro,2
1742,194,0.16,0.84,0.0,swissmetro,0.67,Swissmetro,2
1743,194,0.05,0.95,0.0,swissmetro,0.9,Swissmetro,2
1744,194,0.04,0.96,0.0,swissmetro,0.93,Swissmetro,2
1745,194,0.22,0.78,0.0,swissmetro,0.56,Swissmetro,2
1746,195,0.11,0.88,0.01,swissmetro,0.83,Swissmetro,2
1747,195,0.12,0.78,0.1,swissmetro,0.67,Car,3
1748,195,0.06,0.94,0.0,swissmetro,0.92,Swissmetro,2
1749,195,0.17,0.72,0.11,swissmetro,0.58,Car,3
1750,195,0.27,0.72,0.01,swissmetro,0.59,Swissmetro,2
1751,195,0.08,0.89,0.03,swissmetro,0.83,Train,1
1752,195,0.04,0.95,0.01,swissmetro,0.92,Car,3
1753,195,0.05,0.94,0.01,swissmetro,0.92,Car,3
1754,195,0.27,0.72,0.01,swissmetro,0.57,Train,1
1755,196,0.12,0.87,0.01,swissmetro,0.81,Swissmetro,2
1756,196,0.11,0.76,0.13,swissmetro,0.65,Swissmetro,2
1757,196,0.04,0.96,0.0,swissmetro,0.93,Swissmetro,2
1758,196,0.22,0.66,0.12,swissmetro,0.49,Swissmetro,2
1759,196,0.18,0.8,0.02,swissmetro,0.71,Swissmetro,2
1760,196,0.13,0.79,0.08,swissmetro,0.7,Swissmetro,2
1761,196,0.06,0.9,0.04,swissmetro,0.85,Swissmetro,2
1762,196,0.03,0.92,0.05,swissmetro,0.88,Swissmetro,2
1763,196,0.14,0.82,0.04,swissmetro,0.74,Swissmetro,2
1764,197,0.03,0.97,0.0,swissmetro,0.94,Swissmetro,2
1765,197,0.19,0.81,0.0,swissmetro,0.62,Swissmetro,2
1766,197,0.14,0.86,0.0,swissmetro,0.73,Swissmetro,2
1767,197,0.07,0.93,0.0,swissmetro,0.86,Swissmetro,2
1768,197,0.15,0.85,0.0,swissmetro,0.71,Swissmetro,2
1769,197,0.13,0.87,0.0,swissmetro,0.73,Swissmetro,2
1770,197,0.09,0.91,0.0,swissmetro,0.82,Swissmetro,2
1771,197,0.08,0.92,0.0,swissmetro,0.84,Swissmetro,2
1772,197,0.17,0.83,0.0,swissmetro,0.66,Train,1
1773,198,0.32,0.36,0.32,swissmetro,0.05,Swissmetro,2
1774,198,0.26,0.63,0.11,swissmetro,0.44,Swissmetro,2
1775,198,0.26,0.57,0.17,swissmetro,0.35,Swissmetro,2
1776,198,0.1,0.72,0.18,swissmetro,0.58,Train,1
1777,198,0.11,0.74,0.15,swissmetro,0.61,Swissmetro,2
1778,198,0.19,0.74,0.07,swissmetro,0.62,Swissmetro,2
1779,198,0.12,0.75,0.13,swissmetro,0.62,Swissmetro,2
1780,198,0.21,0.34,0.45,car,0.17,Swissmetro,2
1781,198,0.32,0.47,0.21,swissmetro,0.2,Swissmetro,2
1782,200,0.01,0.99,0.0,swissmetro,0.97,Swissmetro,2
1783,200,0.1,0.9,0.0,swissmetro,0.79,Swissmetro,2
1784,200,0.03,0.97,0.0,swissmetro,0.93,Swissmetro,2
1785,200,0.03,0.97,0.0,swissmetro,0.94,Train,1
1786,200,0.04,0.96,0.0,swissmetro,0.91,Swissmetro,2
1787,200,0.08,0.92,0.0,swissmetro,0.83,Swissmetro,2
1788,200,0.08,0.92,0.0,swissmetro,0.83,Swissmetro,2
1789,200,0.04,0.96,0.0,swissmetro,0.91,Swissmetro,2
1790,200,0.07,0.93,0.0,swissmetro,0.86,Train,1
1791,201,0.02,0.76,0.22,swissmetro,0.63,Swissmetro,2
1792,201,0.09,0.52,0.39,swissmetro,0.29,Swissmetro,2
1793,201,0.14,0.8,0.06,swissmetro,0.69,Swissmetro,2
1794,201,0.05,0.81,0.13,swissmetro,0.72,Swissmetro,2
1795,201,0.09,0.53,0.38,swissmetro,0.3,Swissmetro,2
1796,201,0.05,0.77,0.18,swissmetro,0.65,Swissmetro,2
1797,201,0.08,0.85,0.07,swissmetro,0.77,Swissmetro,2
1798,201,0.12,0.53,0.35,swissmetro,0.3,Swissmetro,2
1799,201,0.08,0.77,0.15,swissmetro,0.65,Swissmetro,2
1800,202,0.03,0.74,0.23,swissmetro,0.61,Swissmetro,2
1801,202,0.27,0.43,0.3,swissmetro,0.14,Swissmetro,2
1802,202,0.24,0.75,0.01,swissmetro,0.63,Swissmetro,2
1803,202,0.08,0.91,0.01,swissmetro,0.87,Swissmetro,2
1804,202,0.11,0.63,0.26,swissmetro,0.45,Swissmetro,2
1805,202,0.06,0.92,0.02,swissmetro,0.88,Swissmetro,2
1806,202,0.12,0.86,0.02,swissmetro,0.8,Swissmetro,2
1807,202,0.21,0.55,0.24,swissmetro,0.32,Train,1
1808,202,0.12,0.81,0.07,swissmetro,0.72,Swissmetro,2
1809,203,0.09,0.88,0.03,swissmetro,0.81,Swissmetro,2
1810,203,0.31,0.54,0.15,swissmetro,0.31,Swissmetro,2
1811,203,0.25,0.74,0.01,swissmetro,0.62,Swissmetro,2
1812,203,0.14,0.83,0.03,swissmetro,0.75,Swissmetro,2
1813,203,0.18,0.75,0.07,swissmetro,0.62,Train,1
1814,203,0.16,0.83,0.01,swissmetro,0.75,Train,1
1815,203,0.13,0.82,0.05,swissmetro,0.73,Train,1
1816,203,0.22,0.73,0.05,swissmetro,0.59,Train,1
1817,203,0.25,0.74,0.01,swissmetro,0.61,Train,1
1818,204,0.03,0.97,0.0,swissmetro,0.94,Swissmetro,2
1819,204,0.19,0.81,0.0,swissmetro,0.62,Train,1
1820,204,0.2,0.8,0.0,swissmetro,0.6,Swissmetro,2
1821,204,0.3,0.7,0.0,swissmetro,0.41,Train,1
1822,204,0.11,0.89,0.0,swissmetro,0.78,Swissmetro,2
1823,204,0.04,0.96,0.0,swissmetro,0.92,Swissmetro,2
1824,204,0.09,0.91,0.0,swissmetro,0.81,Swissmetro,2
1825,204,0.28,0.72,0.0,swissmetro,0.45,Train,1
1826,204,0.08,0.92,0.0,swissmetro,0.83,Swissmetro,2
1827,205,0.03,0.91,0.06,swissmetro,0.87,Swissmetro,2
1828,205,0.02,0.97,0.01,swissmetro,0.95,Swissmetro,2
1829,205,0.03,0.86,0.11,swissmetro,0.8,Swissmetro,2
1830,205,0.03,0.79,0.18,swissmetro,0.69,Swissmetro,2
1831,205,0.03,0.93,0.04,swissmetro,0.9,Swissmetro,2
1832,205,0.02,0.92,0.06,swissmetro,0.87,Swissmetro,2
1833,205,0.02,0.91,0.07,swissmetro,0.86,Swissmetro,2
1834,205,0.15,0.79,0.06,swissmetro,0.69,Swissmetro,2
1835,205,0.02,0.9299999999999999,0.05,swissmetro,0.9,Swissmetro,2
1836,206,0.05,0.95,0.0,swissmetro,0.91,Swissmetro,2
1837,206,0.16,0.84,0.0,swissmetro,0.67,Swissmetro,2
1838,206,0.14,0.86,0.0,swissmetro,0.72,Swissmetro,2
1839,206,0.1,0.9,0.0,swissmetro,0.8,Swissmetro,2
1840,206,0.19,0.81,0.0,swissmetro,0.61,Swissmetro,2
1841,206,0.1,0.9,0.0,swissmetro,0.8,Swissmetro,2
1842,206,0.06,0.94,0.0,swissmetro,0.89,Swissmetro,2
1843,206,0.1,0.9,0.0,swissmetro,0.81,Swissmetro,2
1844,206,0.28,0.72,0.0,swissmetro,0.43,Train,1
1845,207,0.1,0.8,0.1,swissmetro,0.7,Swissmetro,2
1846,207,0.42,0.47,0.11,swissmetro,0.2,Train,1
1847,207,0.12,0.78,0.1,swissmetro,0.66,Train,1
1848,207,0.14,0.55,0.31,swissmetro,0.32,Train,1
1849,207,0.07,0.85,0.08,swissmetro,0.76,Swissmetro,2
1850,207,0.03,0.68,0.29,swissmetro,0.52,Swissmetro,2
1851,207,0.14,0.51,0.35,swissmetro,0.27,Train,1
1852,207,0.39,0.39,0.22,train,0.09,Train,1
1853,207,0.09,0.62,0.29,swissmetro,0.43,Swissmetro,2
1854,208,0.04,0.92,0.04,swissmetro,0.89,Swissmetro,2
1855,208,0.14,0.83,0.03,swissmetro,0.74,Swissmetro,2
1856,208,0.27,0.69,0.04,swissmetro,0.54,Train,1
1857,208,0.15,0.84,0.01,swissmetro,0.76,Swissmetro,2
1858,208,0.08,0.78,0.14,swissmetro,0.66,Train,1
1859,208,0.13,0.86,0.01,swissmetro,0.8,Swissmetro,2
1860,208,0.33,0.55,0.12,swissmetro,0.33,Train,1
1861,208,0.3,0.54,0.16,swissmetro,0.32,Train,1
1862,208,0.26,0.61,0.13,swissmetro,0.42,Train,1
1863,209,0.07,0.7,0.23,swissmetro,0.55,Swissmetro,2
1864,209,0.16,0.73,0.11,swissmetro,0.59,Train,1
1865,209,0.09,0.8200000000000001,0.09,swissmetro,0.72,Swissmetro,2
1866,209,0.1,0.48,0.42,swissmetro,0.21,Swissmetro,2
1867,209,0.06,0.83,0.11,swissmetro,0.74,Train,1
1868,209,0.06,0.71,0.23,swissmetro,0.57,Swissmetro,2
1869,209,0.07,0.73,0.2,swissmetro,0.59,Swissmetro,2
1870,209,0.1,0.76,0.14,swissmetro,0.64,Swissmetro,2
1871,209,0.06,0.71,0.23,swissmetro,0.56,Swissmetro,2
1872,210,0.05,0.9,0.05,swissmetro,0.86,Car,3
1873,210,0.03,0.97,0.0,swissmetro,0.95,Swissmetro,2
1874,210,0.08,0.78,0.14,swissmetro,0.67,Swissmetro,2
1875,210,0.07,0.76,0.17,swissmetro,0.64,Train,1
1876,210,0.06,0.91,0.03,swissmetro,0.87,Swissmetro,2
1877,210,0.04,0.9,0.06,swissmetro,0.85,Car,3
1878,210,0.02,0.89,0.09,swissmetro,0.84,Car,3
1879,210,0.16,0.79,0.05,swissmetro,0.68,Train,1
1880,210,0.07,0.54,0.39,swissmetro,0.31,Swissmetro,2
1881,211,0.04,0.96,0.0,swissmetro,0.92,Swissmetro,2
1882,211,0.19,0.81,0.0,swissmetro,0.62,Swissmetro,2
1883,211,0.25,0.75,0.0,swissmetro,0.5,Swissmetro,2
1884,211,0.11,0.89,0.0,swissmetro,0.79,Swissmetro,2
1885,211,0.09,0.91,0.0,swissmetro,0.83,Swissmetro,2
1886,211,0.08,0.92,0.0,swissmetro,0.84,Swissmetro,2
1887,211,0.11,0.89,0.0,swissmetro,0.77,Swissmetro,2
1888,211,0.12,0.88,0.0,swissmetro,0.76,Swissmetro,2
1889,211,0.21,0.79,0.0,swissmetro,0.58,Train,1
1890,212,0.17,0.83,0.0,swissmetro,0.66,Swissmetro,2
1891,212,0.38,0.62,0.0,swissmetro,0.25,Swissmetro,2
1892,212,0.12,0.88,0.0,swissmetro,0.75,Swissmetro,2
1893,212,0.23,0.77,0.0,swissmetro,0.53,Swissmetro,2
1894,212,0.12,0.88,0.0,swissmetro,0.76,Swissmetro,2
1895,212,0.18,0.82,0.0,swissmetro,0.64,Swissmetro,2
1896,212,0.07,0.93,0.0,swissmetro,0.86,Swissmetro,2
1897,212,0.32,0.68,0.0,swissmetro,0.36,Swissmetro,2
1898,212,0.08,0.92,0.0,swissmetro,0.84,Swissmetro,2
1899,213,0.34,0.4,0.26,swissmetro,0.1,Swissmetro,2
1900,213,0.1,0.15,0.75,car,0.62,Train,1
1901,213,0.07,0.75,0.18,swissmetro,0.63,Swissmetro,2
1902,213,0.16,0.17,0.67,car,0.5,Swissmetro,2
1903,213,0.24,0.29,0.47,car,0.21,Swissmetro,2
1904,213,0.11,0.49,0.4,swissmetro,0.24,Swissmetro,2
1905,213,0.08,0.45,0.47,car,0.21,Swissmetro,2
1906,213,0.11,0.52,0.37,swissmetro,0.28,Swissmetro,2
1907,213,0.28,0.32,0.4,car,0.11,Swissmetro,2
1908,214,0.01,0.98,0.01,swissmetro,0.98,Swissmetro,2
1909,214,0.05,0.9,0.05,swissmetro,0.85,Car,3
1910,214,0.08,0.91,0.01,swissmetro,0.86,Swissmetro,2
1911,214,0.03,0.96,0.01,swissmetro,0.94,Train,1
1912,214,0.03,0.94,0.03,swissmetro,0.91,Swissmetro,2
1913,214,0.04,0.95,0.01,swissmetro,0.93,Swissmetro,2
1914,214,0.01,0.98,0.01,swissmetro,0.96,Car,3
1915,214,0.06,0.92,0.02,swissmetro,0.88,Car,3
1916,214,0.02,0.98,0.0,swissmetro,0.96,Car,3
1917,215,0.07,0.83,0.1,swissmetro,0.74,Swissmetro,2
1918,215,0.15,0.77,0.08,swissmetro,0.66,Train,1
1919,215,0.04,0.93,0.03,swissmetro,0.89,Swissmetro,2
1920,215,0.27,0.31,0.42,car,0.14,Train,1
1921,215,0.24,0.67,0.09,swissmetro,0.5,Swissmetro,2
1922,215,0.13,0.62,0.25,swissmetro,0.43,Swissmetro,2
1923,215,0.05,0.73,0.22,swissmetro,0.61,Swissmetro,2
1924,215,0.19,0.51,0.3,swissmetro,0.27,Train,1
1925,215,0.13,0.63,0.24,swissmetro,0.45,Swissmetro,2
1926,216,0.07,0.93,0.0,swissmetro,0.86,Swissmetro,2
1927,216,0.31,0.69,0.0,swissmetro,0.39,Swissmetro,2
1928,216,0.22,0.78,0.0,swissmetro,0.56,Swissmetro,2
1929,216,0.25,0.75,0.0,swissmetro,0.5,Swissmetro,2
1930,216,0.18,0.82,0.0,swissmetro,0.64,Swissmetro,2
1931,216,0.21,0.79,0.0,swissmetro,0.58,Swissmetro,2
1932,216,0.32,0.68,0.0,swissmetro,0.37,Swissmetro,2
1933,216,0.28,0.72,0.0,swissmetro,0.44,Swissmetro,2
1934,216,0.4,0.6,0.0,swissmetro,0.21,Swissmetro,2
1935,217,0.08,0.91,0.01,swissmetro,0.87,Train,1
1936,217,0.07,0.93,0.0,swissmetro,0.89,Swissmetro,2
1937,217,0.07,0.93,0.0,swissmetro,0.89,Swissmetro,2
1938,217,0.15,0.83,0.02,swissmetro,0.73,Train,1
1939,217,0.09,0.9,0.01,swissmetro,0.86,Swissmetro,2
1940,217,0.13,0.87,0.0,swissmetro,0.79,Swissmetro,2
1941,217,0.01,0.98,0.01,swissmetro,0.96,Swissmetro,2
1942,217,0.13,0.86,0.01,swissmetro,0.79,Train,1
1943,217,0.06,0.93,0.01,swissmetro,0.9,Swissmetro,2
1944,218,0.04,0.79,0.17,swissmetro,0.67,Train,1
1945,218,0.14,0.59,0.27,swissmetro,0.39,Train,1
1946,218,0.15,0.82,0.03,swissmetro,0.73,Train,1
1947,218,0.11,0.83,0.06,swissmetro,0.75,Train,1
1948,218,0.1,0.79,0.11,swissmetro,0.69,Train,1
1949,218,0.11,0.71,0.18,swissmetro,0.56,Train,1
1950,218,0.15,0.75,0.1,swissmetro,0.63,Train,1
1951,218,0.23,0.59,0.18,swissmetro,0.39,Train,1
1952,218,0.19,0.72,0.09,swissmetro,0.58,Train,1
1953,219,0.24,0.76,0.0,swissmetro,0.52,Swissmetro,2
1954,219,0.24,0.76,0.0,swissmetro,0.52,Swissmetro,2
1955,219,0.23,0.77,0.0,swissmetro,0.53,Swissmetro,2
1956,219,0.41,0.59,0.0,swissmetro,0.19,Swissmetro,2
1957,219,0.24,0.76,0.0,swissmetro,0.53,Swissmetro,2
1958,219,0.19,0.81,0.0,swissmetro,0.61,Swissmetro,2
1959,219,0.27,0.73,0.0,swissmetro,0.45,Swissmetro,2
1960,219,0.25,0.75,0.0,swissmetro,0.51,Swissmetro,2
1961,219,0.03,0.97,0.0,swissmetro,0.94,Swissmetro,2
1962,220,0.23,0.77,0.0,swissmetro,0.54,Swissmetro,2
1963,220,0.16,0.84,0.0,swissmetro,0.68,Swissmetro,2
1964,220,0.06,0.94,0.0,swissmetro,0.88,Swissmetro,2
1965,220,0.14,0.86,0.0,swissmetro,0.72,Swissmetro,2
1966,220,0.17,0.83,0.0,swissmetro,0.67,Swissmetro,2
1967,220,0.13,0.87,0.0,swissmetro,0.73,Swissmetro,2
1968,220,0.15,0.85,0.0,swissmetro,0.71,Swissmetro,2
1969,220,0.16,0.84,0.0,swissmetro,0.69,Swissmetro,2
1970,220,0.12,0.88,0.0,swissmetro,0.75,Swissmetro,2
1971,221,0.12,0.72,0.16,swissmetro,0.58,Swissmetro,2
1972,221,0.23,0.62,0.15,swissmetro,0.43,Swissmetro,2
1973,221,0.09,0.68,0.23,swissmetro,0.52,Swissmetro,2
1974,221,0.09,0.88,0.03,swissmetro,0.83,Swissmetro,2
1975,221,0.11,0.72,0.17,swissmetro,0.58,Swissmetro,2
1976,221,0.11,0.83,0.06,swissmetro,0.76,Swissmetro,2
1977,221,0.14,0.65,0.21,swissmetro,0.48,Swissmetro,2
1978,221,0.14,0.71,0.15,swissmetro,0.56,Swissmetro,2
1979,221,0.24,0.47,0.29,swissmetro,0.2,Train,1
1980,222,0.23,0.77,0.0,swissmetro,0.53,Swissmetro,2
1981,222,0.17,0.83,0.0,swissmetro,0.65,Swissmetro,2
1982,222,0.16,0.84,0.0,swissmetro,0.69,Swissmetro,2
1983,222,0.36,0.64,0.0,swissmetro,0.29,Train,1
1984,222,0.17,0.83,0.0,swissmetro,0.67,Swissmetro,2
1985,222,0.11,0.89,0.0,swissmetro,0.78,Train,1
1986,222,0.26,0.74,0.0,swissmetro,0.49,Swissmetro,2
1987,222,0.42,0.58,0.0,swissmetro,0.15,Swissmetro,2
1988,222,0.06,0.94,0.0,swissmetro,0.89,Swissmetro,2
1989,223,0.13,0.87,0.0,swissmetro,0.73,Train,1
1990,223,0.13,0.87,0.0,swissmetro,0.75,Swissmetro,2
1991,223,0.25,0.75,0.0,swissmetro,0.49,Train,1
1992,223,0.13,0.87,0.0,swissmetro,0.74,Train,1
1993,223,0.1,0.9,0.0,swissmetro,0.79,Train,1
1994,223,0.09,0.91,0.0,swissmetro,0.82,Swissmetro,2
1995,223,0.26,0.74,0.0,swissmetro,0.47,Swissmetro,2
1996,223,0.18,0.82,0.0,swissmetro,0.64,Swissmetro,2
1997,223,0.18,0.82,0.0,swissmetro,0.63,Swissmetro,2
1998,224,0.24,0.74,0.02,swissmetro,0.62,Swissmetro,2
1999,224,0.15,0.79,0.06,swissmetro,0.69,Swissmetro,2
2000,224,0.17,0.83,0.0,swissmetro,0.74,Swissmetro,2
2001,224,0.17,0.36,0.47,car,0.2,Swissmetro,2
2002,224,0.05,0.93,0.01,swissmetro,0.9,Swissmetro,2
2003,224,0.12,0.8,0.08,swissmetro,0.7,Swissmetro,2
2004,224,0.04,0.91,0.05,swissmetro,0.86,Swissmetro,2
2005,224,0.02,0.96,0.02,swissmetro,0.95,Swissmetro,2
2006,224,0.36,0.64,0.0,swissmetro,0.46,Swissmetro,2
2007,225,0.06,0.94,0.0,swissmetro,0.89,Train,1
2008,225,0.11,0.89,0.0,swissmetro,0.78,Swissmetro,2
2009,225,0.2,0.8,0.0,swissmetro,0.59,Train,1
2010,225,0.1,0.9,0.0,swissmetro,0.8,Train,1
2011,225,0.05,0.95,0.0,swissmetro,0.9,Train,1
2012,225,0.07,0.93,0.0,swissmetro,0.87,Train,1
2013,225,0.14,0.86,0.0,swissmetro,0.72,Train,1
2014,225,0.08,0.92,0.0,swissmetro,0.85,Train,1
2015,225,0.06,0.94,0.0,swissmetro,0.87,Train,1
2016,226,0.17,0.83,0.0,swissmetro,0.65,Swissmetro,2
2017,226,0.08,0.92,0.0,swissmetro,0.84,Swissmetro,2
2018,226,0.08,0.92,0.0,swissmetro,0.84,Swissmetro,2
2019,226,0.24,0.76,0.0,swissmetro,0.52,Train,1
2020,226,0.29,0.71,0.0,swissmetro,0.42,Swissmetro,2
2021,226,0.14,0.86,0.0,swissmetro,0.72,Swissmetro,2
2022,226,0.31,0.69,0.0,swissmetro,0.38,Train,1
2023,226,0.29,0.71,0.0,swissmetro,0.42,Swissmetro,2
2024,226,0.08,0.92,0.0,swissmetro,0.84,Swissmetro,2
2025,227,0.13,0.87,0.0,swissmetro,0.74,Swissmetro,2
2026,227,0.1,0.9,0.0,swissmetro,0.81,Swissmetro,2
2027,227,0.05,0.95,0.0,swissmetro,0.9,Swissmetro,2
2028,227,0.1,0.9,0.0,swissmetro,0.8,Swissmetro,2
2029,227,0.07,0.93,0.0,swissmetro,0.86,Swissmetro,2
2030,227,0.08,0.92,0.0,swissmetro,0.84,Swissmetro,2
2031,227,0.08,0.92,0.0,swissmetro,0.84,Swissmetro,2
2032,227,0.21,0.79,0.0,swissmetro,0.58,Swissmetro,2
2033,227,0.06,0.94,0.0,swissmetro,0.87,Train,1
2034,228,0.11,0.89,0.0,swissmetro,0.77,Swissmetro,2
2035,228,0.08,0.92,0.0,swissmetro,0.85,Train,1
2036,228,0.08,0.92,0.0,swissmetro,0.85,Train,1
2037,228,0.08,0.92,0.0,swissmetro,0.84,Train,1
2038,228,0.06,0.94,0.0,swissmetro,0.88,Swissmetro,2
2039,228,0.07,0.93,0.0,swissmetro,0.86,Swissmetro,2
2040,228,0.2,0.8,0.0,swissmetro,0.6,Swissmetro,2
2041,228,0.21,0.79,0.0,swissmetro,0.57,Train,1
2042,228,0.08,0.92,0.0,swissmetro,0.84,Swissmetro,2
2043,229,0.06,0.94,0.0,swissmetro,0.88,Swissmetro,2
2044,229,0.04,0.96,0.0,swissmetro,0.93,Swissmetro,2
2045,229,0.15,0.85,0.0,swissmetro,0.71,Swissmetro,2
2046,229,0.23,0.77,0.0,swissmetro,0.54,Train,1
2047,229,0.15,0.85,0.0,swissmetro,0.7,Swissmetro,2
2048,229,0.06,0.94,0.0,swissmetro,0.88,Swissmetro,2
2049,229,0.1,0.9,0.0,swissmetro,0.8,Swissmetro,2
2050,229,0.37,0.63,0.0,swissmetro,0.26,Swissmetro,2
2051,229,0.08,0.92,0.0,swissmetro,0.83,Swissmetro,2
2052,230,0.3,0.7,0.0,swissmetro,0.4,Swissmetro,2
2053,230,0.08,0.92,0.0,swissmetro,0.84,Train,1
2054,230,0.23,0.77,0.0,swissmetro,0.53,Swissmetro,2
2055,230,0.29,0.71,0.0,swissmetro,0.43,Train,1
2056,230,0.15,0.85,0.0,swissmetro,0.7,Swissmetro,2
2057,230,0.09,0.91,0.0,swissmetro,0.81,Swissmetro,2
2058,230,0.2,0.8,0.0,swissmetro,0.61,Swissmetro,2
2059,230,0.31,0.69,0.0,swissmetro,0.39,Swissmetro,2
2060,230,0.15,0.85,0.0,swissmetro,0.7,Swissmetro,2
2061,231,0.21,0.77,0.02,swissmetro,0.67,Swissmetro,2
2062,231,0.1,0.9,0.0,swissmetro,0.84,Train,1
2063,231,0.16,0.84,0.0,swissmetro,0.75,Train,1
2064,231,0.1,0.88,0.02,swissmetro,0.83,Train,1
2065,231,0.06,0.94,0.0,swissmetro,0.9,Swissmetro,2
2066,231,0.07,0.92,0.01,swissmetro,0.88,Swissmetro,2
2067,231,0.06,0.83,0.11,swissmetro,0.75,Swissmetro,2
2068,231,0.03,0.85,0.12,swissmetro,0.77,Swissmetro,2
2069,231,0.15,0.85,0.0,swissmetro,0.77,Train,1
2070,232,0.14,0.86,0.0,swissmetro,0.72,Swissmetro,2
2071,232,0.14,0.86,0.0,swissmetro,0.72,Swissmetro,2
2072,232,0.08,0.92,0.0,swissmetro,0.85,Swissmetro,2
2073,232,0.09,0.91,0.0,swissmetro,0.82,Swissmetro,2
2074,232,0.06,0.94,0.0,swissmetro,0.88,Swissmetro,2
2075,232,0.22,0.78,0.0,swissmetro,0.56,Swissmetro,2
2076,232,0.06,0.94,0.0,swissmetro,0.88,Swissmetro,2
2077,232,0.11,0.89,0.0,swissmetro,0.79,Swissmetro,2
2078,232,0.07,0.93,0.0,swissmetro,0.86,Swissmetro,2
2079,233,0.05,0.95,0.0,swissmetro,0.9,Swissmetro,2
2080,233,0.33,0.67,0.0,swissmetro,0.34,Swissmetro,2
2081,233,0.24,0.76,0.0,swissmetro,0.52,Swissmetro,2
2082,233,0.06,0.94,0.0,swissmetro,0.87,Swissmetro,2
2083,233,0.18,0.82,0.0,swissmetro,0.65,Swissmetro,2
2084,233,0.1,0.9,0.0,swissmetro,0.79,Swissmetro,2
2085,233,0.29,0.71,0.0,swissmetro,0.43,Swissmetro,2
2086,233,0.49,0.51,0.0,swissmetro,0.02,Swissmetro,2
2087,233,0.19,0.81,0.0,swissmetro,0.62,Swissmetro,2
2088,234,0.04,0.96,0.0,swissmetro,0.91,Swissmetro,2
2089,234,0.07,0.93,0.0,swissmetro,0.87,Swissmetro,2
2090,234,0.08,0.92,0.0,swissmetro,0.84,Swissmetro,2
2091,234,0.08,0.92,0.0,swissmetro,0.84,Swissmetro,2
2092,234,0.06,0.94,0.0,swissmetro,0.88,Swissmetro,2
2093,234,0.13,0.87,0.0,swissmetro,0.73,Swissmetro,2
2094,234,0.11,0.89,0.0,swissmetro,0.78,Swissmetro,2
2095,234,0.09,0.91,0.0,swissmetro,0.81,Swissmetro,2
2096,234,0.13,0.87,0.0,swissmetro,0.74,Swissmetro,2
2097,235,0.45,0.47,0.08,swissmetro,0.2,Swissmetro,2
2098,235,0.28,0.62,0.1,swissmetro,0.43,Swissmetro,2
2099,235,0.21,0.49,0.3,swissmetro,0.23,Swissmetro,2
2100,235,0.25,0.45,0.3,swissmetro,0.18,Swissmetro,2
2101,235,0.06,0.9,0.04,swissmetro,0.85,Swissmetro,2
2102,235,0.08,0.72,0.2,swissmetro,0.58,Swissmetro,2
2103,235,0.08,0.48,0.44,swissmetro,0.22,Swissmetro,2
2104,235,0.26,0.57,0.17,swissmetro,0.35,Swissmetro,2
2105,235,0.03,0.64,0.33,swissmetro,0.46,Swissmetro,2
2106,236,0.31,0.69,0.0,swissmetro,0.38,Swissmetro,2
2107,236,0.3,0.7,0.0,swissmetro,0.39,Swissmetro,2
2108,236,0.17,0.83,0.0,swissmetro,0.66,Swissmetro,2
2109,236,0.16,0.84,0.0,swissmetro,0.67,Swissmetro,2
2110,236,0.33,0.67,0.0,swissmetro,0.35,Swissmetro,2
2111,236,0.18,0.82,0.0,swissmetro,0.64,Swissmetro,2
2112,236,0.35,0.65,0.0,swissmetro,0.31,Swissmetro,2
2113,236,0.26,0.74,0.0,swissmetro,0.48,Swissmetro,2
2114,236,0.42,0.58,0.0,swissmetro,0.16,Swissmetro,2
2115,237,0.11,0.79,0.1,swissmetro,0.69,Swissmetro,2
2116,237,0.21,0.77,0.02,swissmetro,0.65,Swissmetro,2
2117,237,0.06,0.75,0.19,swissmetro,0.63,Swissmetro,2
2118,237,0.1,0.88,0.02,swissmetro,0.82,Train,1
2119,237,0.08,0.82,0.1,swissmetro,0.73,Swissmetro,2
2120,237,0.34,0.66,0.0,swissmetro,0.48,Swissmetro,2
2121,237,0.06,0.89,0.05,swissmetro,0.83,Train,1
2122,237,0.15,0.84,0.01,swissmetro,0.76,Swissmetro,2
2123,237,0.23,0.75,0.02,swissmetro,0.63,Train,1
2124,238,0.01,0.99,0.0,swissmetro,0.98,Train,1
2125,238,0.07,0.93,0.0,swissmetro,0.89,Train,1
2126,238,0.04,0.93,0.03,swissmetro,0.9,Train,1
2127,238,0.05,0.95,0.0,swissmetro,0.92,Train,1
2128,238,0.09,0.89,0.02,swissmetro,0.83,Swissmetro,2
2129,238,0.06,0.93,0.01,swissmetro,0.9,Car,3
2130,238,0.03,0.96,0.01,swissmetro,0.94,Swissmetro,2
2131,238,0.11,0.89,0.0,swissmetro,0.83,Swissmetro,2
2132,238,0.14,0.85,0.01,swissmetro,0.78,Train,1
2133,239,0.49,0.51,0.0,swissmetro,0.02,Swissmetro,2
2134,239,0.27,0.73,0.0,swissmetro,0.47,Swissmetro,2
2135,239,0.2,0.8,0.0,swissmetro,0.59,Swissmetro,2
2136,239,0.48,0.52,0.0,swissmetro,0.03,Swissmetro,2
2137,239,0.21,0.79,0.0,swissmetro,0.58,Swissmetro,2
2138,239,0.17,0.83,0.0,swissmetro,0.67,Swissmetro,2
2139,239,0.22,0.78,0.0,swissmetro,0.56,Swissmetro,2
2140,239,0.38,0.62,0.0,swissmetro,0.24,Swissmetro,2
2141,239,0.72,0.28,0.0,train,0.44,Swissmetro,2
2142,240,0.28,0.31,0.41000000000000003,car,0.1,Train,1
2143,240,0.25,0.73,0.02,swissmetro,0.6,Train,1
2144,240,0.14,0.84,0.02,swissmetro,0.76,Train,1
2145,240,0.2,0.68,0.12,swissmetro,0.51,Train,1
2146,240,0.17,0.75,0.08,swissmetro,0.62,Swissmetro,2
2147,240,0.07,0.72,0.21,swissmetro,0.58,Swissmetro,2
2148,240,0.16,0.6,0.24,swissmetro,0.39,Swissmetro,2
2149,240,0.32,0.6,0.08,swissmetro,0.41,Train,1
2150,240,0.19,0.64,0.17,swissmetro,0.46,Swissmetro,2
2151,241,0.12,0.87,0.01,swissmetro,0.82,Train,1
2152,241,0.12,0.88,0.0,swissmetro,0.82,Train,1
2153,241,0.1,0.88,0.02,swissmetro,0.83,Train,1
2154,241,0.08,0.91,0.01,swissmetro,0.87,Train,1
2155,241,0.15,0.84,0.01,swissmetro,0.77,Train,1
2156,241,0.07,0.92,0.01,swissmetro,0.88,Train,1
2157,241,0.12,0.87,0.01,swissmetro,0.81,Train,1
2158,241,0.1,0.89,0.01,swissmetro,0.84,Train,1
2159,241,0.26,0.73,0.01,swissmetro,0.59,Train,1
2160,242,0.26,0.73,0.01,swissmetro,0.6,Train,1
2161,242,0.25,0.75,0.0,swissmetro,0.62,Train,1
2162,242,0.09,0.91,0.0,swissmetro,0.86,Train,1
2163,242,0.22,0.73,0.05,swissmetro,0.6,Train,1
2164,242,0.12,0.88,0.0,swissmetro,0.82,Train,1
2165,242,0.06,0.91,0.03,swissmetro,0.87,Train,1
2166,242,0.09,0.78,0.13,swissmetro,0.68,Train,1
2167,242,0.29,0.7,0.01,swissmetro,0.54,Train,1
2168,242,0.21,0.75,0.04,swissmetro,0.63,Train,1
2169,243,0.14,0.86,0.0,swissmetro,0.72,Swissmetro,2
2170,243,0.15,0.85,0.0,swissmetro,0.69,Swissmetro,2
2171,243,0.18,0.82,0.0,swissmetro,0.64,Swissmetro,2
2172,243,0.1,0.9,0.0,swissmetro,0.8,Train,1
2173,243,0.06,0.94,0.0,swissmetro,0.88,Train,1
2174,243,0.09,0.91,0.0,swissmetro,0.82,Train,1
2175,243,0.09,0.91,0.0,swissmetro,0.83,Train,1
2176,243,0.14,0.86,0.0,swissmetro,0.72,Train,1
2177,243,0.1,0.9,0.0,swissmetro,0.8,Train,1
2178,244,0.55,0.45,0.0,train,0.11,Train,1
2179,244,0.8,0.2,0.0,train,0.61,Swissmetro,2
2180,244,0.64,0.36,0.0,train,0.29,Train,1
2181,244,0.23,0.77,0.0,swissmetro,0.53,Train,1
2182,244,0.52,0.48,0.0,train,0.04,Train,1
2183,244,0.31,0.69,0.0,swissmetro,0.38,Train,1
2184,244,0.24,0.76,0.0,swissmetro,0.53,Train,1
2185,244,0.39,0.61,0.0,swissmetro,0.22,Train,1
2186,244,0.42,0.58,0.0,swissmetro,0.15,Train,1
2187,245,0.06,0.93,0.01,swissmetro,0.89,Car,3
2188,245,0.07,0.92,0.01,swissmetro,0.88,Swissmetro,2
2189,245,0.09,0.9,0.01,swissmetro,0.85,Swissmetro,2
2190,245,0.08,0.85,0.07,swissmetro,0.78,Swissmetro,2
2191,245,0.09,0.89,0.02,swissmetro,0.83,Swissmetro,2
2192,245,0.08,0.79,0.13,swissmetro,0.68,Swissmetro,2
2193,245,0.09,0.72,0.19,swissmetro,0.59,Swissmetro,2
2194,245,0.05,0.84,0.11,swissmetro,0.76,Swissmetro,2
2195,245,0.11,0.86,0.03,swissmetro,0.79,Swissmetro,2
2196,246,0.04,0.94,0.02,swissmetro,0.9,Swissmetro,2
2197,246,0.2,0.79,0.01,swissmetro,0.69,Swissmetro,2
2198,246,0.05,0.9,0.05,swissmetro,0.84,Swissmetro,2
2199,246,0.06,0.94,0.0,swissmetro,0.9,Swissmetro,2
2200,246,0.38,0.62,0.0,swissmetro,0.43,Swissmetro,2
2201,246,0.23,0.76,0.01,swissmetro,0.64,Swissmetro,2
2202,246,0.17,0.81,0.02,swissmetro,0.71,Swissmetro,2
2203,246,0.32,0.67,0.01,swissmetro,0.5,Swissmetro,2
2204,246,0.32,0.67,0.01,swissmetro,0.5,Swissmetro,2
2205,247,0.34,0.65,0.01,swissmetro,0.46,Swissmetro,2
2206,247,0.39,0.61,0.0,swissmetro,0.42,Swissmetro,2
2207,247,0.28,0.57,0.15,swissmetro,0.36,Train,1
2208,247,0.25,0.16,0.59,car,0.39,Train,1
2209,247,0.38,0.6,0.02,swissmetro,0.4,Swissmetro,2
2210,247,0.28,0.66,0.06,swissmetro,0.48,Train,1
2211,247,0.22,0.38,0.4,car,0.1,Train,1
2212,247,0.71,0.27,0.02,train,0.56,Train,1
2213,247,0.12,0.79,0.09,swissmetro,0.68,Swissmetro,2
2214,248,0.19,0.81,0.0,swissmetro,0.63,Train,1
2215,248,0.37,0.63,0.0,swissmetro,0.25,Train,1
2216,248,0.22,0.78,0.0,swissmetro,0.56,Train,1
2217,248,0.32,0.68,0.0,swissmetro,0.36,Train,1
2218,248,0.2,0.8,0.0,swissmetro,0.61,Train,1
2219,248,0.22,0.78,0.0,swissmetro,0.55,Train,1
2220,248,0.52,0.48,0.0,train,0.04,Train,1
2221,248,0.73,0.27,0.0,train,0.46,Train,1
2222,248,0.59,0.41,0.0,train,0.18,Train,1
2223,249,0.06,0.94,0.0,swissmetro,0.88,Train,1
2224,249,0.07,0.93,0.0,swissmetro,0.86,Train,1
2225,249,0.04,0.96,0.0,swissmetro,0.92,Train,1
2226,249,0.13,0.87,0.0,swissmetro,0.74,Train,1
2227,249,0.09,0.91,0.0,swissmetro,0.82,Train,1
2228,249,0.11,0.89,0.0,swissmetro,0.78,Train,1
2229,249,0.09,0.91,0.0,swissmetro,0.81,Train,1
2230,249,0.14,0.86,0.0,swissmetro,0.73,Train,1
2231,249,0.19,0.81,0.0,swissmetro,0.63,Train,1
2232,250,0.24,0.76,0.0,swissmetro,0.52,Swissmetro,2
2233,250,0.12,0.88,0.0,swissmetro,0.76,Swissmetro,2
2234,250,0.12,0.88,0.0,swissmetro,0.76,Swissmetro,2
2235,250,0.09,0.91,0.0,swissmetro,0.82,Swissmetro,2
2236,250,0.09,0.91,0.0,swissmetro,0.82,Swissmetro,2
2237,250,0.12,0.88,0.0,swissmetro,0.76,Swissmetro,2
2238,250,0.1,0.9,0.0,swissmetro,0.79,Swissmetro,2
2239,250,0.11,0.89,0.0,swissmetro,0.78,Swissmetro,2
2240,250,0.31,0.69,0.0,swissmetro,0.38,Swissmetro,2
2241,251,0.03,0.96,0.01,swissmetro,0.95,Swissmetro,2
2242,251,0.02,0.98,0.0,swissmetro,0.96,Swissmetro,2
2243,251,0.04,0.93,0.03,swissmetro,0.89,Swissmetro,2
2244,251,0.06,0.78,0.16,swissmetro,0.67,Swissmetro,2
2245,251,0.03,0.96,0.01,swissmetro,0.93,Swissmetro,2
2246,251,0.02,0.95,0.03,swissmetro,0.93,Swissmetro,2
2247,251,0.04,0.92,0.04,swissmetro,0.89,Car,3
2248,251,0.18,0.81,0.01,swissmetro,0.71,Swissmetro,2
2249,251,0.02,0.97,0.01,swissmetro,0.95,Swissmetro,2
2250,252,0.07,0.93,0.0,swissmetro,0.9,Swissmetro,2
2251,252,0.08,0.91,0.01,swissmetro,0.86,Swissmetro,2
2252,252,0.06,0.94,0.0,swissmetro,0.91,Swissmetro,2
2253,252,0.1,0.89,0.01,swissmetro,0.83,Swissmetro,2
2254,252,0.03,0.96,0.01,swissmetro,0.94,Swissmetro,2
2255,252,0.04,0.94,0.02,swissmetro,0.92,Swissmetro,2
2256,252,0.07,0.81,0.12,swissmetro,0.72,Swissmetro,2
2257,252,0.02,0.96,0.02,swissmetro,0.94,Swissmetro,2
2258,252,0.13,0.87,0.0,swissmetro,0.8,Swissmetro,2
2259,253,0.07,0.93,0.0,swissmetro,0.86,Swissmetro,2
2260,253,0.14,0.86,0.0,swissmetro,0.73,Swissmetro,2
2261,253,0.12,0.88,0.0,swissmetro,0.75,Swissmetro,2
2262,253,0.18,0.82,0.0,swissmetro,0.65,Swissmetro,2
2263,253,0.07,0.93,0.0,swissmetro,0.86,Swissmetro,2
2264,253,0.03,0.97,0.0,swissmetro,0.94,Train,1
2265,253,0.06,0.94,0.0,swissmetro,0.88,Swissmetro,2
2266,253,0.59,0.41,0.0,train,0.18,Train,1
2267,253,0.03,0.97,0.0,swissmetro,0.95,Swissmetro,2
2268,254,0.16,0.84,0.0,swissmetro,0.67,Swissmetro,2
2269,254,0.04,0.96,0.0,swissmetro,0.92,Swissmetro,2
2270,254,0.15,0.85,0.0,swissmetro,0.7,Train,1
2271,254,0.07,0.93,0.0,swissmetro,0.85,Swissmetro,2
2272,254,0.08,0.92,0.0,swissmetro,0.85,Train,1
2273,254,0.08,0.92,0.0,swissmetro,0.85,Train,1
2274,254,0.16,0.84,0.0,swissmetro,0.68,Swissmetro,2
2275,254,0.11,0.89,0.0,swissmetro,0.78,Train,1
2276,254,0.1,0.9,0.0,swissmetro,0.8,Swissmetro,2
2277,255,0.12,0.85,0.03,swissmetro,0.78,Swissmetro,2
2278,255,0.07,0.92,0.01,swissmetro,0.89,Swissmetro,2
2279,255,0.13,0.86,0.01,swissmetro,0.78,Swissmetro,2
2280,255,0.18,0.77,0.05,swissmetro,0.66,Swissmetro,2
2281,255,0.1,0.79,0.11,swissmetro,0.69,Swissmetro,2
2282,255,0.05,0.87,0.08,swissmetro,0.81,Swissmetro,2
2283,255,0.06,0.69,0.25,swissmetro,0.54,Swissmetro,2
2284,255,0.02,0.82,0.16,swissmetro,0.73,Swissmetro,2
2285,255,0.16,0.79,0.05,swissmetro,0.68,Swissmetro,2
2286,256,0.11,0.89,0.0,swissmetro,0.83,Swissmetro,2
2287,256,0.04,0.96,0.0,swissmetro,0.93,Swissmetro,2
2288,256,0.09,0.91,0.0,swissmetro,0.87,Swissmetro,2
2289,256,0.1,0.78,0.12,swissmetro,0.68,Swissmetro,2
2290,256,0.08,0.9,0.02,swissmetro,0.85,Swissmetro,2
2291,256,0.06,0.8,0.14,swissmetro,0.71,Swissmetro,2
2292,256,0.05,0.66,0.29,swissmetro,0.49,Swissmetro,2
2293,256,0.07,0.77,0.16,swissmetro,0.66,Swissmetro,2
2294,256,0.18,0.8,0.02,swissmetro,0.7,Swissmetro,2
2295,257,0.17,0.82,0.01,swissmetro,0.73,Swissmetro,2
2296,257,0.14,0.86,0.0,swissmetro,0.79,Train,1
2297,257,0.24,0.65,0.11,swissmetro,0.47,Train,1
2298,257,0.27,0.51,0.22,swissmetro,0.26,Train,1
2299,257,0.21,0.78,0.01,swissmetro,0.66,Train,1
2300,257,0.34,0.64,0.02,swissmetro,0.46,Swissmetro,2
2301,257,0.26,0.59,0.15,swissmetro,0.38,Swissmetro,2
2302,257,0.4,0.59,0.01,swissmetro,0.39,Train,1
2303,257,0.06,0.92,0.02,swissmetro,0.88,Train,1
2304,258,0.01,0.99,0.0,swissmetro,0.99,Train,1
2305,258,0.02,0.98,0.0,swissmetro,0.96,Swissmetro,2
2306,258,0.04,0.96,0.0,swissmetro,0.91,Swissmetro,2
2307,258,0.02,0.98,0.0,swissmetro,0.95,Swissmetro,2
2308,258,0.01,0.99,0.0,swissmetro,0.97,Swissmetro,2
2309,258,0.03,0.97,0.0,swissmetro,0.93,Swissmetro,2
2310,258,0.03,0.97,0.0,swissmetro,0.94,Swissmetro,2
2311,258,0.05,0.95,0.0,swissmetro,0.91,Swissmetro,2
2312,258,0.04,0.96,0.0,swissmetro,0.93,Swissmetro,2
2313,259,0.23,0.62,0.15,swissmetro,0.43,Swissmetro,2
2314,259,0.18,0.78,0.04,swissmetro,0.67,Swissmetro,2
2315,259,0.15,0.64,0.21,swissmetro,0.47,Swissmetro,2
2316,259,0.25,0.57,0.18,swissmetro,0.36,Car,3
2317,259,0.2,0.74,0.06,swissmetro,0.61,Swissmetro,2
2318,259,0.13,0.79,0.08,swissmetro,0.69,Car,3
2319,259,0.11,0.65,0.24,swissmetro,0.47,Car,3
2320,259,0.46,0.53,0.01,swissmetro,0.3,Swissmetro,2
2321,259,0.02,0.94,0.04,swissmetro,0.91,Swissmetro,2
2322,260,0.09,0.91,0.0,swissmetro,0.81,Swissmetro,2
2323,260,0.06,0.94,0.0,swissmetro,0.89,Swissmetro,2
2324,260,0.07,0.93,0.0,swissmetro,0.85,Train,1
2325,260,0.17,0.83,0.0,swissmetro,0.67,Train,1
2326,260,0.07,0.93,0.0,swissmetro,0.86,Swissmetro,2
2327,260,0.07,0.93,0.0,swissmetro,0.87,Train,1
2328,260,0.09,0.91,0.0,swissmetro,0.83,Train,1
2329,260,0.19,0.81,0.0,swissmetro,0.62,Swissmetro,2
2330,260,0.04,0.96,0.0,swissmetro,0.93,Swissmetro,2
2331,261,0.44,0.56,0.0,swissmetro,0.13,Swissmetro,2
2332,261,0.43,0.57,0.0,swissmetro,0.14,Swissmetro,2
2333,261,0.3,0.7,0.0,swissmetro,0.4,Swissmetro,2
2334,261,0.27,0.73,0.0,swissmetro,0.46,Train,1
2335,261,0.51,0.49,0.0,train,0.01,Swissmetro,2
2336,261,0.43,0.57,0.0,swissmetro,0.15,Swissmetro,2
2337,261,0.55,0.45,0.0,train,0.09,Swissmetro,2
2338,261,0.79,0.21,0.0,train,0.57,Swissmetro,2
2339,261,0.37,0.63,0.0,swissmetro,0.27,Swissmetro,2
2340,262,0.12,0.88,0.0,swissmetro,0.77,Train,1
2341,262,0.13,0.87,0.0,swissmetro,0.74,Swissmetro,2
2342,262,0.05,0.95,0.0,swissmetro,0.9,Swissmetro,2
2343,262,0.03,0.97,0.0,swissmetro,0.94,Train,1
2344,262,0.05,0.95,0.0,swissmetro,0.9,Swissmetro,2
2345,262,0.05,0.95,0.0,swissmetro,0.9,Train,1
2346,262,0.1,0.9,0.0,swissmetro,0.81,Train,1
2347,262,0.07,0.93,0.0,swissmetro,0.86,Swissmetro,2
2348,262,0.25,0.75,0.0,swissmetro,0.5,Train,1
2349,263,0.05,0.95,0.0,swissmetro,0.89,Swissmetro,2
2350,263,0.03,0.97,0.0,swissmetro,0.93,Swissmetro,2
2351,263,0.04,0.96,0.0,swissmetro,0.92,Swissmetro,2
2352,263,0.02,0.98,0.0,swissmetro,0.96,Swissmetro,2
2353,263,0.07,0.93,0.0,swissmetro,0.85,Swissmetro,2
2354,263,0.06,0.94,0.0,swissmetro,0.89,Swissmetro,2
2355,263,0.12,0.88,0.0,swissmetro,0.75,Swissmetro,2
2356,263,0.09,0.91,0.0,swissmetro,0.81,Swissmetro,2
2357,263,0.25,0.75,0.0,swissmetro,0.51,Train,1
2358,264,0.16,0.84,0.0,swissmetro,0.67,Swissmetro,2
2359,264,0.09,0.91,0.0,swissmetro,0.82,Swissmetro,2
2360,264,0.21,0.79,0.0,swissmetro,0.59,Train,1
2361,264,0.09,0.91,0.0,swissmetro,0.81,Train,1
2362,264,0.05,0.95,0.0,swissmetro,0.9,Swissmetro,2
2363,264,0.11,0.89,0.0,swissmetro,0.78,Swissmetro,2
2364,264,0.07,0.93,0.0,swissmetro,0.85,Swissmetro,2
2365,264,0.07,0.93,0.0,swissmetro,0.85,Swissmetro,2
2366,264,0.16,0.84,0.0,swissmetro,0.69,Train,1
2367,265,0.15,0.84,0.01,swissmetro,0.76,Train,1
2368,265,0.15,0.84,0.01,swissmetro,0.76,Train,1
2369,265,0.16,0.84,0.0,swissmetro,0.75,Train,1
2370,265,0.23,0.62,0.15,swissmetro,0.43,Train,1
2371,265,0.13,0.87,0.0,swissmetro,0.8,Train,1
2372,265,0.14,0.79,0.07,swissmetro,0.69,Train,1
2373,265,0.12,0.87,0.01,swissmetro,0.8,Train,1
2374,265,0.08,0.88,0.04,swissmetro,0.81,Train,1
2375,265,0.33,0.67,0.0,swissmetro,0.5,Train,1
2376,266,0.29,0.34,0.37,car,0.05,Swissmetro,2
2377,266,0.39,0.44,0.17,swissmetro,0.16,Swissmetro,2
2378,266,0.22,0.68,0.1,swissmetro,0.53,Swissmetro,2
2379,266,0.18,0.54,0.28,swissmetro,0.32,Train,1
2380,266,0.37,0.56,0.07,swissmetro,0.34,Swissmetro,2
2381,266,0.08,0.28,0.64,car,0.46,Swissmetro,2
2382,266,0.26,0.43,0.31,swissmetro,0.13,Swissmetro,2
2383,266,0.34,0.36,0.3,swissmetro,0.03,Car,3
2384,266,0.27,0.52,0.21,swissmetro,0.29,Swissmetro,2
2385,267,0.06,0.94,0.0,swissmetro,0.89,Swissmetro,2
2386,267,0.04,0.96,0.0,swissmetro,0.93,Train,1
2387,267,0.03,0.97,0.0,swissmetro,0.93,Train,1
2388,267,0.04,0.96,0.0,swissmetro,0.92,Swissmetro,2
2389,267,0.05,0.95,0.0,swissmetro,0.91,Train,1
2390,267,0.07,0.93,0.0,swissmetro,0.87,Swissmetro,2
2391,267,0.08,0.92,0.0,swissmetro,0.84,Swissmetro,2
2392,267,0.06,0.94,0.0,swissmetro,0.88,Swissmetro,2
2393,267,0.07,0.93,0.0,swissmetro,0.86,Train,1
2394,268,0.19,0.81,0.0,swissmetro,0.62,Swissmetro,2
2395,268,0.23,0.77,0.0,swissmetro,0.55,Swissmetro,2
2396,268,0.11,0.89,0.0,swissmetro,0.77,Swissmetro,2
2397,268,0.25,0.75,0.0,swissmetro,0.5,Swissmetro,2
2398,268,0.17,0.83,0.0,swissmetro,0.67,Swissmetro,2
2399,268,0.15,0.85,0.0,swissmetro,0.71,Swissmetro,2
2400,268,0.48,0.52,0.0,swissmetro,0.05,Swissmetro,2
2401,268,0.11,0.89,0.0,swissmetro,0.79,Swissmetro,2
2402,268,0.48,0.52,0.0,swissmetro,0.04,Swissmetro,2
2403,269,0.27,0.48,0.25,swissmetro,0.21,Swissmetro,2
2404,269,0.13,0.65,0.22,swissmetro,0.48,Swissmetro,2
2405,269,0.08,0.6,0.32,swissmetro,0.4,Swissmetro,2
2406,269,0.11,0.84,0.05,swissmetro,0.76,Train,1
2407,269,0.1,0.77,0.13,swissmetro,0.65,Swissmetro,2
2408,269,0.11,0.7,0.19,swissmetro,0.55,Swissmetro,2
2409,269,0.09,0.69,0.22,swissmetro,0.54,Swissmetro,2
2410,269,0.13,0.77,0.1,swissmetro,0.66,Swissmetro,2
2411,269,0.17,0.44,0.39,swissmetro,0.17,Swissmetro,2
2412,270,0.32,0.68,0.0,swissmetro,0.36,Swissmetro,2
2413,270,0.2,0.8,0.0,swissmetro,0.6,Swissmetro,2
2414,270,0.17,0.83,0.0,swissmetro,0.67,Swissmetro,2
2415,270,0.09,0.91,0.0,swissmetro,0.82,Train,1
2416,270,0.17,0.83,0.0,swissmetro,0.67,Train,1
2417,270,0.14,0.86,0.0,swissmetro,0.71,Train,1
2418,270,0.28,0.72,0.0,swissmetro,0.44,Train,1
2419,270,0.23,0.77,0.0,swissmetro,0.54,Train,1
2420,270,0.52,0.48,0.0,train,0.03,Train,1
2421,271,0.05,0.95,0.0,swissmetro,0.9,Swissmetro,2
2422,271,0.05,0.95,0.0,swissmetro,0.91,Swissmetro,2
2423,271,0.14,0.86,0.0,swissmetro,0.71,Swissmetro,2
2424,271,0.17,0.83,0.0,swissmetro,0.66,Swissmetro,2
2425,271,0.1,0.9,0.0,swissmetro,0.8,Swissmetro,2
2426,271,0.07,0.93,0.0,swissmetro,0.86,Swissmetro,2
2427,271,0.1,0.9,0.0,swissmetro,0.8,Swissmetro,2
2428,271,0.28,0.72,0.0,swissmetro,0.44,Swissmetro,2
2429,271,0.06,0.94,0.0,swissmetro,0.87,Swissmetro,2
2430,272,0.7,0.3,0.0,train,0.41,Swissmetro,2
2431,272,0.58,0.42,0.0,train,0.16,Train,1
2432,272,0.7,0.3,0.0,train,0.41,Swissmetro,2
2433,272,0.46,0.54,0.0,swissmetro,0.09,Swissmetro,2
2434,272,0.72,0.28,0.0,train,0.44,Swissmetro,2
2435,272,0.5,0.5,0.0,train,0.01,Train,1
2436,272,0.64,0.36,0.0,train,0.29,Train,1
2437,272,0.61,0.39,0.0,train,0.21,Train,1
2438,272,0.84,0.16,0.0,train,0.68,Train,1
2439,273,0.19,0.69,0.12,swissmetro,0.54,Swissmetro,2
2440,273,0.32,0.68,0.0,swissmetro,0.51,Swissmetro,2
2441,273,0.08,0.66,0.26,swissmetro,0.49,Swissmetro,2
2442,273,0.2,0.49,0.31,swissmetro,0.23,Swissmetro,2
2443,273,0.03,0.95,0.02,swissmetro,0.93,Swissmetro,2
2444,273,0.04,0.89,0.07,swissmetro,0.84,Swissmetro,2
2445,273,0.13,0.56,0.31,swissmetro,0.34,Swissmetro,2
2446,273,0.47,0.5,0.03,swissmetro,0.24,Swissmetro,2
2447,273,0.03,0.92,0.05,swissmetro,0.88,Swissmetro,2
2448,274,0.04,0.86,0.1,swissmetro,0.79,Swissmetro,2
2449,274,0.06,0.88,0.06,swissmetro,0.82,Train,1
2450,274,0.01,0.33,0.66,car,0.49,Car,3
2451,274,0.06,0.91,0.03,swissmetro,0.87,Swissmetro,2
2452,274,0.07,0.68,0.25,swissmetro,0.53,Swissmetro,2
2453,274,0.04,0.89,0.07,swissmetro,0.83,Car,3
2454,274,0.04,0.78,0.18,swissmetro,0.67,Car,3
2455,274,0.04,0.9,0.06,swissmetro,0.84,Swissmetro,2
2456,274,0.18,0.57,0.25,swissmetro,0.36,Train,1
2457,275,0.42,0.58,0.0,swissmetro,0.16,Swissmetro,2
2458,275,0.28,0.72,0.0,swissmetro,0.43,Swissmetro,2
2459,275,0.48,0.52,0.0,swissmetro,0.03,Train,1
2460,275,0.59,0.41,0.0,train,0.17,Train,1
2461,275,0.36,0.64,0.0,swissmetro,0.27,Train,1
2462,275,0.24,0.76,0.0,swissmetro,0.52,Swissmetro,2
2463,275,0.29,0.71,0.0,swissmetro,0.41,Swissmetro,2
2464,275,0.15,0.85,0.0,swissmetro,0.69,Swissmetro,2
2465,275,0.37,0.63,0.0,swissmetro,0.25,Train,1
2466,276,0.36,0.35,0.29,train,0.04,Train,1
2467,276,0.39,0.34,0.27,train,0.09,Train,1
2468,276,0.22,0.64,0.14,swissmetro,0.47,Train,1
2469,276,0.33,0.24,0.43,car,0.15,Train,1
2470,276,0.38,0.39999999999999997,0.22,swissmetro,0.11,Train,1
2471,276,0.29,0.38,0.33,swissmetro,0.06,Train,1
2472,276,0.31,0.43,0.26,swissmetro,0.15,Train,1
2473,276,0.24,0.52,0.24,swissmetro,0.28,Train,1
2474,276,0.37,0.42,0.21,swissmetro,0.13,Train,1
2475,277,0.24,0.76,0.0,swissmetro,0.52,Swissmetro,2
2476,277,0.28,0.72,0.0,swissmetro,0.44,Swissmetro,2
2477,277,0.25,0.75,0.0,swissmetro,0.5,Swissmetro,2
2478,277,0.13,0.87,0.0,swissmetro,0.74,Swissmetro,2
2479,277,0.09,0.91,0.0,swissmetro,0.82,Swissmetro,2
2480,277,0.26,0.74,0.0,swissmetro,0.49,Swissmetro,2
2481,277,0.12,0.88,0.0,swissmetro,0.75,Swissmetro,2
2482,277,0.25,0.75,0.0,swissmetro,0.51,Swissmetro,2
2483,277,0.27,0.73,0.0,swissmetro,0.46,Swissmetro,2
2484,278,0.25,0.6,0.15,swissmetro,0.4,Swissmetro,2
2485,278,0.18,0.78,0.04,swissmetro,0.68,Swissmetro,2
2486,278,0.22,0.57,0.21,swissmetro,0.36,Swissmetro,2
2487,278,0.18,0.63,0.19,swissmetro,0.45,Swissmetro,2
2488,278,0.17,0.71,0.12,swissmetro,0.56,Swissmetro,2
2489,278,0.14,0.73,0.13,swissmetro,0.59,Swissmetro,2
2490,278,0.13,0.76,0.11,swissmetro,0.65,Swissmetro,2
2491,278,0.24,0.6799999999999999,0.08,swissmetro,0.53,Swissmetro,2
2492,278,0.11,0.8,0.09,swissmetro,0.7,Swissmetro,2
2493,279,0.09,0.91,0.0,swissmetro,0.82,Swissmetro,2
2494,279,0.16,0.84,0.0,swissmetro,0.68,Swissmetro,2
2495,279,0.1,0.9,0.0,swissmetro,0.8,Swissmetro,2
2496,279,0.09,0.91,0.0,swissmetro,0.83,Train,1
2497,279,0.1,0.9,0.0,swissmetro,0.79,Swissmetro,2
2498,279,0.1,0.9,0.0,swissmetro,0.79,Swissmetro,2
2499,279,0.07,0.93,0.0,swissmetro,0.85,Swissmetro,2
2500,279,0.21,0.79,0.0,swissmetro,0.59,Swissmetro,2
2501,279,0.31,0.69,0.0,swissmetro,0.37,Swissmetro,2
2502,280,0.42,0.26,0.32,train,0.14,Train,1
2503,280,0.39,0.57,0.04,swissmetro,0.35,Train,1
2504,280,0.19,0.77,0.04,swissmetro,0.65,Train,1
2505,280,0.31,0.6,0.09,swissmetro,0.4,Train,1
2506,280,0.32,0.51,0.17,swissmetro,0.26,Train,1
2507,280,0.14,0.8099999999999999,0.05,swissmetro,0.73,Car,3
2508,280,0.15,0.6,0.25,swissmetro,0.39,Car,3
2509,280,0.26,0.6,0.14,swissmetro,0.4,Car,3
2510,280,0.29,0.5,0.21,swissmetro,0.25,Car,3
2511,281,0.05,0.9,0.05,swissmetro,0.85,Swissmetro,2
2512,281,0.32,0.56,0.12,swissmetro,0.34,Swissmetro,2
2513,281,0.1,0.68,0.22,swissmetro,0.52,Swissmetro,2
2514,281,0.12,0.87,0.01,swissmetro,0.8,Swissmetro,2
2515,281,0.22,0.66,0.12,swissmetro,0.49,Swissmetro,2
2516,281,0.14,0.84,0.02,swissmetro,0.76,Swissmetro,2
2517,281,0.17,0.67,0.16,swissmetro,0.51,Swissmetro,2
2518,281,0.11,0.86,0.03,swissmetro,0.79,Swissmetro,2
2519,281,0.29,0.54,0.17,swissmetro,0.32,Train,1
2520,282,0.25,0.34,0.41,car,0.11,Swissmetro,2
2521,282,0.29,0.52,0.19,swissmetro,0.28,Swissmetro,2
2522,282,0.12,0.7,0.18,swissmetro,0.54,Swissmetro,2
2523,282,0.2,0.3,0.5,car,0.25,Car,3
2524,282,0.12,0.49,0.39,swissmetro,0.24,Car,3
2525,282,0.1,0.24,0.66,car,0.5,Car,3
2526,282,0.06,0.53,0.41,swissmetro,0.29,Train,1
2527,282,0.15,0.41,0.44,car,0.15,Car,3
2528,282,0.1,0.31,0.59,car,0.38,Swissmetro,2
2529,283,0.07,0.87,0.06,swissmetro,0.81,Train,1
2530,283,0.07,0.92,0.01,swissmetro,0.89,Train,1
2531,283,0.07,0.68,0.25,swissmetro,0.52,Swissmetro,2
2532,283,0.07,0.77,0.16,swissmetro,0.65,Swissmetro,2
2533,283,0.06,0.89,0.05,swissmetro,0.83,Swissmetro,2
2534,283,0.03,0.89,0.08,swissmetro,0.82,Train,1
2535,283,0.06,0.8,0.14,swissmetro,0.7,Car,3
2536,283,0.16,0.76,0.08,swissmetro,0.64,Swissmetro,2
2537,283,0.04,0.9,0.06,swissmetro,0.85,Swissmetro,2
2538,284,0.16,0.84,0.0,swissmetro,0.69,Swissmetro,2
2539,284,0.13,0.87,0.0,swissmetro,0.74,Swissmetro,2
2540,284,0.65,0.35,0.0,train,0.3,Swissmetro,2
2541,284,0.52,0.48,0.0,train,0.04,Swissmetro,2
2542,284,0.47,0.53,0.0,swissmetro,0.06,Swissmetro,2
2543,284,0.17,0.83,0.0,swissmetro,0.67,Swissmetro,2
2544,284,0.26,0.74,0.0,swissmetro,0.49,Swissmetro,2
2545,284,0.45,0.55,0.0,swissmetro,0.09,Swissmetro,2
2546,284,0.19,0.81,0.0,swissmetro,0.62,Swissmetro,2
2547,285,0.13,0.79,0.08,swissmetro,0.68,Swissmetro,2
2548,285,0.1,0.77,0.13,swissmetro,0.66,Swissmetro,2
2549,285,0.18,0.8,0.02,swissmetro,0.7,Swissmetro,2
2550,285,0.12,0.2,0.68,car,0.52,Swissmetro,2
2551,285,0.28,0.58,0.14,swissmetro,0.37,Swissmetro,2
2552,285,0.09,0.51,0.4,swissmetro,0.25,Swissmetro,2
2553,285,0.16,0.61,0.23,swissmetro,0.4,Swissmetro,2
2554,285,0.1,0.64,0.26,swissmetro,0.46,Swissmetro,2
2555,285,0.47000000000000003,0.36,0.17,train,0.2,Swissmetro,2
2556,286,0.09,0.89,0.02,swissmetro,0.84,Swissmetro,2
2557,286,0.11,0.88,0.01,swissmetro,0.81,Swissmetro,2
2558,286,0.13,0.83,0.04,swissmetro,0.74,Swissmetro,2
2559,286,0.09,0.89,0.02,swissmetro,0.84,Swissmetro,2
2560,286,0.2,0.79,0.01,swissmetro,0.69,Swissmetro,2
2561,286,0.09,0.88,0.03,swissmetro,0.82,Car,3
2562,286,0.04,0.86,0.1,swissmetro,0.79,Car,3
2563,286,0.07,0.81,0.12,swissmetro,0.72,Car,3
2564,286,0.27,0.67,0.06,swissmetro,0.52,Swissmetro,2
2565,287,0.08,0.92,0.0,swissmetro,0.84,Train,1
2566,287,0.07,0.93,0.0,swissmetro,0.86,Train,1
2567,287,0.09,0.91,0.0,swissmetro,0.82,Train,1
2568,287,0.11,0.89,0.0,swissmetro,0.77,Swissmetro,2
2569,287,0.02,0.98,0.0,swissmetro,0.96,Train,1
2570,287,0.04,0.96,0.0,swissmetro,0.93,Swissmetro,2
2571,287,0.08,0.92,0.0,swissmetro,0.84,Train,1
2572,287,0.11,0.89,0.0,swissmetro,0.78,Swissmetro,2
2573,287,0.11,0.89,0.0,swissmetro,0.77,Train,1
2574,288,0.12,0.88,0.0,swissmetro,0.77,Train,1
2575,288,0.19,0.81,0.0,swissmetro,0.61,Train,1
2576,288,0.08,0.92,0.0,swissmetro,0.85,Train,1
2577,288,0.05,0.95,0.0,swissmetro,0.9,Train,1
2578,288,0.29,0.71,0.0,swissmetro,0.42,Train,1
2579,288,0.11,0.89,0.0,swissmetro,0.78,Train,1
2580,288,0.22,0.78,0.0,swissmetro,0.56,Train,1
2581,288,0.24,0.76,0.0,swissmetro,0.52,Train,1
2582,288,0.24,0.76,0.0,swissmetro,0.52,Train,1
2583,289,0.46,0.54,0.0,swissmetro,0.07,Swissmetro,2
2584,289,0.4,0.6,0.0,swissmetro,0.2,Swissmetro,2
2585,289,0.31,0.69,0.0,swissmetro,0.39,Swissmetro,2
2586,289,0.3,0.7,0.0,swissmetro,0.4,Swissmetro,2
2587,289,0.24,0.76,0.0,swissmetro,0.53,Swissmetro,2
2588,289,0.23,0.77,0.0,swissmetro,0.54,Swissmetro,2
2589,289,0.34,0.66,0.0,swissmetro,0.31,Swissmetro,2
2590,289,0.28,0.72,0.0,swissmetro,0.45,Swissmetro,2
2591,289,0.29,0.71,0.0,swissmetro,0.41,Swissmetro,2
2592,290,0.18,0.78,0.04,swissmetro,0.66,Train,1
2593,290,0.2,0.78,0.02,swissmetro,0.68,Train,1
2594,290,0.27,0.71,0.02,swissmetro,0.57,Train,1
2595,290,0.06,0.89,0.05,swissmetro,0.84,Train,1
2596,290,0.03,0.93,0.04,swissmetro,0.89,Train,1
2597,290,0.03,0.92,0.05,swissmetro,0.88,Car,3
2598,290,0.05,0.9,0.05,swissmetro,0.85,Car,3
2599,290,0.06,0.91,0.03,swissmetro,0.86,Train,1
2600,290,0.17,0.81,0.02,swissmetro,0.71,Train,1
2601,291,0.03,0.97,0.0,swissmetro,0.95,Swissmetro,2
2602,291,0.06,0.94,0.0,swissmetro,0.92,Swissmetro,2
2603,291,0.06,0.93,0.01,swissmetro,0.89,Swissmetro,2
2604,291,0.03,0.94,0.03,swissmetro,0.92,Train,1
2605,291,0.04,0.96,0.0,swissmetro,0.93,Swissmetro,2
2606,291,0.02,0.95,0.03,swissmetro,0.93,Swissmetro,2
2607,291,0.03,0.96,0.01,swissmetro,0.93,Swissmetro,2
2608,291,0.18,0.82,0.0,swissmetro,0.72,Swissmetro,2
2609,291,0.01,0.97,0.02,swissmetro,0.96,Swissmetro,2
2610,292,0.01,0.97,0.02,swissmetro,0.96,Swissmetro,2
2611,292,0.01,0.99,0.0,swissmetro,0.98,Swissmetro,2
2612,292,0.03,0.96,0.01,swissmetro,0.93,Swissmetro,2
2613,292,0.05,0.8,0.14,swissmetro,0.71,Swissmetro,2
2614,292,0.02,0.94,0.04,swissmetro,0.92,Swissmetro,2
2615,292,0.02,0.85,0.13,swissmetro,0.78,Swissmetro,2
2616,292,0.01,0.91,0.08,swissmetro,0.86,Swissmetro,2
2617,292,0.01,0.82,0.17,swissmetro,0.73,Train,1
2618,292,0.02,0.95,0.03,swissmetro,0.92,Swissmetro,2
2619,293,0.06,0.88,0.06,swissmetro,0.82,Train,1
2620,293,0.1,0.9,0.0,swissmetro,0.85,Train,1
2621,293,0.14,0.85,0.01,swissmetro,0.78,Train,1
2622,293,0.05,0.93,0.02,swissmetro,0.9,Train,1
2623,293,0.04,0.96,0.0,swissmetro,0.94,Train,1
2624,293,0.03,0.96,0.01,swissmetro,0.94,Train,1
2625,293,0.02,0.96,0.02,swissmetro,0.94,Swissmetro,2
2626,293,0.04,0.9,0.06,swissmetro,0.85,Swissmetro,2
2627,293,0.06,0.9,0.04,swissmetro,0.85,Train,1
2628,294,0.16,0.84,0.0,swissmetro,0.68,Swissmetro,2
2629,294,0.17,0.83,0.0,swissmetro,0.66,Swissmetro,2
2630,294,0.27,0.73,0.0,swissmetro,0.47,Swissmetro,2
2631,294,0.1,0.9,0.0,swissmetro,0.8,Swissmetro,2
2632,294,0.04,0.96,0.0,swissmetro,0.92,Swissmetro,2
2633,294,0.1,0.9,0.0,swissmetro,0.81,Swissmetro,2
2634,294,0.08,0.92,0.0,swissmetro,0.84,Swissmetro,2
2635,294,0.06,0.94,0.0,swissmetro,0.87,Swissmetro,2
2636,294,0.08,0.92,0.0,swissmetro,0.84,Swissmetro,2
2637,295,0.17,0.83,0.0,swissmetro,0.65,Swissmetro,2
2638,295,0.02,0.98,0.0,swissmetro,0.96,Swissmetro,2
2639,295,0.3,0.7,0.0,swissmetro,0.4,Swissmetro,2
2640,295,0.33,0.67,0.0,swissmetro,0.35,Train,1
2641,295,0.08,0.92,0.0,swissmetro,0.85,Swissmetro,2
2642,295,0.04,0.96,0.0,swissmetro,0.91,Train,1
2643,295,0.16,0.84,0.0,swissmetro,0.68,Train,1
2644,295,0.29,0.71,0.0,swissmetro,0.41,Train,1
2645,295,0.04,0.96,0.0,swissmetro,0.92,Swissmetro,2
2646,296,0.12,0.88,0.0,swissmetro,0.77,Swissmetro,2
2647,296,0.33,0.67,0.0,swissmetro,0.33,Train,1
2648,296,0.21,0.79,0.0,swissmetro,0.57,Train,1
2649,296,0.24,0.76,0.0,swissmetro,0.51,Train,1
2650,296,0.2,0.8,0.0,swissmetro,0.61,Swissmetro,2
2651,296,0.17,0.83,0.0,swissmetro,0.67,Swissmetro,2
2652,296,0.22,0.78,0.0,swissmetro,0.56,Swissmetro,2
2653,296,0.55,0.45,0.0,train,0.1,Train,1
2654,296,0.2,0.8,0.0,swissmetro,0.61,Train,1
2655,297,0.22,0.78,0.0,swissmetro,0.56,Swissmetro,2
2656,297,0.08,0.92,0.0,swissmetro,0.84,Swissmetro,2
2657,297,0.32,0.68,0.0,swissmetro,0.37,Train,1
2658,297,0.4,0.6,0.0,swissmetro,0.19,Train,1
2659,297,0.2,0.8,0.0,swissmetro,0.6,Train,1
2660,297,0.43,0.57,0.0,swissmetro,0.15,Train,1
2661,297,0.4,0.6,0.0,swissmetro,0.2,Train,1
2662,297,0.38,0.62,0.0,swissmetro,0.24,Train,1
2663,297,0.08,0.92,0.0,swissmetro,0.85,Train,1
2664,298,0.04,0.93,0.03,swissmetro,0.89,Car,3
2665,298,0.22,0.77,0.01,swissmetro,0.66,Car,3
2666,298,0.19,0.76,0.05,swissmetro,0.64,Car,3
2667,298,0.17,0.82,0.01,swissmetro,0.74,Car,3
2668,298,0.15,0.81,0.04,swissmetro,0.71,Car,3
2669,298,0.16,0.83,0.01,swissmetro,0.75,Car,3
2670,298,0.08,0.9,0.02,swissmetro,0.85,Car,3
2671,298,0.1,0.86,0.04,swissmetro,0.79,Car,3
2672,298,0.12,0.7,0.18,swissmetro,0.54,Car,3
2673,299,0.1,0.9,0.0,swissmetro,0.79,Swissmetro,2
2674,299,0.34,0.66,0.0,swissmetro,0.33,Train,1
2675,299,0.27,0.73,0.0,swissmetro,0.45,Train,1
2676,299,0.15,0.85,0.0,swissmetro,0.7,Train,1
2677,299,0.27,0.73,0.0,swissmetro,0.47,Swissmetro,2
2678,299,0.14,0.86,0.0,swissmetro,0.71,Swissmetro,2
2679,299,0.26,0.74,0.0,swissmetro,0.49,Swissmetro,2
2680,299,0.38,0.62,0.0,swissmetro,0.23,Train,1
2681,299,0.31,0.69,0.0,swissmetro,0.38,Train,1
2682,300,0.19,0.81,0.0,swissmetro,0.61,Swissmetro,2
2683,300,0.39,0.61,0.0,swissmetro,0.22,Train,1
2684,300,0.19,0.81,0.0,swissmetro,0.61,Train,1
2685,300,0.23,0.77,0.0,swissmetro,0.53,Train,1
2686,300,0.11,0.89,0.0,swissmetro,0.77,Swissmetro,2
2687,300,0.12,0.88,0.0,swissmetro,0.76,Swissmetro,2
2688,300,0.11,0.89,0.0,swissmetro,0.78,Swissmetro,2
2689,300,0.41,0.59,0.0,swissmetro,0.18,Train,1
2690,300,0.22,0.78,0.0,swissmetro,0.56,Swissmetro,2
2691,301,0.36,0.64,0.0,swissmetro,0.28,Train,1
2692,301,0.37,0.63,0.0,swissmetro,0.27,Train,1
2693,301,0.52,0.48,0.0,train,0.03,Train,1
2694,301,0.38,0.62,0.0,swissmetro,0.25,Train,1
2695,301,0.25,0.75,0.0,swissmetro,0.5,Train,1
2696,301,0.35,0.65,0.0,swissmetro,0.31,Swissmetro,2
2697,301,0.16,0.84,0.0,swissmetro,0.67,Swissmetro,2
2698,301,0.26,0.74,0.0,swissmetro,0.48,Train,1
2699,301,0.65,0.35,0.0,train,0.3,Train,1
2700,302,0.3,0.7,0.0,swissmetro,0.39,Swissmetro,2
2701,302,0.19,0.81,0.0,swissmetro,0.61,Train,1
2702,302,0.24,0.76,0.0,swissmetro,0.53,Train,1
2703,302,0.09,0.91,0.0,swissmetro,0.82,Train,1
2704,302,0.09,0.91,0.0,swissmetro,0.82,Train,1
2705,302,0.08,0.92,0.0,swissmetro,0.84,Train,1
2706,302,0.04,0.96,0.0,swissmetro,0.93,Swissmetro,2
2707,302,0.07,0.93,0.0,swissmetro,0.87,Train,1
2708,302,0.31,0.69,0.0,swissmetro,0.39,Train,1
2709,303,0.15,0.85,0.0,swissmetro,0.71,Train,1
2710,303,0.19,0.81,0.0,swissmetro,0.62,Train,1
2711,303,0.35,0.65,0.0,swissmetro,0.29,Train,1
2712,303,0.15,0.85,0.0,swissmetro,0.69,Train,1
2713,303,0.1,0.9,0.0,swissmetro,0.81,Train,1
2714,303,0.23,0.77,0.0,swissmetro,0.54,Train,1
2715,303,0.06,0.94,0.0,swissmetro,0.87,Swissmetro,2
2716,303,0.16,0.84,0.0,swissmetro,0.68,Swissmetro,2
2717,303,0.32,0.68,0.0,swissmetro,0.37,Train,1
2718,304,0.08,0.85,0.07,swissmetro,0.77,Swissmetro,2
2719,304,0.09,0.82,0.09,swissmetro,0.73,Train,1
2720,304,0.11,0.74,0.15,swissmetro,0.61,Swissmetro,2
2721,304,0.53,0.06,0.41,train,0.29,Train,1
2722,304,0.06,0.8,0.14,swissmetro,0.71,Swissmetro,2
2723,304,0.13,0.68,0.19,swissmetro,0.52,Swissmetro,2
2724,304,0.31,0.38,0.31,swissmetro,0.06,Train,1
2725,304,0.09,0.72,0.19,swissmetro,0.57,Train,1
2726,304,0.53,0.34,0.13,train,0.29,Train,1
2727,305,0.12,0.88,0.0,swissmetro,0.77,Swissmetro,2
2728,305,0.09,0.91,0.0,swissmetro,0.83,Swissmetro,2
2729,305,0.13,0.87,0.0,swissmetro,0.74,Swissmetro,2
2730,305,0.37,0.63,0.0,swissmetro,0.25,Train,1
2731,305,0.12,0.88,0.0,swissmetro,0.75,Swissmetro,2
2732,305,0.18,0.82,0.0,swissmetro,0.65,Swissmetro,2
2733,305,0.15,0.85,0.0,swissmetro,0.71,Train,1
2734,305,0.36,0.64,0.0,swissmetro,0.29,Swissmetro,2
2735,305,0.09,0.91,0.0,swissmetro,0.81,Train,1
2736,306,0.03,0.95,0.02,swissmetro,0.93,Swissmetro,2
2737,306,0.2,0.78,0.02,swissmetro,0.67,Swissmetro,2
2738,306,0.06,0.89,0.05,swissmetro,0.83,Swissmetro,2
2739,306,0.12,0.87,0.01,swissmetro,0.81,Swissmetro,2
2740,306,0.22,0.3,0.48,car,0.23,Swissmetro,2
2741,306,0.2,0.73,0.07,swissmetro,0.6,Swissmetro,2
2742,306,0.08,0.75,0.17,swissmetro,0.61,Swissmetro,2
2743,306,0.15,0.75,0.1,swissmetro,0.63,Swissmetro,2
2744,306,0.15,0.56,0.29,swissmetro,0.33,Train,1
2745,307,0.03,0.97,0.0,swissmetro,0.94,Swissmetro,2
2746,307,0.06,0.94,0.0,swissmetro,0.87,Swissmetro,2
2747,307,0.11,0.89,0.0,swissmetro,0.78,Swissmetro,2
2748,307,0.18,0.82,0.0,swissmetro,0.64,Train,1
2749,307,0.12,0.88,0.0,swissmetro,0.77,Swissmetro,2
2750,307,0.12,0.88,0.0,swissmetro,0.76,Swissmetro,2
2751,307,0.13,0.87,0.0,swissmetro,0.75,Swissmetro,2
2752,307,0.37,0.63,0.0,swissmetro,0.26,Swissmetro,2
2753,307,0.06,0.94,0.0,swissmetro,0.88,Swissmetro,2
2754,308,0.03,0.97,0.0,swissmetro,0.94,Swissmetro,2
2755,308,0.16,0.84,0.0,swissmetro,0.68,Train,1
2756,308,0.08,0.92,0.0,swissmetro,0.84,Train,1
2757,308,0.06,0.94,0.0,swissmetro,0.89,Train,1
2758,308,0.08,0.92,0.0,swissmetro,0.83,Train,1
2759,308,0.1,0.9,0.0,swissmetro,0.81,Train,1
2760,308,0.18,0.82,0.0,swissmetro,0.63,Swissmetro,2
2761,308,0.17,0.83,0.0,swissmetro,0.67,Train,1
2762,308,0.59,0.41,0.0,train,0.19,Train,1
2763,309,0.02,0.98,0.0,swissmetro,0.97,Train,1
2764,309,0.06,0.94,0.0,swissmetro,0.88,Train,1
2765,309,0.08,0.92,0.0,swissmetro,0.84,Train,1
2766,309,0.03,0.97,0.0,swissmetro,0.93,Train,1
2767,309,0.08,0.92,0.0,swissmetro,0.85,Train,1
2768,309,0.04,0.96,0.0,swissmetro,0.92,Train,1
2769,309,0.04,0.96,0.0,swissmetro,0.91,Train,1
2770,309,0.06,0.94,0.0,swissmetro,0.88,Train,1
2771,309,0.13,0.87,0.0,swissmetro,0.74,Train,1
2772,310,0.27,0.73,0.0,swissmetro,0.46,Swissmetro,2
2773,310,0.53,0.47,0.0,train,0.06,Swissmetro,2
2774,310,0.11,0.89,0.0,swissmetro,0.78,Swissmetro,2
2775,310,0.69,0.31,0.0,train,0.38,Train,1
2776,310,0.26,0.74,0.0,swissmetro,0.48,Swissmetro,2
2777,310,0.26,0.74,0.0,swissmetro,0.48,Swissmetro,2
2778,310,0.34,0.66,0.0,swissmetro,0.33,Train,1
2779,310,0.13,0.87,0.0,swissmetro,0.74,Swissmetro,2
2780,310,0.53,0.47,0.0,train,0.06,Swissmetro,2
2781,311,0.06,0.89,0.05,swissmetro,0.84,Swissmetro,2
2782,311,0.12,0.83,0.05,swissmetro,0.74,Swissmetro,2
2783,311,0.06,0.94,0.0,swissmetro,0.91,Swissmetro,2
2784,311,0.4,0.41,0.19,swissmetro,0.11,Swissmetro,2
2785,311,0.1,0.88,0.02,swissmetro,0.82,Swissmetro,2
2786,311,0.08,0.84,0.08,swissmetro,0.76,Swissmetro,2
2787,311,0.12,0.84,0.04,swissmetro,0.75,Swissmetro,2
2788,311,0.06,0.92,0.02,swissmetro,0.88,Swissmetro,2
2789,311,0.57,0.39,0.04,train,0.35,Swissmetro,2
2790,312,0.05,0.95,0.0,swissmetro,0.9,Swissmetro,2
2791,312,0.05,0.95,0.0,swissmetro,0.89,Train,1
2792,312,0.12,0.88,0.0,swissmetro,0.75,Train,1
2793,312,0.07,0.93,0.0,swissmetro,0.86,Train,1
2794,312,0.04,0.96,0.0,swissmetro,0.91,Swissmetro,2
2795,312,0.05,0.95,0.0,swissmetro,0.91,Swissmetro,2
2796,312,0.05,0.95,0.0,swissmetro,0.91,Swissmetro,2
2797,312,0.07,0.93,0.0,swissmetro,0.87,Swissmetro,2
2798,312,0.14,0.86,0.0,swissmetro,0.72,Train,1
2799,313,0.1,0.9,0.0,swissmetro,0.79,Train,1
2800,313,0.42,0.58,0.0,swissmetro,0.16,Train,1
2801,313,0.48,0.52,0.0,swissmetro,0.03,Train,1
2802,313,0.24,0.76,0.0,swissmetro,0.51,Train,1
2803,313,0.19,0.81,0.0,swissmetro,0.62,Train,1
2804,313,0.21,0.79,0.0,swissmetro,0.59,Train,1
2805,313,0.06,0.94,0.0,swissmetro,0.89,Swissmetro,2
2806,313,0.2,0.8,0.0,swissmetro,0.61,Swissmetro,2
2807,313,0.69,0.31,0.0,train,0.37,Train,1
2808,314,0.17,0.83,0.0,swissmetro,0.67,Train,1
2809,314,0.36,0.64,0.0,swissmetro,0.28,Train,1
2810,314,0.06,0.94,0.0,swissmetro,0.88,Train,1
2811,314,0.48,0.52,0.0,swissmetro,0.03,Train,1
2812,314,0.2,0.8,0.0,swissmetro,0.61,Train,1
2813,314,0.16,0.84,0.0,swissmetro,0.69,Train,1
2814,314,0.24,0.76,0.0,swissmetro,0.52,Train,1
2815,314,0.13,0.87,0.0,swissmetro,0.73,Train,1
2816,314,0.35,0.65,0.0,swissmetro,0.29,Train,1
2817,315,0.1,0.9,0.0,swissmetro,0.8,Train,1
2818,315,0.08,0.92,0.0,swissmetro,0.84,Train,1
2819,315,0.39,0.61,0.0,swissmetro,0.22,Train,1
2820,315,0.64,0.36,0.0,train,0.28,Train,1
2821,315,0.4,0.6,0.0,swissmetro,0.21,Train,1
2822,315,0.28,0.72,0.0,swissmetro,0.44,Train,1
2823,315,0.32,0.68,0.0,swissmetro,0.36,Train,1
2824,315,0.5,0.5,0.0,swissmetro,0.0,Train,1
2825,315,0.27,0.73,0.0,swissmetro,0.46,Train,1
2826,316,0.18,0.82,0.0,swissmetro,0.64,Swissmetro,2
2827,316,0.07,0.93,0.0,swissmetro,0.86,Swissmetro,2
2828,316,0.27,0.73,0.0,swissmetro,0.45,Train,1
2829,316,0.42,0.58,0.0,swissmetro,0.16,Train,1
2830,316,0.19,0.81,0.0,swissmetro,0.62,Train,1
2831,316,0.19,0.81,0.0,swissmetro,0.62,Train,1
2832,316,0.13,0.87,0.0,swissmetro,0.74,Train,1
2833,316,0.45,0.55,0.0,swissmetro,0.11,Train,1
2834,316,0.12,0.88,0.0,swissmetro,0.76,Train,1
2835,317,0.23,0.25,0.52,car,0.28,Swissmetro,2
2836,317,0.12,0.57,0.31,swissmetro,0.36,Car,3
2837,317,0.16,0.24,0.6,car,0.41,Car,3
2838,317,0.11,0.11,0.78,car,0.67,Car,3
2839,317,0.18,0.38,0.44,car,0.17,Car,3
2840,317,0.35,0.09,0.56,car,0.34,Car,3
2841,317,0.27,0.13,0.6,car,0.4,Car,3
2842,317,0.32,0.19,0.49,car,0.23,Car,3
2843,317,0.14,0.39,0.47,car,0.2,Car,3
2844,318,0.09,0.65,0.26,swissmetro,0.47,Train,1
2845,318,0.12,0.37,0.51,car,0.28,Train,1
2846,318,0.14,0.31,0.55,car,0.33,Train,1
2847,318,0.11,0.62,0.27,swissmetro,0.43,Train,1
2848,318,0.1,0.51,0.39,swissmetro,0.27,Train,1
2849,318,0.12,0.46,0.42,swissmetro,0.18,Train,1
2850,318,0.09,0.62,0.29,swissmetro,0.43,Train,1
2851,318,0.11,0.73,0.16,swissmetro,0.59,Train,1
2852,318,0.15,0.5,0.35,swissmetro,0.25,Train,1
2853,319,0.3,0.7,0.0,swissmetro,0.4,Swissmetro,2
2854,319,0.15,0.85,0.0,swissmetro,0.71,Train,1
2855,319,0.44,0.56,0.0,swissmetro,0.12,Train,1
2856,319,0.51,0.49,0.0,train,0.02,Train,1
2857,319,0.33,0.67,0.0,swissmetro,0.35,Train,1
2858,319,0.32,0.68,0.0,swissmetro,0.35,Swissmetro,2
2859,319,0.26,0.74,0.0,swissmetro,0.47,Swissmetro,2
2860,319,0.6,0.4,0.0,train,0.2,Train,1
2861,319,0.08,0.92,0.0,swissmetro,0.84,Train,1
2862,320,0.01,0.95,0.04,swissmetro,0.92,Swissmetro,2
2863,320,0.07,0.92,0.01,swissmetro,0.88,Car,3
2864,320,0.03,0.95,0.02,swissmetro,0.93,Train,1
2865,320,0.03,0.9,0.07,swissmetro,0.86,Car,3
2866,320,0.02,0.93,0.04,swissmetro,0.9,Car,3
2867,320,0.04,0.95,0.01,swissmetro,0.93,Car,3
2868,320,0.02,0.96,0.02,swissmetro,0.94,Car,3
2869,320,0.02,0.97,0.01,swissmetro,0.95,Car,3
2870,320,0.06,0.86,0.08,swissmetro,0.8,Car,3
2871,321,0.06,0.88,0.06,swissmetro,0.82,Swissmetro,2
2872,321,0.08,0.87,0.05,swissmetro,0.8,Car,3
2873,321,0.11,0.85,0.04,swissmetro,0.77,Car,3
2874,321,0.09,0.83,0.08,swissmetro,0.74,Car,3
2875,321,0.05,0.93,0.02,swissmetro,0.9,Swissmetro,2
2876,321,0.05,0.92,0.03,swissmetro,0.88,Train,1
2877,321,0.02,0.93,0.05,swissmetro,0.89,Car,3
2878,321,0.03,0.93,0.04,swissmetro,0.9,Car,3
2879,321,0.11,0.81,0.08,swissmetro,0.71,Train,1
2880,322,0.32,0.55,0.13,swissmetro,0.32,Train,1
2881,322,0.11,0.86,0.03,swissmetro,0.79,Train,1
2882,322,0.19,0.72,0.09,swissmetro,0.58,Train,1
2883,322,0.26,0.54,0.2,swissmetro,0.32,Train,1
2884,322,0.15,0.71,0.14,swissmetro,0.57,Train,1
2885,322,0.17,0.71,0.12,swissmetro,0.55,Train,1
2886,322,0.2,0.64,0.16,swissmetro,0.46,Train,1
2887,322,0.29,0.67,0.04,swissmetro,0.5,Train,1
2888,322,0.11,0.78,0.11,swissmetro,0.68,Train,1
2889,323,0.07,0.92,0.01,swissmetro,0.88,Swissmetro,2
2890,323,0.03,0.97,0.0,swissmetro,0.95,Train,1
2891,323,0.06,0.91,0.03,swissmetro,0.87,Train,1
2892,323,0.06,0.87,0.07,swissmetro,0.8,Train,1
2893,323,0.02,0.97,0.01,swissmetro,0.95,Train,1
2894,323,0.05,0.9299999999999999,0.02,swissmetro,0.9,Swissmetro,2
2895,323,0.05,0.93,0.02,swissmetro,0.89,Swissmetro,2
2896,323,0.15,0.82,0.03,swissmetro,0.73,Train,1
2897,323,0.01,0.98,0.01,swissmetro,0.97,Train,1
2898,324,0.16,0.84,0.0,swissmetro,0.69,Swissmetro,2
2899,324,0.06,0.94,0.0,swissmetro,0.87,Swissmetro,2
2900,324,0.34,0.66,0.0,swissmetro,0.32,Swissmetro,2
2901,324,0.46,0.54,0.0,swissmetro,0.09,Train,1
2902,324,0.25,0.75,0.0,swissmetro,0.49,Swissmetro,2
2903,324,0.15,0.85,0.0,swissmetro,0.71,Swissmetro,2
2904,324,0.18,0.82,0.0,swissmetro,0.65,Swissmetro,2
2905,324,0.44,0.56,0.0,swissmetro,0.12,Train,1
2906,324,0.1,0.9,0.0,swissmetro,0.8,Swissmetro,2
2907,325,0.29,0.71,0.0,swissmetro,0.41,Train,1
2908,325,0.08,0.92,0.0,swissmetro,0.84,Swissmetro,2
2909,325,0.3,0.7,0.0,swissmetro,0.4,Train,1
2910,325,0.5,0.5,0.0,swissmetro,0.0,Train,1
2911,325,0.49,0.51,0.0,swissmetro,0.01,Train,1
2912,325,0.26,0.74,0.0,swissmetro,0.48,Train,1
2913,325,0.21,0.79,0.0,swissmetro,0.58,Train,1
2914,325,0.49,0.51,0.0,swissmetro,0.03,Train,1
2915,325,0.13,0.87,0.0,swissmetro,0.73,Train,1
2916,326,0.15,0.64,0.21,swissmetro,0.46,Swissmetro,2
2917,326,0.07,0.87,0.06,swissmetro,0.81,Swissmetro,2
2918,326,0.17,0.5599999999999999,0.27,swissmetro,0.35,Train,1
2919,326,0.18,0.36,0.46,car,0.18,Train,1
2920,326,0.21,0.16,0.63,car,0.44,Train,1
2921,326,0.22,0.25,0.53,car,0.3,Train,1
2922,326,0.15,0.17,0.68,car,0.52,Train,1
2923,326,0.2,0.34,0.45999999999999996,car,0.2,Train,1
2924,326,0.1,0.36,0.54,car,0.31,Train,1
2925,327,0.03,0.97,0.0,swissmetro,0.93,Swissmetro,2
2926,327,0.13,0.87,0.0,swissmetro,0.74,Swissmetro,2
2927,327,0.06,0.94,0.0,swissmetro,0.88,Swissmetro,2
2928,327,0.09,0.91,0.0,swissmetro,0.82,Train,1
2929,327,0.17,0.83,0.0,swissmetro,0.67,Swissmetro,2
2930,327,0.12,0.88,0.0,swissmetro,0.77,Train,1
2931,327,0.12,0.88,0.0,swissmetro,0.77,Swissmetro,2
2932,327,0.12,0.88,0.0,swissmetro,0.76,Swissmetro,2
2933,327,0.25,0.75,0.0,swissmetro,0.5,Train,1
2934,328,0.17,0.36,0.47,car,0.21,Swissmetro,2
2935,328,0.12,0.58,0.3,swissmetro,0.37,Swissmetro,2
2936,328,0.22,0.19,0.59,car,0.38,Train,1
2937,328,0.21,0.2,0.59,car,0.39,Train,1
2938,328,0.22,0.39,0.39,swissmetro,0.09,Train,1
2939,328,0.29,0.34,0.37,car,0.06,Car,3
2940,328,0.27,0.17,0.5599999999999999,car,0.35,Car,3
2941,328,0.4,0.16,0.44,car,0.16,Train,1
2942,328,0.16,0.35,0.49,car,0.24,Train,1
2943,329,0.13,0.87,0.0,swissmetro,0.73,Train,1
2944,329,0.2,0.8,0.0,swissmetro,0.6,Train,1
2945,329,0.31,0.69,0.0,swissmetro,0.39,Train,1
2946,329,0.1,0.9,0.0,swissmetro,0.81,Train,1
2947,329,0.08,0.92,0.0,swissmetro,0.84,Train,1
2948,329,0.22,0.78,0.0,swissmetro,0.55,Train,1
2949,329,0.07,0.93,0.0,swissmetro,0.86,Swissmetro,2
2950,329,0.1,0.9,0.0,swissmetro,0.79,Train,1
2951,329,0.12,0.88,0.0,swissmetro,0.76,Train,1
2952,330,0.05,0.95,0.0,swissmetro,0.9,Swissmetro,2
2953,330,0.2,0.8,0.0,swissmetro,0.59,Swissmetro,2
2954,330,0.13,0.87,0.0,swissmetro,0.73,Swissmetro,2
2955,330,0.09,0.91,0.0,swissmetro,0.82,Swissmetro,2
2956,330,0.12,0.88,0.0,swissmetro,0.75,Swissmetro,2
2957,330,0.13,0.87,0.0,swissmetro,0.74,Swissmetro,2
2958,330,0.06,0.94,0.0,swissmetro,0.88,Swissmetro,2
2959,330,0.1,0.9,0.0,swissmetro,0.8,Swissmetro,2
2960,330,0.45,0.55,0.0,swissmetro,0.1,Swissmetro,2
2961,331,0.38,0.62,0.0,swissmetro,0.23,Train,1
2962,331,0.22,0.78,0.0,swissmetro,0.56,Train,1
2963,331,0.33,0.67,0.0,swissmetro,0.34,Train,1
2964,331,0.25,0.75,0.0,swissmetro,0.5,Train,1
2965,331,0.29,0.71,0.0,swissmetro,0.43,Train,1
2966,331,0.26,0.74,0.0,swissmetro,0.48,Train,1
2967,331,0.11,0.89,0.0,swissmetro,0.78,Swissmetro,2
2968,331,0.21,0.79,0.0,swissmetro,0.57,Swissmetro,2
2969,331,0.23,0.77,0.0,swissmetro,0.54,Train,1
2970,332,0.1,0.9,0.0,swissmetro,0.8,Swissmetro,2
2971,332,0.05,0.95,0.0,swissmetro,0.9,Swissmetro,2
2972,332,0.07,0.93,0.0,swissmetro,0.86,Train,1
2973,332,0.23,0.77,0.0,swissmetro,0.55,Train,1
2974,332,0.1,0.9,0.0,swissmetro,0.79,Train,1
2975,332,0.13,0.87,0.0,swissmetro,0.75,Train,1
2976,332,0.07,0.93,0.0,swissmetro,0.86,Train,1
2977,332,0.22,0.78,0.0,swissmetro,0.55,Train,1
2978,332,0.04,0.96,0.0,swissmetro,0.91,Train,1
2979,333,0.02,0.98,0.0,swissmetro,0.96,Swissmetro,2
2980,333,0.03,0.97,0.0,swissmetro,0.94,Swissmetro,2
2981,333,0.18,0.82,0.0,swissmetro,0.63,Swissmetro,2
2982,333,0.38,0.62,0.0,swissmetro,0.25,Train,1
2983,333,0.12,0.88,0.0,swissmetro,0.75,Swissmetro,2
2984,333,0.06,0.94,0.0,swissmetro,0.87,Train,1
2985,333,0.07,0.93,0.0,swissmetro,0.86,Swissmetro,2
2986,333,0.45,0.55,0.0,swissmetro,0.1,Train,1
2987,333,0.06,0.94,0.0,swissmetro,0.89,Swissmetro,2
2988,334,0.09,0.91,0.0,swissmetro,0.82,Swissmetro,2
2989,334,0.05,0.95,0.0,swissmetro,0.9,Swissmetro,2
2990,334,0.08,0.92,0.0,swissmetro,0.84,Train,1
2991,334,0.3,0.7,0.0,swissmetro,0.41,Train,1
2992,334,0.1,0.9,0.0,swissmetro,0.81,Swissmetro,2
2993,334,0.08,0.92,0.0,swissmetro,0.84,Train,1
2994,334,0.09,0.91,0.0,swissmetro,0.83,Train,1
2995,334,0.43,0.57,0.0,swissmetro,0.14,Train,1
2996,334,0.07,0.93,0.0,swissmetro,0.87,Swissmetro,2
2997,335,0.05,0.88,0.07,swissmetro,0.82,Swissmetro,2
2998,335,0.11,0.84,0.05,swissmetro,0.75,Train,1
2999,335,0.21,0.74,0.05,swissmetro,0.61,Train,1
3000,335,0.24,0.28,0.48,car,0.23,Train,1
3001,335,0.15,0.5,0.35,swissmetro,0.26,Train,1
3002,335,0.1,0.57,0.33,swissmetro,0.36,Swissmetro,2
3003,335,0.03,0.68,0.29,swissmetro,0.52,Swissmetro,2
3004,335,0.03,0.54,0.43,swissmetro,0.31,Swissmetro,2
3005,335,0.15,0.64,0.21,swissmetro,0.45,Train,1
3006,336,0.13,0.87,0.0,swissmetro,0.73,Swissmetro,2
3007,336,0.11,0.89,0.0,swissmetro,0.77,Swissmetro,2
3008,336,0.23,0.77,0.0,swissmetro,0.55,Train,1
3009,336,0.32,0.68,0.0,swissmetro,0.36,Swissmetro,2
3010,336,0.11,0.89,0.0,swissmetro,0.78,Train,1
3011,336,0.13,0.87,0.0,swissmetro,0.73,Train,1
3012,336,0.06,0.94,0.0,swissmetro,0.87,Swissmetro,2
3013,336,0.08,0.92,0.0,swissmetro,0.84,Swissmetro,2
3014,336,0.1,0.9,0.0,swissmetro,0.8,Train,1
3015,337,0.27,0.73,0.0,swissmetro,0.47,Train,1
3016,337,0.26,0.74,0.0,swissmetro,0.48,Train,1
3017,337,0.15,0.85,0.0,swissmetro,0.69,Train,1
3018,337,0.2,0.8,0.0,swissmetro,0.6,Train,1
3019,337,0.19,0.81,0.0,swissmetro,0.61,Train,1
3020,337,0.36,0.64,0.0,swissmetro,0.27,Swissmetro,2
3021,337,0.07,0.93,0.0,swissmetro,0.86,Swissmetro,2
3022,337,0.42,0.58,0.0,swissmetro,0.16,Train,1
3023,337,0.13,0.87,0.0,swissmetro,0.74,Swissmetro,2
3024,338,0.51,0.49,0.0,train,0.03,Swissmetro,2
3025,338,0.44,0.56,0.0,swissmetro,0.11,Train,1
3026,338,0.17,0.83,0.0,swissmetro,0.66,Train,1
3027,338,0.17,0.83,0.0,swissmetro,0.65,Train,1
3028,338,0.24,0.76,0.0,swissmetro,0.52,Swissmetro,2
3029,338,0.19,0.81,0.0,swissmetro,0.62,Swissmetro,2
3030,338,0.1,0.9,0.0,swissmetro,0.8,Swissmetro,2
3031,338,0.32,0.68,0.0,swissmetro,0.36,Swissmetro,2
3032,338,0.27,0.73,0.0,swissmetro,0.47,Swissmetro,2
3033,339,0.13,0.87,0.0,swissmetro,0.73,Swissmetro,2
3034,339,0.33,0.67,0.0,swissmetro,0.34,Swissmetro,2
3035,339,0.35,0.65,0.0,swissmetro,0.3,Swissmetro,2
3036,339,0.18,0.82,0.0,swissmetro,0.65,Swissmetro,2
3037,339,0.2,0.8,0.0,swissmetro,0.59,Swissmetro,2
3038,339,0.2,0.8,0.0,swissmetro,0.59,Swissmetro,2
3039,339,0.24,0.76,0.0,swissmetro,0.53,Train,1
3040,339,0.69,0.31,0.0,train,0.38,Swissmetro,2
3041,339,0.79,0.21,0.0,train,0.57,Swissmetro,2
3042,340,0.63,0.37,0.0,train,0.26,Swissmetro,2
3043,340,0.13,0.87,0.0,swissmetro,0.74,Swissmetro,2
3044,340,0.44,0.56,0.0,swissmetro,0.12,Train,1
3045,340,0.61,0.39,0.0,train,0.22,Train,1
3046,340,0.46,0.54,0.0,swissmetro,0.07,Swissmetro,2
3047,340,0.26,0.74,0.0,swissmetro,0.47,Train,1
3048,340,0.23,0.77,0.0,swissmetro,0.53,Train,1
3049,340,0.51,0.49,0.0,train,0.02,Train,1
3050,340,0.22,0.78,0.0,swissmetro,0.56,Swissmetro,2
3051,341,0.08,0.73,0.19,swissmetro,0.59,Car,3
3052,341,0.15,0.4,0.45,car,0.19,Train,1
3053,341,0.32,0.6,0.08,swissmetro,0.4,Train,1
3054,341,0.12,0.71,0.17,swissmetro,0.56,Train,1
3055,341,0.17,0.55,0.28,swissmetro,0.32,Car,3
3056,341,0.17,0.77,0.06,swissmetro,0.65,Train,1
3057,341,0.07,0.74,0.19,swissmetro,0.61,Car,3
3058,341,0.15,0.52,0.33,swissmetro,0.27,Train,1
3059,341,0.14,0.68,0.18,swissmetro,0.52,Train,1
3060,342,0.08,0.88,0.04,swissmetro,0.81,Swissmetro,2
3061,342,0.15,0.79,0.06,swissmetro,0.69,Swissmetro,2
3062,342,0.07,0.86,0.07,swissmetro,0.79,Swissmetro,2
3063,342,0.04,0.95,0.01,swissmetro,0.92,Swissmetro,2
3064,342,0.08,0.88,0.04,swissmetro,0.82,Swissmetro,2
3065,342,0.09,0.84,0.07,swissmetro,0.76,Swissmetro,2
3066,342,0.11,0.82,0.07,swissmetro,0.73,Swissmetro,2
3067,342,0.28,0.58,0.14,swissmetro,0.38,Swissmetro,2
3068,342,0.07,0.92,0.01,swissmetro,0.87,Swissmetro,2
3069,343,0.44,0.32,0.24,train,0.16,Swissmetro,2
3070,343,0.31,0.48,0.21,swissmetro,0.22,Swissmetro,2
3071,343,0.22,0.26,0.52,car,0.28,Swissmetro,2
3072,343,0.21,0.64,0.15,swissmetro,0.45,Swissmetro,2
3073,343,0.23,0.33,0.44,car,0.16,Swissmetro,2
3074,343,0.19,0.67,0.14,swissmetro,0.51,Swissmetro,2
3075,343,0.25,0.34,0.41,car,0.11,Swissmetro,2
3076,343,0.22,0.66,0.12,swissmetro,0.49,Swissmetro,2
3077,343,0.35,0.31,0.34,train,0.03,Train,1
3078,344,0.16,0.31,0.53,car,0.29,Swissmetro,2
3079,344,0.21,0.52,0.27,swissmetro,0.28,Swissmetro,2
3080,344,0.14,0.36,0.5,car,0.24,Car,3
3081,344,0.08,0.79,0.13,swissmetro,0.68,Swissmetro,2
3082,344,0.08,0.49,0.43,swissmetro,0.24,Car,3
3083,344,0.06,0.66,0.28,swissmetro,0.49,Car,3
3084,344,0.07,0.64,0.29,swissmetro,0.46,Car,3
3085,344,0.06,0.54,0.4,swissmetro,0.31,Swissmetro,2
3086,344,0.08,0.38,0.54,car,0.31,Car,3
3087,345,0.06,0.92,0.02,swissmetro,0.89,Swissmetro,2
3088,345,0.15,0.84,0.01,swissmetro,0.76,Swissmetro,2
3089,345,0.03,0.76,0.21,swissmetro,0.64,Swissmetro,2
3090,345,0.09,0.9,0.01,swissmetro,0.85,Swissmetro,2
3091,345,0.11,0.81,0.08,swissmetro,0.72,Swissmetro,2
3092,345,0.08,0.88,0.04,swissmetro,0.82,Swissmetro,2
3093,345,0.1,0.87,0.03,swissmetro,0.81,Train,1
3094,345,0.09,0.89,0.02,swissmetro,0.84,Swissmetro,2
3095,345,0.1,0.83,0.07,swissmetro,0.74,Train,1
3096,346,0.26,0.74,0.0,swissmetro,0.48,Swissmetro,2
3097,346,0.61,0.39,0.0,train,0.22,Train,1
3098,346,0.19,0.81,0.0,swissmetro,0.61,Swissmetro,2
3099,346,0.19,0.81,0.0,swissmetro,0.62,Swissmetro,2
3100,346,0.54,0.46,0.0,train,0.07,Swissmetro,2
3101,346,0.36,0.64,0.0,swissmetro,0.29,Swissmetro,2
3102,346,0.16,0.84,0.0,swissmetro,0.68,Swissmetro,2
3103,346,0.29,0.71,0.0,swissmetro,0.42,Swissmetro,2
3104,346,0.36,0.64,0.0,swissmetro,0.28,Swissmetro,2
3105,347,0.02,0.98,0.0,swissmetro,0.96,Swissmetro,2
3106,347,0.06,0.94,0.0,swissmetro,0.87,Swissmetro,2
3107,347,0.03,0.97,0.0,swissmetro,0.94,Swissmetro,2
3108,347,0.04,0.96,0.0,swissmetro,0.91,Swissmetro,2
3109,347,0.08,0.92,0.0,swissmetro,0.83,Swissmetro,2
3110,347,0.05,0.95,0.0,swissmetro,0.91,Swissmetro,2
3111,347,0.07,0.93,0.0,swissmetro,0.85,Swissmetro,2
3112,347,0.04,0.96,0.0,swissmetro,0.92,Swissmetro,2
3113,347,0.14,0.86,0.0,swissmetro,0.73,Train,1
3114,348,0.06,0.77,0.17,swissmetro,0.66,Swissmetro,2
3115,348,0.1,0.68,0.22,swissmetro,0.51,Swissmetro,2
3116,348,0.12,0.85,0.03,swissmetro,0.77,Swissmetro,2
3117,348,0.06,0.93,0.01,swissmetro,0.89,Swissmetro,2
3118,348,0.1,0.83,0.07,swissmetro,0.74,Swissmetro,2
3119,348,0.03,0.76,0.21,swissmetro,0.64,Swissmetro,2
3120,348,0.32,0.68,0.0,swissmetro,0.51,Swissmetro,2
3121,348,0.11,0.85,0.04,swissmetro,0.78,Swissmetro,2
3122,348,0.22,0.78,0.0,swissmetro,0.66,Swissmetro,2
3123,349,0.03,0.97,0.0,swissmetro,0.93,Swissmetro,2
3124,349,0.06,0.94,0.0,swissmetro,0.88,Swissmetro,2
3125,349,0.15,0.85,0.0,swissmetro,0.69,Swissmetro,2
3126,349,0.09,0.91,0.0,swissmetro,0.81,Swissmetro,2
3127,349,0.06,0.94,0.0,swissmetro,0.87,Swissmetro,2
3128,349,0.11,0.89,0.0,swissmetro,0.78,Swissmetro,2
3129,349,0.15,0.85,0.0,swissmetro,0.69,Swissmetro,2
3130,349,0.16,0.84,0.0,swissmetro,0.68,Swissmetro,2
3131,349,0.16,0.84,0.0,swissmetro,0.67,Swissmetro,2
3132,350,0.05,0.92,0.03,swissmetro,0.89,Swissmetro,2
3133,350,0.2,0.76,0.04,swissmetro,0.64,Swissmetro,2
3134,350,0.12,0.81,0.07,swissmetro,0.72,Swissmetro,2
3135,350,0.13,0.87,0.0,swissmetro,0.8,Swissmetro,2
3136,350,0.1,0.89,0.01,swissmetro,0.84,Swissmetro,2
3137,350,0.1,0.89,0.01,swissmetro,0.85,Swissmetro,2
3138,350,0.09,0.87,0.04,swissmetro,0.8,Swissmetro,2
3139,350,0.12,0.87,0.01,swissmetro,0.81,Swissmetro,2
3140,350,0.2,0.8,0.0,swissmetro,0.69,Swissmetro,2
3141,351,0.2,0.79,0.01,swissmetro,0.69,Train,1
3142,351,0.26,0.67,0.07,swissmetro,0.5,Train,1
3143,351,0.07,0.93,0.0,swissmetro,0.89,Train,1
3144,351,0.21,0.75,0.04,swissmetro,0.63,Train,1
3145,351,0.15,0.82,0.03,swissmetro,0.74,Train,1
3146,351,0.11,0.87,0.02,swissmetro,0.8,Train,1
3147,351,0.12,0.84,0.04,swissmetro,0.76,Train,1
3148,351,0.24,0.75,0.01,swissmetro,0.63,Train,1
3149,351,0.11,0.88,0.01,swissmetro,0.82,Train,1
3150,352,0.04,0.85,0.11,swissmetro,0.77,Swissmetro,2
3151,352,0.04,0.94,0.02,swissmetro,0.92,Train,1
3152,352,0.06,0.62,0.32,swissmetro,0.44,Train,1
3153,352,0.06,0.66,0.28,swissmetro,0.48,Swissmetro,2
3154,352,0.09,0.86,0.05,swissmetro,0.8,Swissmetro,2
3155,352,0.04,0.85,0.11,swissmetro,0.78,Swissmetro,2
3156,352,0.04,0.76,0.2,swissmetro,0.65,Train,1
3157,352,0.1,0.84,0.06,swissmetro,0.77,Swissmetro,2
3158,352,0.03,0.88,0.09,swissmetro,0.82,Swissmetro,2
3159,353,0.06,0.88,0.06,swissmetro,0.83,Swissmetro,2
3160,353,0.16,0.84,0.0,swissmetro,0.75,Swissmetro,2
3161,353,0.07,0.73,0.2,swissmetro,0.6,Swissmetro,2
3162,353,0.1,0.79,0.11,swissmetro,0.68,Swissmetro,2
3163,353,0.03,0.95,0.02,swissmetro,0.93,Swissmetro,2
3164,353,0.02,0.94,0.04,swissmetro,0.91,Swissmetro,2
3165,353,0.06,0.85,0.09,swissmetro,0.78,Swissmetro,2
3166,353,0.17,0.81,0.02,swissmetro,0.71,Swissmetro,2
3167,353,0.03,0.95,0.02,swissmetro,0.92,Swissmetro,2
3168,354,0.03,0.96,0.01,swissmetro,0.94,Swissmetro,2
3169,354,0.04,0.95,0.01,swissmetro,0.94,Swissmetro,2
3170,354,0.07,0.93,0.0,swissmetro,0.88,Swissmetro,2
3171,354,0.07,0.9,0.03,swissmetro,0.85,Swissmetro,2
3172,354,0.03,0.95,0.02,swissmetro,0.92,Swissmetro,2
3173,354,0.04,0.92,0.04,swissmetro,0.87,Swissmetro,2
3174,354,0.04,0.7,0.26,swissmetro,0.55,Swissmetro,2
3175,354,0.05,0.89,0.06,swissmetro,0.84,Swissmetro,2
3176,354,0.08,0.83,0.09,swissmetro,0.74,Swissmetro,2
3177,355,0.1,0.79,0.11,swissmetro,0.68,Swissmetro,2
3178,355,0.09,0.8099999999999999,0.1,swissmetro,0.73,Swissmetro,2
3179,355,0.28,0.67,0.05,swissmetro,0.5,Swissmetro,2
3180,355,0.32,0.68,0.0,swissmetro,0.52,Swissmetro,2
3181,355,0.16,0.79,0.05,swissmetro,0.67,Swissmetro,2
3182,355,0.15,0.74,0.11,swissmetro,0.6,Swissmetro,2
3183,355,0.09,0.78,0.13,swissmetro,0.66,Car,3
3184,355,0.19,0.78,0.03,swissmetro,0.67,Swissmetro,2
3185,355,0.25,0.74,0.01,swissmetro,0.62,Swissmetro,2
3186,356,0.22,0.62,0.16,swissmetro,0.44,Train,1
3187,356,0.27,0.68,0.05,swissmetro,0.52,Train,1
3188,356,0.16,0.81,0.03,swissmetro,0.71,Train,1
3189,356,0.21,0.73,0.06,swissmetro,0.58,Train,1
3190,356,0.15,0.72,0.13,swissmetro,0.57,Train,1
3191,356,0.16,0.59,0.25,swissmetro,0.39,Train,1
3192,356,0.2,0.66,0.14,swissmetro,0.48,Train,1
3193,356,0.25,0.63,0.12,swissmetro,0.44,Train,1
3194,356,0.13,0.73,0.14,swissmetro,0.61,Train,1
3195,357,0.38,0.62,0.0,swissmetro,0.24,Swissmetro,2
3196,357,0.37,0.63,0.0,swissmetro,0.26,Swissmetro,2
3197,357,0.31,0.69,0.0,swissmetro,0.39,Swissmetro,2
3198,357,0.21,0.79,0.0,swissmetro,0.59,Swissmetro,2
3199,357,0.18,0.82,0.0,swissmetro,0.64,Swissmetro,2
3200,357,0.28,0.72,0.0,swissmetro,0.44,Swissmetro,2
3201,357,0.19,0.81,0.0,swissmetro,0.63,Swissmetro,2
3202,357,0.19,0.81,0.0,swissmetro,0.61,Swissmetro,2
3203,357,0.33,0.67,0.0,swissmetro,0.35,Swissmetro,2
3204,358,0.38,0.62,0.0,swissmetro,0.24,Swissmetro,2
3205,358,0.26,0.74,0.0,swissmetro,0.47,Swissmetro,2
3206,358,0.37,0.63,0.0,swissmetro,0.27,Train,1
3207,358,0.32,0.68,0.0,swissmetro,0.37,Train,1
3208,358,0.22,0.78,0.0,swissmetro,0.55,Swissmetro,2
3209,358,0.31,0.69,0.0,swissmetro,0.38,Swissmetro,2
3210,358,0.19,0.81,0.0,swissmetro,0.61,Train,1
3211,358,0.39,0.61,0.0,swissmetro,0.21,Swissmetro,2
3212,358,0.18,0.82,0.0,swissmetro,0.65,Swissmetro,2
3213,359,0.33,0.67,0.0,swissmetro,0.35,Swissmetro,2
3214,359,0.59,0.41,0.0,train,0.18,Train,1
3215,359,0.12,0.88,0.0,swissmetro,0.75,Train,1
3216,359,0.16,0.84,0.0,swissmetro,0.68,Train,1
3217,359,0.16,0.84,0.0,swissmetro,0.68,Train,1
3218,359,0.12,0.88,0.0,swissmetro,0.76,Train,1
3219,359,0.19,0.81,0.0,swissmetro,0.62,Train,1
3220,359,0.26,0.74,0.0,swissmetro,0.49,Train,1
3221,359,0.25,0.75,0.0,swissmetro,0.51,Train,1
3222,360,0.03,0.8,0.17,swissmetro,0.7,Train,1
3223,360,0.06,0.84,0.1,swissmetro,0.76,Train,1
3224,360,0.12,0.79,0.09,swissmetro,0.7,Train,1
3225,360,0.05,0.84,0.11,swissmetro,0.76,Car,3
3226,360,0.06,0.82,0.12,swissmetro,0.73,Train,1
3227,360,0.06,0.82,0.12,swissmetro,0.73,Car,3
3228,360,0.07,0.57,0.36,swissmetro,0.35,Car,3
3229,360,0.06,0.73,0.21,swissmetro,0.59,Car,3
3230,360,0.09,0.82,0.09,swissmetro,0.73,Train,1
3231,361,0.08,0.92,0.0,swissmetro,0.84,Swissmetro,2
3232,361,0.22,0.78,0.0,swissmetro,0.55,Swissmetro,2
3233,361,0.18,0.82,0.0,swissmetro,0.64,Swissmetro,2
3234,361,0.1,0.9,0.0,swissmetro,0.81,Swissmetro,2
3235,361,0.23,0.77,0.0,swissmetro,0.54,Swissmetro,2
3236,361,0.14,0.86,0.0,swissmetro,0.71,Swissmetro,2
3237,361,0.15,0.85,0.0,swissmetro,0.69,Swissmetro,2
3238,361,0.22,0.78,0.0,swissmetro,0.57,Swissmetro,2
3239,361,0.25,0.75,0.0,swissmetro,0.49,Swissmetro,2
3240,362,0.16,0.76,0.08,swissmetro,0.64,Swissmetro,2
3241,362,0.14,0.84,0.02,swissmetro,0.76,Swissmetro,2
3242,362,0.14,0.68,0.18,swissmetro,0.52,Train,1
3243,362,0.12,0.75,0.13,swissmetro,0.62,Train,1
3244,362,0.06,0.9,0.04,swissmetro,0.85,Swissmetro,2
3245,362,0.08,0.88,0.04,swissmetro,0.81,Train,1
3246,362,0.16,0.73,0.11,swissmetro,0.6,Car,3
3247,362,0.22,0.71,0.07,swissmetro,0.57,Car,3
3248,362,0.04,0.91,0.05,swissmetro,0.86,Car,3
3249,363,0.32,0.53,0.15,swissmetro,0.29,Swissmetro,2
3250,363,0.16,0.81,0.03,swissmetro,0.71,Swissmetro,2
3251,363,0.27,0.55,0.18,swissmetro,0.32,Car,3
3252,363,0.19,0.63,0.18,swissmetro,0.44,Car,3
3253,363,0.27,0.62,0.11,swissmetro,0.42,Car,3
3254,363,0.24,0.62,0.14,swissmetro,0.43,Car,3
3255,363,0.22,0.63,0.15,swissmetro,0.45,Car,3
3256,363,0.26,0.66,0.08,swissmetro,0.5,Car,3
3257,363,0.16,0.78,0.06,swissmetro,0.68,Car,3
3258,364,0.31,0.69,0.0,swissmetro,0.37,Swissmetro,2
3259,364,0.36,0.64,0.0,swissmetro,0.27,Swissmetro,2
3260,364,0.31,0.69,0.0,swissmetro,0.38,Swissmetro,2
3261,364,0.14,0.86,0.0,swissmetro,0.72,Swissmetro,2
3262,364,0.21,0.79,0.0,swissmetro,0.58,Swissmetro,2
3263,364,0.14,0.86,0.0,swissmetro,0.71,Swissmetro,2
3264,364,0.08,0.92,0.0,swissmetro,0.84,Swissmetro,2
3265,364,0.11,0.89,0.0,swissmetro,0.78,Swissmetro,2
3266,364,0.33,0.67,0.0,swissmetro,0.35,Train,1
3267,365,0.16,0.75,0.09,swissmetro,0.63,Swissmetro,2
3268,365,0.29,0.68,0.03,swissmetro,0.52,Swissmetro,2
3269,365,0.14,0.45,0.41,swissmetro,0.17,Swissmetro,2
3270,365,0.23,0.74,0.03,swissmetro,0.61,Swissmetro,2
3271,365,0.27,0.54,0.19,swissmetro,0.31,Swissmetro,2
3272,365,0.26,0.71,0.03,swissmetro,0.57,Swissmetro,2
3273,365,0.19,0.76,0.05,swissmetro,0.64,Swissmetro,2
3274,365,0.26,0.69,0.05,swissmetro,0.54,Swissmetro,2
3275,365,0.28,0.6,0.12,swissmetro,0.39,Swissmetro,2
3276,366,0.39,0.12,0.49,car,0.24,Car,3
3277,366,0.4,0.2,0.4,train,0.1,Car,3
3278,366,0.42,0.4,0.18,train,0.13,Train,1
3279,366,0.31,0.16,0.53,car,0.3,Car,3
3280,366,0.4,0.34,0.26,train,0.1,Car,3
3281,366,0.17,0.24,0.59,car,0.39,Car,3
3282,366,0.16,0.27,0.57,car,0.35,Car,3
3283,366,0.15,0.37,0.48,car,0.23,Car,3
3284,366,0.32,0.32,0.36,car,0.04,Car,3
3285,367,0.01,0.99,0.0,swissmetro,0.98,Swissmetro,2
3286,367,0.02,0.92,0.06,swissmetro,0.88,Swissmetro,2
3287,367,0.04,0.94,0.02,swissmetro,0.91,Swissmetro,2
3288,367,0.02,0.98,0.0,swissmetro,0.97,Swissmetro,2
3289,367,0.03,0.96,0.01,swissmetro,0.94,Swissmetro,2
3290,367,0.01,0.99,0.0,swissmetro,0.97,Swissmetro,2
3291,367,0.04,0.96,0.0,swissmetro,0.93,Swissmetro,2
3292,367,0.05,0.93,0.02,swissmetro,0.89,Swissmetro,2
3293,367,0.03,0.97,0.0,swissmetro,0.95,Swissmetro,2
3294,368,0.2,0.8,0.0,swissmetro,0.59,Train,1
3295,368,0.23,0.77,0.0,swissmetro,0.54,Train,1
3296,368,0.3,0.7,0.0,swissmetro,0.41,Train,1
3297,368,0.12,0.88,0.0,swissmetro,0.76,Train,1
3298,368,0.12,0.88,0.0,swissmetro,0.76,Train,1
3299,368,0.15,0.85,0.0,swissmetro,0.71,Train,1
3300,368,0.14,0.86,0.0,swissmetro,0.71,Swissmetro,2
3301,368,0.37,0.63,0.0,swissmetro,0.27,Train,1
3302,368,0.87,0.13,0.0,train,0.75,Train,1
3303,369,0.05,0.95,0.0,swissmetro,0.92,Swissmetro,2
3304,369,0.02,0.98,0.0,swissmetro,0.96,Swissmetro,2
3305,369,0.16,0.82,0.02,swissmetro,0.73,Train,1
3306,369,0.11,0.86,0.03,swissmetro,0.79,Train,1
3307,369,0.08,0.92,0.0,swissmetro,0.87,Swissmetro,2
3308,369,0.1,0.88,0.02,swissmetro,0.82,Train,1
3309,369,0.09,0.9,0.01,swissmetro,0.85,Train,1
3310,369,0.25,0.74,0.01,swissmetro,0.61,Train,1
3311,369,0.06,0.93,0.01,swissmetro,0.9,Swissmetro,2
3312,370,0.52,0.48,0.0,train,0.04,Train,1
3313,370,0.17,0.83,0.0,swissmetro,0.66,Train,1
3314,370,0.62,0.38,0.0,train,0.24,Train,1
3315,370,0.79,0.21,0.0,train,0.58,Train,1
3316,370,0.59,0.41,0.0,train,0.18,Train,1
3317,370,0.3,0.7,0.0,swissmetro,0.4,Train,1
3318,370,0.44,0.56,0.0,swissmetro,0.12,Train,1
3319,370,0.54,0.46,0.0,train,0.07,Train,1
3320,370,0.44,0.56,0.0,swissmetro,0.11,Train,1
3321,371,0.04,0.96,0.0,swissmetro,0.91,Swissmetro,2
3322,371,0.21,0.79,0.0,swissmetro,0.58,Swissmetro,2
3323,371,0.16,0.84,0.0,swissmetro,0.68,Swissmetro,2
3324,371,0.08,0.92,0.0,swissmetro,0.84,Swissmetro,2
3325,371,0.12,0.88,0.0,swissmetro,0.75,Swissmetro,2
3326,371,0.1,0.9,0.0,swissmetro,0.81,Swissmetro,2
3327,371,0.11,0.89,0.0,swissmetro,0.78,Swissmetro,2
3328,371,0.09,0.91,0.0,swissmetro,0.81,Swissmetro,2
3329,371,0.37,0.63,0.0,swissmetro,0.27,Swissmetro,2
3330,372,0.04,0.84,0.12,swissmetro,0.76,Swissmetro,2
3331,372,0.11,0.8,0.09,swissmetro,0.7,Swissmetro,2
3332,372,0.37,0.47000000000000003,0.16,swissmetro,0.2,Swissmetro,2
3333,372,0.17,0.58,0.25,swissmetro,0.37,Swissmetro,2
3334,372,0.1,0.8,0.1,swissmetro,0.69,Swissmetro,2
3335,372,0.1,0.72,0.18,swissmetro,0.58,Swissmetro,2
3336,372,0.04,0.71,0.25,swissmetro,0.58,Swissmetro,2
3337,372,0.04,0.82,0.14,swissmetro,0.73,Swissmetro,2
3338,372,0.35,0.54,0.11,swissmetro,0.31,Swissmetro,2
3339,373,0.13,0.87,0.0,swissmetro,0.73,Train,1
3340,373,0.42,0.58,0.0,swissmetro,0.15,Train,1
3341,373,0.31,0.69,0.0,swissmetro,0.38,Train,1
3342,373,0.17,0.83,0.0,swissmetro,0.67,Train,1
3343,373,0.28,0.72,0.0,swissmetro,0.43,Train,1
3344,373,0.2,0.8,0.0,swissmetro,0.59,Train,1
3345,373,0.17,0.83,0.0,swissmetro,0.66,Train,1
3346,373,0.2,0.8,0.0,swissmetro,0.6,Train,1
3347,373,0.5,0.5,0.0,train,0.0,Train,1
3348,374,0.19,0.81,0.0,swissmetro,0.62,Train,1
3349,374,0.11,0.89,0.0,swissmetro,0.77,Train,1
3350,374,0.37,0.63,0.0,swissmetro,0.27,Train,1
3351,374,0.4,0.6,0.0,swissmetro,0.2,Train,1
3352,374,0.33,0.67,0.0,swissmetro,0.33,Train,1
3353,374,0.3,0.7,0.0,swissmetro,0.4,Train,1
3354,374,0.34,0.66,0.0,swissmetro,0.33,Train,1
3355,374,0.49,0.51,0.0,swissmetro,0.03,Train,1
3356,374,0.16,0.84,0.0,swissmetro,0.67,Train,1
3357,375,0.04,0.94,0.02,swissmetro,0.92,Train,1
3358,375,0.31,0.67,0.02,swissmetro,0.51,Train,1
3359,375,0.11,0.86,0.03,swissmetro,0.79,Train,1
3360,375,0.3,0.57,0.13,swissmetro,0.36,Train,1
3361,375,0.16,0.63,0.21,swissmetro,0.45,Train,1
3362,375,0.19,0.78,0.03,swissmetro,0.67,Train,1
3363,375,0.08,0.88,0.04,swissmetro,0.83,Train,1
3364,375,0.07,0.87,0.06,swissmetro,0.8,Train,1
3365,375,0.16,0.75,0.09,swissmetro,0.63,Train,1
3366,376,0.08,0.92,0.0,swissmetro,0.85,Swissmetro,2
3367,376,0.44,0.56,0.0,swissmetro,0.11,Train,1
3368,376,0.28,0.72,0.0,swissmetro,0.43,Train,1
3369,376,0.19,0.81,0.0,swissmetro,0.61,Swissmetro,2
3370,376,0.24,0.76,0.0,swissmetro,0.52,Swissmetro,2
3371,376,0.14,0.86,0.0,swissmetro,0.72,Swissmetro,2
3372,376,0.16,0.84,0.0,swissmetro,0.69,Swissmetro,2
3373,376,0.4,0.6,0.0,swissmetro,0.2,Swissmetro,2
3374,376,0.31,0.69,0.0,swissmetro,0.37,Swissmetro,2
3375,377,0.1,0.85,0.05,swissmetro,0.78,Swissmetro,2
3376,377,0.14,0.83,0.03,swissmetro,0.75,Train,1
3377,377,0.24,0.71,0.05,swissmetro,0.56,Train,1
3378,377,0.11,0.61,0.28,swissmetro,0.41,Train,1
3379,377,0.09,0.86,0.05,swissmetro,0.79,Swissmetro,2
3380,377,0.16,0.63,0.21,swissmetro,0.44,Train,1
3381,377,0.05,0.81,0.14,swissmetro,0.72,Swissmetro,2
3382,377,0.1,0.67,0.23,swissmetro,0.51,Swissmetro,2
3383,377,0.24,0.64,0.12,swissmetro,0.47,Train,1
3384,378,0.01,0.99,0.0,swissmetro,0.97,Swissmetro,2
3385,378,0.02,0.97,0.01,swissmetro,0.95,Train,1
3386,378,0.01,0.99,0.0,swissmetro,0.98,Swissmetro,2
3387,378,0.11,0.86,0.03,swissmetro,0.8,Train,1
3388,378,0.03,0.95,0.02,swissmetro,0.92,Train,1
3389,378,0.02,0.96,0.02,swissmetro,0.94,Train,1
3390,378,0.02,0.97,0.01,swissmetro,0.96,Train,1
3391,378,0.02,0.97,0.01,swissmetro,0.96,Train,1
3392,378,0.19,0.78,0.03,swissmetro,0.67,Train,1
3393,379,0.13,0.87,0.0,swissmetro,0.73,Swissmetro,2
3394,379,0.05,0.95,0.0,swissmetro,0.91,Swissmetro,2
3395,379,0.14,0.86,0.0,swissmetro,0.71,Train,1
3396,379,0.33,0.67,0.0,swissmetro,0.34,Train,1
3397,379,0.11,0.89,0.0,swissmetro,0.79,Swissmetro,2
3398,379,0.16,0.84,0.0,swissmetro,0.67,Train,1
3399,379,0.11,0.89,0.0,swissmetro,0.78,Train,1
3400,379,0.52,0.48,0.0,train,0.04,Train,1
3401,379,0.03,0.97,0.0,swissmetro,0.94,Swissmetro,2
3402,380,0.02,0.98,0.0,swissmetro,0.96,Swissmetro,2
3403,380,0.04,0.96,0.0,swissmetro,0.92,Swissmetro,2
3404,380,0.03,0.97,0.0,swissmetro,0.94,Swissmetro,2
3405,380,0.03,0.97,0.0,swissmetro,0.94,Swissmetro,2
3406,380,0.04,0.96,0.0,swissmetro,0.91,Swissmetro,2
3407,380,0.04,0.96,0.0,swissmetro,0.92,Swissmetro,2
3408,380,0.03,0.97,0.0,swissmetro,0.94,Swissmetro,2
3409,380,0.05,0.95,0.0,swissmetro,0.9,Swissmetro,2
3410,380,0.15,0.85,0.0,swissmetro,0.7,Swissmetro,2
3411,381,0.27,0.73,0.0,swissmetro,0.45,Swissmetro,2
3412,381,0.32,0.68,0.0,swissmetro,0.37,Swissmetro,2
3413,381,0.35,0.65,0.0,swissmetro,0.3,Train,1
3414,381,0.47,0.53,0.0,swissmetro,0.06,Train,1
3415,381,0.24,0.76,0.0,swissmetro,0.52,Train,1
3416,381,0.27,0.73,0.0,swissmetro,0.46,Train,1
3417,381,0.16,0.84,0.0,swissmetro,0.68,Swissmetro,2
3418,381,0.18,0.82,0.0,swissmetro,0.65,Swissmetro,2
3419,381,0.44,0.56,0.0,swissmetro,0.12,Train,1
3420,382,0.21,0.79,0.0,swissmetro,0.57,Train,1
3421,382,0.05,0.95,0.0,swissmetro,0.9,Swissmetro,2
3422,382,0.2,0.8,0.0,swissmetro,0.61,Swissmetro,2
3423,382,0.26,0.74,0.0,swissmetro,0.47,Swissmetro,2
3424,382,0.08,0.92,0.0,swissmetro,0.84,Swissmetro,2
3425,382,0.1,0.9,0.0,swissmetro,0.81,Swissmetro,2
3426,382,0.25,0.75,0.0,swissmetro,0.5,Swissmetro,2
3427,382,0.34,0.66,0.0,swissmetro,0.32,Swissmetro,2
3428,382,0.07,0.93,0.0,swissmetro,0.85,Swissmetro,2
3429,383,0.21,0.79,0.0,swissmetro,0.57,Train,1
3430,383,0.38,0.62,0.0,swissmetro,0.24,Train,1
3431,383,0.29,0.71,0.0,swissmetro,0.43,Train,1
3432,383,0.33,0.67,0.0,swissmetro,0.34,Train,1
3433,383,0.32,0.68,0.0,swissmetro,0.36,Train,1
3434,383,0.23,0.77,0.0,swissmetro,0.54,Train,1
3435,383,0.25,0.75,0.0,swissmetro,0.5,Train,1
3436,383,0.18,0.82,0.0,swissmetro,0.63,Train,1
3437,383,0.65,0.35,0.0,train,0.29,Train,1
3438,384,0.25,0.75,0.0,swissmetro,0.51,Train,1
3439,384,0.55,0.45,0.0,train,0.11,Train,1
3440,384,0.67,0.33,0.0,train,0.34,Train,1
3441,384,0.38,0.62,0.0,swissmetro,0.24,Train,1
3442,384,0.44,0.56,0.0,swissmetro,0.11,Train,1
3443,384,0.39,0.61,0.0,swissmetro,0.22,Train,1
3444,384,0.26,0.74,0.0,swissmetro,0.48,Train,1
3445,384,0.36,0.64,0.0,swissmetro,0.29,Train,1
3446,384,0.7,0.3,0.0,train,0.39,Train,1
3447,385,0.19,0.81,0.0,swissmetro,0.61,Train,1
3448,385,0.11,0.89,0.0,swissmetro,0.78,Swissmetro,2
3449,385,0.31,0.69,0.0,swissmetro,0.38,Train,1
3450,385,0.44,0.56,0.0,swissmetro,0.11,Train,1
3451,385,0.17,0.83,0.0,swissmetro,0.66,Train,1
3452,385,0.42,0.58,0.0,swissmetro,0.15,Train,1
3453,385,0.29,0.71,0.0,swissmetro,0.42,Train,1
3454,385,0.4,0.6,0.0,swissmetro,0.2,Train,1
3455,385,0.19,0.81,0.0,swissmetro,0.63,Train,1
3456,386,0.19,0.81,0.0,swissmetro,0.62,Swissmetro,2
3457,386,0.13,0.87,0.0,swissmetro,0.75,Swissmetro,2
3458,386,0.27,0.73,0.0,swissmetro,0.47,Train,1
3459,386,0.44,0.56,0.0,swissmetro,0.12,Train,1
3460,386,0.46,0.54,0.0,swissmetro,0.07,Train,1
3461,386,0.31,0.69,0.0,swissmetro,0.37,Train,1
3462,386,0.47,0.53,0.0,swissmetro,0.06,Train,1
3463,386,0.3,0.7,0.0,swissmetro,0.4,Train,1
3464,386,0.2,0.8,0.0,swissmetro,0.59,Train,1
3465,387,0.34,0.46,0.2,swissmetro,0.19,Train,1
3466,387,0.5,0.32,0.18,train,0.24,Train,1
3467,387,0.31,0.6,0.09,swissmetro,0.4,Train,1
3468,387,0.28,0.3,0.42,car,0.13,Train,1
3469,387,0.24,0.69,0.07,swissmetro,0.53,Train,1
3470,387,0.17,0.5,0.33,swissmetro,0.25,Train,1
3471,387,0.21,0.72,0.07,swissmetro,0.57,Train,1
3472,387,0.43,0.43,0.14,train,0.14,Train,1
3473,387,0.2,0.63,0.17,swissmetro,0.44,Train,1
3474,388,0.19,0.81,0.0,swissmetro,0.62,Swissmetro,2
3475,388,0.4,0.6,0.0,swissmetro,0.19,Train,1
3476,388,0.1,0.9,0.0,swissmetro,0.81,Train,1
3477,388,0.46,0.54,0.0,swissmetro,0.08,Train,1
3478,388,0.23,0.77,0.0,swissmetro,0.54,Train,1
3479,388,0.18,0.82,0.0,swissmetro,0.65,Train,1
3480,388,0.57,0.43,0.0,train,0.13,Train,1
3481,388,0.39,0.61,0.0,swissmetro,0.22,Train,1
3482,388,0.57,0.43,0.0,train,0.13,Train,1
3483,389,0.36,0.6,0.04,swissmetro,0.4,Car,3
3484,389,0.43,0.42,0.15,swissmetro,0.14,Train,1
3485,389,0.18,0.81,0.01,swissmetro,0.72,Swissmetro,2
3486,389,0.39,0.11,0.5,car,0.24,Train,1
3487,389,0.35,0.58,0.07,swissmetro,0.37,Swissmetro,2
3488,389,0.28,0.54,0.18,swissmetro,0.3,Train,1
3489,389,0.54,0.41,0.05,train,0.31,Swissmetro,2
3490,389,0.31,0.53,0.16,swissmetro,0.29,Train,1
3491,389,0.64,0.32,0.04,train,0.46,Train,1
3492,390,0.04,0.69,0.27,swissmetro,0.53,Swissmetro,2
3493,390,0.12,0.41,0.47,car,0.2,Swissmetro,2
3494,390,0.11,0.52,0.37,swissmetro,0.27,Swissmetro,2
3495,390,0.09,0.74,0.17,swissmetro,0.6,Swissmetro,2
3496,390,0.11,0.51,0.38,swissmetro,0.27,Train,1
3497,390,0.08,0.64,0.28,swissmetro,0.46,Train,1
3498,390,0.03,0.7,0.27,swissmetro,0.55,Train,1
3499,390,0.12,0.56,0.32,swissmetro,0.33,Train,1
3500,390,0.26,0.42,0.32,swissmetro,0.13,Train,1
3501,391,0.1,0.29,0.61,car,0.4,Car,3
3502,391,0.12,0.24,0.64,car,0.46,Car,3
3503,391,0.22,0.43,0.35,swissmetro,0.15,Car,3
3504,391,0.07,0.62,0.31,swissmetro,0.43,Car,3
3505,391,0.14,0.47,0.39,swissmetro,0.21,Car,3
3506,391,0.1,0.49,0.41,swissmetro,0.24,Car,3
3507,391,0.14,0.54,0.32,swissmetro,0.3,Car,3
3508,391,0.21,0.25,0.54,car,0.3,Car,3
3509,391,0.14,0.52,0.34,swissmetro,0.28,Car,3
3510,392,0.15,0.8,0.05,swissmetro,0.7,Train,1
3511,392,0.13,0.79,0.08,swissmetro,0.69,Train,1
3512,392,0.11,0.84,0.05,swissmetro,0.76,Train,1
3513,392,0.08,0.82,0.1,swissmetro,0.74,Train,1
3514,392,0.07,0.84,0.09,swissmetro,0.77,Train,1
3515,392,0.08,0.81,0.11,swissmetro,0.72,Train,1
3516,392,0.03,0.82,0.15,swissmetro,0.73,Train,1
3517,392,0.07,0.86,0.07,swissmetro,0.79,Train,1
3518,392,0.11,0.75,0.14,swissmetro,0.64,Train,1
3519,393,0.06,0.9,0.04,swissmetro,0.85,Swissmetro,2
3520,393,0.17,0.66,0.17,swissmetro,0.5,Train,1
3521,393,0.19,0.78,0.03,swissmetro,0.68,Train,1
3522,393,0.05,0.92,0.03,swissmetro,0.87,Swissmetro,2
3523,393,0.11,0.83,0.06,swissmetro,0.74,Swissmetro,2
3524,393,0.11,0.86,0.03,swissmetro,0.79,Swissmetro,2
3525,393,0.08,0.91,0.01,swissmetro,0.86,Swissmetro,2
3526,393,0.12,0.84,0.04,swissmetro,0.76,Train,1
3527,393,0.07,0.92,0.01,swissmetro,0.88,Swissmetro,2
3528,394,0.11,0.71,0.18,swissmetro,0.58,Swissmetro,2
3529,394,0.1,0.88,0.02,swissmetro,0.83,Swissmetro,2
3530,394,0.04,0.79,0.17,swissmetro,0.68,Swissmetro,2
3531,394,0.16,0.64,0.2,swissmetro,0.47,Train,1
3532,394,0.07,0.79,0.14,swissmetro,0.69,Train,1
3533,394,0.08,0.74,0.18,swissmetro,0.62,Train,1
3534,394,0.08,0.79,0.13,swissmetro,0.68,Swissmetro,2
3535,394,0.13,0.79,0.08,swissmetro,0.7,Train,1
3536,394,0.04,0.85,0.11,swissmetro,0.79,Swissmetro,2
3537,395,0.19,0.81,0.0,swissmetro,0.63,Swissmetro,2
3538,395,0.11,0.89,0.0,swissmetro,0.77,Swissmetro,2
3539,395,0.37,0.63,0.0,swissmetro,0.26,Swissmetro,2
3540,395,0.31,0.69,0.0,swissmetro,0.38,Swissmetro,2
3541,395,0.09,0.91,0.0,swissmetro,0.81,Swissmetro,2
3542,395,0.05,0.95,0.0,swissmetro,0.89,Train,1
3543,395,0.13,0.87,0.0,swissmetro,0.74,Swissmetro,2
3544,395,0.37,0.63,0.0,swissmetro,0.25,Swissmetro,2
3545,395,0.05,0.95,0.0,swissmetro,0.9,Swissmetro,2
3546,396,0.21,0.78,0.01,swissmetro,0.68,Swissmetro,2
3547,396,0.05,0.95,0.0,swissmetro,0.93,Swissmetro,2
3548,396,0.15,0.72,0.13,swissmetro,0.58,Swissmetro,2
3549,396,0.11,0.8,0.09,swissmetro,0.71,Swissmetro,2
3550,396,0.1,0.89,0.01,swissmetro,0.83,Swissmetro,2
3551,396,0.11,0.87,0.02,swissmetro,0.81,Car,3
3552,396,0.06,0.88,0.06,swissmetro,0.82,Swissmetro,2
3553,396,0.37,0.61,0.02,swissmetro,0.4,Swissmetro,2
3554,396,0.03,0.93,0.04,swissmetro,0.88,Swissmetro,2
3555,397,0.7,0.3,0.0,train,0.4,Train,1
3556,397,0.41,0.59,0.0,swissmetro,0.18,Train,1
3557,397,0.45,0.55,0.0,swissmetro,0.09,Train,1
3558,397,0.73,0.27,0.0,train,0.46,Train,1
3559,397,0.55,0.45,0.0,train,0.11,Train,1
3560,397,0.71,0.29,0.0,train,0.41,Train,1
3561,397,0.75,0.25,0.0,train,0.51,Train,1
3562,397,0.6,0.4,0.0,train,0.2,Train,1
3563,397,0.39,0.61,0.0,swissmetro,0.23,Train,1
3564,398,0.11,0.89,0.0,swissmetro,0.78,Train,1
3565,398,0.04,0.96,0.0,swissmetro,0.91,Swissmetro,2
3566,398,0.11,0.89,0.0,swissmetro,0.78,Swissmetro,2
3567,398,0.11,0.89,0.0,swissmetro,0.78,Train,1
3568,398,0.07,0.93,0.0,swissmetro,0.86,Swissmetro,2
3569,398,0.06,0.94,0.0,swissmetro,0.87,Swissmetro,2
3570,398,0.09,0.91,0.0,swissmetro,0.82,Swissmetro,2
3571,398,0.06,0.94,0.0,swissmetro,0.87,Train,1
3572,398,0.06,0.94,0.0,swissmetro,0.87,Swissmetro,2
3573,399,0.21,0.79,0.0,swissmetro,0.58,Swissmetro,2
3574,399,0.75,0.25,0.0,train,0.5,Train,1
3575,399,0.64,0.36,0.0,train,0.28,Train,1
3576,399,0.3,0.7,0.0,swissmetro,0.41,Train,1
3577,399,0.34,0.66,0.0,swissmetro,0.32,Train,1
3578,399,0.34,0.66,0.0,swissmetro,0.32,Train,1
3579,399,0.31,0.69,0.0,swissmetro,0.37,Swissmetro,2
3580,399,0.76,0.24,0.0,train,0.52,Train,1
3581,399,0.81,0.19,0.0,train,0.63,Train,1
3582,400,0.25,0.6,0.15,swissmetro,0.41,Swissmetro,2
3583,400,0.16,0.64,0.2,swissmetro,0.46,Swissmetro,2
3584,400,0.08,0.91,0.01,swissmetro,0.87,Swissmetro,2
3585,400,0.19,0.6,0.21,swissmetro,0.39,Swissmetro,2
3586,400,0.16,0.82,0.02,swissmetro,0.73,Swissmetro,2
3587,400,0.13,0.84,0.03,swissmetro,0.75,Swissmetro,2
3588,400,0.15,0.73,0.12,swissmetro,0.6,Swissmetro,2
3589,400,0.21,0.74,0.05,swissmetro,0.6,Swissmetro,2
3590,400,0.1,0.85,0.05,swissmetro,0.79,Swissmetro,2
3591,401,0.06,0.91,0.03,swissmetro,0.86,Swissmetro,2
3592,401,0.17,0.8,0.03,swissmetro,0.7,Swissmetro,2
3593,401,0.03,0.64,0.33,swissmetro,0.46,Swissmetro,2
3594,401,0.1,0.89,0.01,swissmetro,0.83,Swissmetro,2
3595,401,0.11,0.69,0.2,swissmetro,0.53,Swissmetro,2
3596,401,0.05,0.92,0.03,swissmetro,0.88,Swissmetro,2
3597,401,0.05,0.81,0.14,swissmetro,0.71,Swissmetro,2
3598,401,0.06,0.9,0.04,swissmetro,0.85,Swissmetro,2
3599,401,0.16,0.63,0.21,swissmetro,0.44,Train,1
3600,402,0.2,0.8,0.0,swissmetro,0.61,Swissmetro,2
3601,402,0.18,0.82,0.0,swissmetro,0.64,Swissmetro,2
3602,402,0.1,0.9,0.0,swissmetro,0.81,Swissmetro,2
3603,402,0.07,0.93,0.0,swissmetro,0.86,Swissmetro,2
3604,402,0.11,0.89,0.0,swissmetro,0.78,Swissmetro,2
3605,402,0.06,0.94,0.0,swissmetro,0.87,Swissmetro,2
3606,402,0.05,0.95,0.0,swissmetro,0.9,Swissmetro,2
3607,402,0.1,0.9,0.0,swissmetro,0.8,Swissmetro,2
3608,402,0.35,0.65,0.0,swissmetro,0.3,Train,1
3609,403,0.01,0.98,0.01,swissmetro,0.97,Swissmetro,2
3610,403,0.09,0.79,0.12,swissmetro,0.69,Swissmetro,2
3611,403,0.06,0.93,0.01,swissmetro,0.9,Swissmetro,2
3612,403,0.07,0.92,0.01,swissmetro,0.89,Swissmetro,2
3613,403,0.06,0.9,0.04,swissmetro,0.85,Swissmetro,2
3614,403,0.03,0.96,0.01,swissmetro,0.94,Swissmetro,2
3615,403,0.06,0.9400000000000001,0.0,swissmetro,0.9,Swissmetro,2
3616,403,0.11,0.86,0.03,swissmetro,0.79,Swissmetro,2
3617,403,0.05,0.95,0.0,swissmetro,0.92,Swissmetro,2
3618,404,0.08,0.89,0.03,swissmetro,0.84,Swissmetro,2
3619,404,0.07,0.93,0.0,swissmetro,0.89,Swissmetro,2
3620,404,0.27,0.63,0.1,swissmetro,0.44,Swissmetro,2
3621,404,0.25,0.63,0.12,swissmetro,0.45,Swissmetro,2
3622,404,0.2,0.8,0.0,swissmetro,0.69,Swissmetro,2
3623,404,0.07,0.89,0.04,swissmetro,0.84,Swissmetro,2
3624,404,0.08,0.79,0.13,swissmetro,0.68,Swissmetro,2
3625,404,0.35,0.63,0.02,swissmetro,0.44,Swissmetro,2
3626,404,0.06,0.87,0.07,swissmetro,0.81,Swissmetro,2
3627,405,0.12,0.68,0.2,swissmetro,0.51,Swissmetro,2
3628,405,0.14,0.36,0.5,car,0.25,Swissmetro,2
3629,405,0.17,0.69,0.14,swissmetro,0.53,Swissmetro,2
3630,405,0.08,0.74,0.18,swissmetro,0.6,Swissmetro,2
3631,405,0.13,0.65,0.22,swissmetro,0.47,Swissmetro,2
3632,405,0.2,0.61,0.19,swissmetro,0.43,Swissmetro,2
3633,405,0.06,0.74,0.2,swissmetro,0.61,Swissmetro,2
3634,405,0.1,0.78,0.12,swissmetro,0.67,Swissmetro,2
3635,405,0.16,0.52,0.32,swissmetro,0.28,Swissmetro,2
3636,406,0.01,0.94,0.05,swissmetro,0.91,Swissmetro,2
3637,406,0.19,0.71,0.1,swissmetro,0.56,Swissmetro,2
3638,406,0.11,0.56,0.33,swissmetro,0.34,Swissmetro,2
3639,406,0.12,0.79,0.09,swissmetro,0.69,Swissmetro,2
3640,406,0.18,0.34,0.48,car,0.22,Swissmetro,2
3641,406,0.16,0.65,0.19,swissmetro,0.48,Swissmetro,2
3642,406,0.04,0.85,0.11,swissmetro,0.77,Swissmetro,2
3643,406,0.1,0.76,0.14,swissmetro,0.64,Swissmetro,2
3644,406,0.13,0.61,0.26,swissmetro,0.43,Swissmetro,2
3645,407,0.03,0.97,0.0,swissmetro,0.95,Swissmetro,2
3646,407,0.02,0.98,0.0,swissmetro,0.97,Swissmetro,2
3647,407,0.03,0.88,0.09,swissmetro,0.82,Train,1
3648,407,0.08,0.86,0.06,swissmetro,0.79,Train,1
3649,407,0.03,0.94,0.03,swissmetro,0.92,Train,1
3650,407,0.03,0.95,0.02,swissmetro,0.94,Train,1
3651,407,0.03,0.93,0.04,swissmetro,0.89,Train,1
3652,407,0.14,0.83,0.03,swissmetro,0.75,Train,1
3653,407,0.03,0.95,0.02,swissmetro,0.92,Swissmetro,2
3654,408,0.11,0.76,0.13,swissmetro,0.64,Swissmetro,2
3655,408,0.21,0.75,0.04,swissmetro,0.63,Swissmetro,2
3656,408,0.29,0.62,0.09,swissmetro,0.43,Swissmetro,2
3657,408,0.16,0.63,0.21,swissmetro,0.43,Swissmetro,2
3658,408,0.08,0.82,0.1,swissmetro,0.73,Swissmetro,2
3659,408,0.13,0.74,0.13,swissmetro,0.61,Swissmetro,2
3660,408,0.08,0.71,0.21,swissmetro,0.56,Swissmetro,2
3661,408,0.15,0.69,0.16,swissmetro,0.54,Swissmetro,2
3662,408,0.57,0.17,0.26,train,0.35,Swissmetro,2
3663,409,0.06,0.9,0.04,swissmetro,0.86,Swissmetro,2
3664,409,0.18,0.78,0.04,swissmetro,0.68,Train,1
3665,409,0.07,0.91,0.02,swissmetro,0.86,Train,1
3666,409,0.09,0.82,0.09,swissmetro,0.73,Train,1
3667,409,0.08,0.89,0.03,swissmetro,0.84,Swissmetro,2
3668,409,0.05,0.82,0.13,swissmetro,0.73,Swissmetro,2
3669,409,0.07,0.86,0.07,swissmetro,0.79,Swissmetro,2
3670,409,0.07,0.81,0.12,swissmetro,0.7,Swissmetro,2
3671,409,0.29,0.66,0.05,swissmetro,0.48,Train,1
3672,410,0.06,0.93,0.01,swissmetro,0.9,Train,1
3673,410,0.04,0.96,0.0,swissmetro,0.93,Swissmetro,2
3674,410,0.03,0.97,0.0,swissmetro,0.94,Train,1
3675,410,0.09,0.9,0.01,swissmetro,0.85,Train,1
3676,410,0.05,0.94,0.01,swissmetro,0.92,Train,1
3677,410,0.03,0.96,0.01,swissmetro,0.93,Train,1
3678,410,0.04,0.93,0.03,swissmetro,0.9,Train,1
3679,410,0.04,0.93,0.02,swissmetro,0.9,Train,1
3680,410,0.25,0.74,0.01,swissmetro,0.62,Train,1
3681,411,0.05,0.92,0.03,swissmetro,0.87,Swissmetro,2
3682,411,0.06,0.93,0.01,swissmetro,0.9,Swissmetro,2
3683,411,0.06,0.76,0.18,swissmetro,0.64,Swissmetro,2
3684,411,0.1,0.8,0.1,swissmetro,0.7,Swissmetro,2
3685,411,0.05,0.92,0.03,swissmetro,0.88,Swissmetro,2
3686,411,0.04,0.87,0.09,swissmetro,0.81,Swissmetro,2
3687,411,0.05,0.8,0.15,swissmetro,0.69,Swissmetro,2
3688,411,0.09,0.88,0.03,swissmetro,0.81,Swissmetro,2
3689,411,0.04,0.9,0.06,swissmetro,0.85,Swissmetro,2
3690,412,0.16,0.5,0.34,swissmetro,0.26,Swissmetro,2
3691,412,0.06,0.84,0.1,swissmetro,0.76,Swissmetro,2
3692,412,0.2,0.46,0.34,swissmetro,0.18,Swissmetro,2
3693,412,0.11,0.66,0.23,swissmetro,0.5,Swissmetro,2
3694,412,0.21,0.55,0.24,swissmetro,0.32,Swissmetro,2
3695,412,0.07,0.77,0.16,swissmetro,0.65,Swissmetro,2
3696,412,0.13,0.66,0.21,swissmetro,0.5,Swissmetro,2
3697,412,0.18,0.67,0.15,swissmetro,0.51,Swissmetro,2
3698,412,0.1,0.8,0.1,swissmetro,0.69,Swissmetro,2
3699,413,0.02,0.91,0.07,swissmetro,0.86,Swissmetro,2
3700,413,0.21,0.62,0.17,swissmetro,0.43,Swissmetro,2
3701,413,0.07,0.58,0.35,swissmetro,0.38,Swissmetro,2
3702,413,0.04,0.91,0.05,swissmetro,0.86,Swissmetro,2
3703,413,0.06,0.8,0.14,swissmetro,0.7,Swissmetro,2
3704,413,0.04,0.91,0.05,swissmetro,0.86,Swissmetro,2
3705,413,0.04,0.92,0.04,swissmetro,0.88,Swissmetro,2
3706,413,0.04,0.93,0.03,swissmetro,0.88,Swissmetro,2
3707,413,0.14,0.71,0.15,swissmetro,0.57,Swissmetro,2
3708,414,0.09,0.9,0.01,swissmetro,0.85,Swissmetro,2
3709,414,0.13,0.86,0.01,swissmetro,0.79,Swissmetro,2
3710,414,0.17,0.82,0.01,swissmetro,0.72,Train,1
3711,414,0.13,0.75,0.12,swissmetro,0.63,Train,1
3712,414,0.1,0.89,0.01,swissmetro,0.85,Swissmetro,2
3713,414,0.07,0.9,0.03,swissmetro,0.85,Swissmetro,2
3714,414,0.06,0.84,0.1,swissmetro,0.77,Swissmetro,2
3715,414,0.09,0.88,0.03,swissmetro,0.82,Swissmetro,2
3716,414,0.07,0.86,0.07,swissmetro,0.79,Train,1
3717,415,0.08,0.83,0.09,swissmetro,0.75,Swissmetro,2
3718,415,0.19,0.68,0.13,swissmetro,0.52,Swissmetro,2
3719,415,0.14,0.63,0.23,swissmetro,0.43,Train,1
3720,415,0.14,0.78,0.08,swissmetro,0.66,Train,1
3721,415,0.05,0.64,0.31,swissmetro,0.46,Swissmetro,2
3722,415,0.06,0.75,0.19,swissmetro,0.62,Swissmetro,2
3723,415,0.03,0.85,0.12,swissmetro,0.78,Swissmetro,2
3724,415,0.05,0.85,0.1,swissmetro,0.78,Swissmetro,2
3725,415,0.08,0.72,0.2,swissmetro,0.59,Swissmetro,2
3726,416,0.46,0.53,0.01,swissmetro,0.29,Train,1
3727,416,0.14,0.83,0.03,swissmetro,0.75,Train,1
3728,416,0.17,0.83,0.0,swissmetro,0.74,Train,1
3729,416,0.24,0.26,0.5,car,0.25,Train,1
3730,416,0.15,0.7,0.15,swissmetro,0.55,Train,1
3731,416,0.13,0.59,0.28,swissmetro,0.38,Train,1
3732,416,0.24,0.66,0.1,swissmetro,0.49,Train,1
3733,416,0.09,0.6,0.31,swissmetro,0.4,Train,1
3734,416,0.36,0.38,0.26,swissmetro,0.06,Train,1
3735,417,0.05,0.93,0.02,swissmetro,0.89,Swissmetro,2
3736,417,0.04,0.95,0.01,swissmetro,0.92,Swissmetro,2
3737,417,0.05,0.94,0.01,swissmetro,0.91,Swissmetro,2
3738,417,0.03,0.58,0.39,swissmetro,0.37,Swissmetro,2
3739,417,0.1,0.84,0.06,swissmetro,0.75,Swissmetro,2
3740,417,0.33,0.62,0.05,swissmetro,0.44,Swissmetro,2
3741,417,0.14,0.26,0.6,car,0.4,Swissmetro,2
3742,417,0.33,0.5599999999999999,0.11,swissmetro,0.35,Swissmetro,2
3743,417,0.23,0.68,0.09,swissmetro,0.52,Swissmetro,2
3744,418,0.27,0.73,0.0,swissmetro,0.58,Swissmetro,2
3745,418,0.46,0.53,0.01,swissmetro,0.31,Swissmetro,2
3746,418,0.17,0.82,0.01,swissmetro,0.73,Swissmetro,2
3747,418,0.15,0.79,0.06,swissmetro,0.69,Swissmetro,2
3748,418,0.19,0.75,0.06,swissmetro,0.63,Swissmetro,2
3749,418,0.13,0.8,0.07,swissmetro,0.7,Swissmetro,2
3750,418,0.23,0.61,0.16,swissmetro,0.41,Swissmetro,2
3751,418,0.2,0.76,0.04,swissmetro,0.63,Swissmetro,2
3752,418,0.18,0.72,0.1,swissmetro,0.57,Swissmetro,2
3753,419,0.03,0.32,0.65,car,0.47,Swissmetro,2
3754,419,0.06,0.37,0.57,car,0.35,Swissmetro,2
3755,419,0.16,0.7,0.14,swissmetro,0.54,Swissmetro,2
3756,419,0.09,0.85,0.06,swissmetro,0.77,Swissmetro,2
3757,419,0.06,0.5,0.44,swissmetro,0.26,Car,3
3758,419,0.03,0.62,0.35,swissmetro,0.44,Car,3
3759,419,0.08,0.75,0.17,swissmetro,0.63,Swissmetro,2
3760,419,0.54,0.38,0.08,train,0.31,Car,3
3761,419,0.18,0.8,0.02,swissmetro,0.69,Swissmetro,2
3762,420,0.04,0.86,0.1,swissmetro,0.79,Car,3
3763,420,0.04,0.9,0.06,swissmetro,0.86,Swissmetro,2
3764,420,0.03,0.77,0.2,swissmetro,0.65,Car,3
3765,420,0.02,0.96,0.02,swissmetro,0.95,Swissmetro,2
3766,420,0.05,0.77,0.18,swissmetro,0.66,Swissmetro,2
3767,420,0.07,0.87,0.06,swissmetro,0.81,Swissmetro,2
3768,420,0.07,0.79,0.14,swissmetro,0.68,Swissmetro,2
3769,420,0.08,0.88,0.04,swissmetro,0.81,Swissmetro,2
3770,420,0.08,0.67,0.25,swissmetro,0.5,Car,3
3771,421,0.17,0.6,0.23,swissmetro,0.4,Train,1
3772,421,0.07,0.86,0.07,swissmetro,0.78,Swissmetro,2
3773,421,0.14,0.5700000000000001,0.29,swissmetro,0.34,Car,3
3774,421,0.16,0.52,0.32,swissmetro,0.27,Car,3
3775,421,0.19,0.7,0.11,swissmetro,0.56,Train,1
3776,421,0.12,0.77,0.11,swissmetro,0.65,Car,3
3777,421,0.09,0.72,0.19,swissmetro,0.59,Train,1
3778,421,0.22,0.65,0.13,swissmetro,0.48,Train,1
3779,421,0.08,0.78,0.14,swissmetro,0.68,Car,3
3780,422,0.13,0.63,0.24,swissmetro,0.46,Swissmetro,2
3781,422,0.06,0.89,0.05,swissmetro,0.82,Swissmetro,2
3782,422,0.12,0.75,0.13,swissmetro,0.62,Swissmetro,2
3783,422,0.04,0.89,0.07,swissmetro,0.83,Swissmetro,2
3784,422,0.06,0.84,0.1,swissmetro,0.76,Swissmetro,2
3785,422,0.09,0.84,0.07,swissmetro,0.76,Swissmetro,2
3786,422,0.03,0.84,0.13,swissmetro,0.77,Swissmetro,2
3787,422,0.04,0.79,0.17,swissmetro,0.68,Swissmetro,2
3788,422,0.11,0.75,0.14,swissmetro,0.63,Swissmetro,2
3789,423,0.22,0.78,0.0,swissmetro,0.55,Swissmetro,2
3790,423,0.13,0.87,0.0,swissmetro,0.75,Swissmetro,2
3791,423,0.15,0.85,0.0,swissmetro,0.69,Swissmetro,2
3792,423,0.32,0.68,0.0,swissmetro,0.36,Swissmetro,2
3793,423,0.18,0.82,0.0,swissmetro,0.64,Swissmetro,2
3794,423,0.14,0.86,0.0,swissmetro,0.72,Swissmetro,2
3795,423,0.21,0.79,0.0,swissmetro,0.59,Swissmetro,2
3796,423,0.45,0.55,0.0,swissmetro,0.1,Swissmetro,2
3797,423,0.18,0.82,0.0,swissmetro,0.65,Swissmetro,2
3798,424,0.15,0.73,0.12,swissmetro,0.59,Swissmetro,2
3799,424,0.17,0.78,0.05,swissmetro,0.68,Swissmetro,2
3800,424,0.33,0.61,0.06,swissmetro,0.41,Swissmetro,2
3801,424,0.21,0.79,0.0,swissmetro,0.69,Swissmetro,2
3802,424,0.18,0.8,0.02,swissmetro,0.71,Swissmetro,2
3803,424,0.14,0.86,0.0,swissmetro,0.78,Swissmetro,2
3804,424,0.09,0.88,0.03,swissmetro,0.81,Swissmetro,2
3805,424,0.1,0.9,0.0,swissmetro,0.85,Swissmetro,2
3806,424,0.19,0.79,0.02,swissmetro,0.69,Swissmetro,2
3807,425,0.23,0.66,0.11,swissmetro,0.49,Swissmetro,2
3808,425,0.34,0.65,0.01,swissmetro,0.47,Swissmetro,2
3809,425,0.35,0.6,0.05,swissmetro,0.4,Swissmetro,2
3810,425,0.22,0.75,0.03,swissmetro,0.63,Train,1
3811,425,0.24,0.65,0.11,swissmetro,0.47,Train,1
3812,425,0.16,0.79,0.05,swissmetro,0.67,Train,1
3813,425,0.14,0.46,0.4,swissmetro,0.18,Swissmetro,2
3814,425,0.19,0.46,0.35,swissmetro,0.19,Swissmetro,2
3815,425,0.4,0.51,0.09,swissmetro,0.26,Train,1
3816,426,0.18,0.8099999999999999,0.01,swissmetro,0.72,Swissmetro,2
3817,426,0.21,0.79,0.0,swissmetro,0.68,Swissmetro,2
3818,426,0.17,0.83,0.0,swissmetro,0.74,Swissmetro,2
3819,426,0.21,0.79,0.0,swissmetro,0.67,Swissmetro,2
3820,426,0.24,0.76,0.0,swissmetro,0.64,Swissmetro,2
3821,426,0.1,0.9,0.0,swissmetro,0.84,Swissmetro,2
3822,426,0.04,0.89,0.07,swissmetro,0.83,Swissmetro,2
3823,426,0.03,0.95,0.02,swissmetro,0.93,Swissmetro,2
3824,426,0.17,0.82,0.01,swissmetro,0.74,Swissmetro,2
3825,427,0.21,0.79,0.0,swissmetro,0.58,Swissmetro,2
3826,427,0.2,0.8,0.0,swissmetro,0.6,Train,1
3827,427,0.08,0.92,0.0,swissmetro,0.83,Swissmetro,2
3828,427,0.11,0.89,0.0,swissmetro,0.78,Train,1
3829,427,0.09,0.91,0.0,swissmetro,0.83,Train,1
3830,427,0.09,0.91,0.0,swissmetro,0.81,Swissmetro,2
3831,427,0.11,0.89,0.0,swissmetro,0.78,Swissmetro,2
3832,427,0.14,0.86,0.0,swissmetro,0.72,Train,1
3833,427,0.16,0.84,0.0,swissmetro,0.69,Swissmetro,2
3834,428,0.02,0.97,0.01,swissmetro,0.94,Swissmetro,2
3835,428,0.11,0.89,0.0,swissmetro,0.84,Swissmetro,2
3836,428,0.03,0.92,0.05,swissmetro,0.89,Swissmetro,2
3837,428,0.04,0.96,0.0,swissmetro,0.93,Swissmetro,2
3838,428,0.08,0.9,0.02,swissmetro,0.85,Swissmetro,2
3839,428,0.07,0.93,0.0,swissmetro,0.89,Swissmetro,2
3840,428,0.22,0.77,0.01,swissmetro,0.65,Swissmetro,2
3841,428,0.2,0.8,0.0,swissmetro,0.7,Swissmetro,2
3842,428,0.23,0.74,0.03,swissmetro,0.62,Swissmetro,2
3843,429,0.02,0.41,0.57,car,0.36,Swissmetro,2
3844,429,0.04,0.37,0.59,car,0.39,Swissmetro,2
3845,429,0.02,0.21,0.77,car,0.65,Swissmetro,2
3846,429,0.03,0.83,0.14,swissmetro,0.74,Swissmetro,2
3847,429,0.03,0.47,0.5,car,0.25,Swissmetro,2
3848,429,0.07,0.42,0.51,car,0.27,Swissmetro,2
3849,429,0.03,0.44,0.53,car,0.3,Swissmetro,2
3850,429,0.09,0.67,0.24,swissmetro,0.5,Swissmetro,2
3851,429,0.02,0.2,0.78,car,0.66,Swissmetro,2
3852,430,0.21,0.79,0.0,swissmetro,0.68,Swissmetro,2
3853,430,0.2,0.8,0.0,swissmetro,0.69,Swissmetro,2
3854,430,0.45,0.54,0.01,swissmetro,0.32,Swissmetro,2
3855,430,0.27,0.55,0.18,swissmetro,0.32,Car,3
3856,430,0.23,0.75,0.02,swissmetro,0.62,Train,1
3857,430,0.15,0.81,0.04,swissmetro,0.72,Swissmetro,2
3858,430,0.13,0.6,0.27,swissmetro,0.41,Car,3
3859,430,0.14,0.75,0.11,swissmetro,0.62,Car,3
3860,430,0.65,0.34,0.01,train,0.48,Car,3
3861,431,0.02,0.77,0.21,swissmetro,0.65,Swissmetro,2
3862,431,0.05,0.5,0.45,swissmetro,0.25,Swissmetro,2
3863,431,0.04,0.75,0.21,swissmetro,0.63,Swissmetro,2
3864,431,0.06,0.73,0.21,swissmetro,0.59,Swissmetro,2
3865,431,0.07,0.66,0.27,swissmetro,0.5,Swissmetro,2
3866,431,0.03,0.6,0.37,swissmetro,0.4,Swissmetro,2
3867,431,0.09,0.7,0.21,swissmetro,0.56,Swissmetro,2
3868,431,0.06,0.36,0.58,car,0.38,Swissmetro,2
3869,431,0.11,0.72,0.17,swissmetro,0.59,Swissmetro,2
3870,432,0.01,0.83,0.16,swissmetro,0.73,Swissmetro,2
3871,432,0.06,0.82,0.12,swissmetro,0.73,Train,1
3872,432,0.05,0.5,0.45,swissmetro,0.25,Train,1
3873,432,0.03,0.86,0.11,swissmetro,0.79,Train,1
3874,432,0.06,0.75,0.19,swissmetro,0.63,Train,1
3875,432,0.06,0.86,0.08,swissmetro,0.8,Train,1
3876,432,0.01,0.74,0.25,swissmetro,0.61,Swissmetro,2
3877,432,0.08,0.82,0.1,swissmetro,0.73,Train,1
3878,432,0.06,0.52,0.42,swissmetro,0.28,Train,1
3879,433,0.04,0.96,0.0,swissmetro,0.92,Swissmetro,2
3880,433,0.55,0.45,0.0,train,0.1,Train,1
3881,433,0.27,0.73,0.0,swissmetro,0.46,Train,1
3882,433,0.08,0.92,0.0,swissmetro,0.84,Train,1
3883,433,0.19,0.81,0.0,swissmetro,0.62,Train,1
3884,433,0.15,0.85,0.0,swissmetro,0.69,Train,1
3885,433,0.15,0.85,0.0,swissmetro,0.71,Train,1
3886,433,0.12,0.88,0.0,swissmetro,0.76,Train,1
3887,433,0.48,0.52,0.0,swissmetro,0.04,Train,1
3888,434,0.22,0.78,0.0,swissmetro,0.56,Swissmetro,2
3889,434,0.11,0.89,0.0,swissmetro,0.79,Swissmetro,2
3890,434,0.28,0.72,0.0,swissmetro,0.45,Train,1
3891,434,0.68,0.32,0.0,train,0.36,Train,1
3892,434,0.24,0.76,0.0,swissmetro,0.53,Train,1
3893,434,0.29,0.71,0.0,swissmetro,0.41,Train,1
3894,434,0.18,0.82,0.0,swissmetro,0.64,Swissmetro,2
3895,434,0.4,0.6,0.0,swissmetro,0.2,Train,1
3896,434,0.05,0.95,0.0,swissmetro,0.89,Swissmetro,2
3897,435,0.31,0.69,0.0,swissmetro,0.38,Train,1
3898,435,0.35,0.65,0.0,swissmetro,0.3,Train,1
3899,435,0.3,0.7,0.0,swissmetro,0.39,Train,1
3900,435,0.77,0.23,0.0,train,0.54,Train,1
3901,435,0.49,0.51,0.0,swissmetro,0.02,Train,1
3902,435,0.39,0.61,0.0,swissmetro,0.22,Train,1
3903,435,0.08,0.92,0.0,swissmetro,0.84,Swissmetro,2
3904,435,0.1,0.9,0.0,swissmetro,0.8,Train,1
3905,435,0.52,0.48,0.0,train,0.03,Train,1
3906,436,0.18,0.81,0.01,swissmetro,0.72,Swissmetro,2
3907,436,0.12,0.88,0.0,swissmetro,0.81,Swissmetro,2
3908,436,0.08,0.92,0.0,swissmetro,0.88,Swissmetro,2
3909,436,0.07,0.92,0.01,swissmetro,0.88,Swissmetro,2
3910,436,0.07,0.93,0.0,swissmetro,0.89,Swissmetro,2
3911,436,0.08,0.91,0.01,swissmetro,0.87,Swissmetro,2
3912,436,0.1,0.86,0.04,swissmetro,0.79,Swissmetro,2
3913,436,0.15,0.83,0.02,swissmetro,0.74,Swissmetro,2
3914,436,0.11,0.86,0.03,swissmetro,0.78,Swissmetro,2
3915,437,0.13,0.74,0.13,swissmetro,0.61,Train,1
3916,437,0.1,0.75,0.15,swissmetro,0.63,Swissmetro,2
3917,437,0.07,0.82,0.11,swissmetro,0.73,Car,3
3918,437,0.03,0.94,0.03,swissmetro,0.91,Swissmetro,2
3919,437,0.09,0.8,0.11,swissmetro,0.7,Car,3
3920,437,0.42,0.57,0.01,swissmetro,0.35,Swissmetro,2
3921,437,0.13,0.81,0.06,swissmetro,0.71,Car,3
3922,437,0.24,0.74,0.02,swissmetro,0.62,Swissmetro,2
3923,437,0.23,0.7,0.07,swissmetro,0.55,Car,3
3924,438,0.38,0.62,0.0,swissmetro,0.23,Swissmetro,2
3925,438,0.22,0.78,0.0,swissmetro,0.56,Swissmetro,2
3926,438,0.53,0.47,0.0,train,0.06,Train,1
3927,438,0.58,0.42,0.0,train,0.15,Train,1
3928,438,0.43,0.57,0.0,swissmetro,0.14,Swissmetro,2
3929,438,0.43,0.57,0.0,swissmetro,0.15,Train,1
3930,438,0.41,0.59,0.0,swissmetro,0.17,Swissmetro,2
3931,438,0.61,0.39,0.0,train,0.23,Train,1
3932,438,0.36,0.64,0.0,swissmetro,0.28,Swissmetro,2
3933,439,0.1,0.84,0.06,swissmetro,0.76,Swissmetro,2
3934,439,0.11,0.84,0.05,swissmetro,0.77,Train,1
3935,439,0.09,0.85,0.06,swissmetro,0.77,Train,1
3936,439,0.07,0.86,0.07,swissmetro,0.78,Train,1
3937,439,0.15,0.83,0.02,swissmetro,0.75,Swissmetro,2
3938,439,0.07,0.87,0.06,swissmetro,0.81,Swissmetro,2
3939,439,0.07,0.8,0.13,swissmetro,0.7,Swissmetro,2
3940,439,0.23,0.61,0.16,swissmetro,0.42,Swissmetro,2
3941,439,0.27,0.59,0.14,swissmetro,0.39,Train,1
3942,440,0.4,0.42,0.18,swissmetro,0.13,Swissmetro,2
3943,440,0.38,0.61,0.01,swissmetro,0.41,Swissmetro,2
3944,440,0.25,0.73,0.02,swissmetro,0.59,Swissmetro,2
3945,440,0.36,0.44,0.2,swissmetro,0.15,Swissmetro,2
3946,440,0.25,0.64,0.11,swissmetro,0.46,Swissmetro,2
3947,440,0.27,0.32,0.41,car,0.11,Swissmetro,2
3948,440,0.19,0.62,0.19,swissmetro,0.44,Swissmetro,2
3949,440,0.26,0.6,0.14,swissmetro,0.4,Swissmetro,2
3950,440,0.36,0.45,0.19,swissmetro,0.17,Swissmetro,2
3951,441,0.05,0.95,0.0,swissmetro,0.89,Swissmetro,2
3952,441,0.03,0.97,0.0,swissmetro,0.94,Swissmetro,2
3953,441,0.07,0.93,0.0,swissmetro,0.85,Swissmetro,2
3954,441,0.16,0.84,0.0,swissmetro,0.67,Swissmetro,2
3955,441,0.13,0.87,0.0,swissmetro,0.74,Swissmetro,2
3956,441,0.12,0.88,0.0,swissmetro,0.76,Swissmetro,2
3957,441,0.08,0.92,0.0,swissmetro,0.85,Swissmetro,2
3958,441,0.14,0.86,0.0,swissmetro,0.72,Swissmetro,2
3959,441,0.1,0.9,0.0,swissmetro,0.8,Train,1
3960,442,0.17,0.58,0.25,swissmetro,0.37,Swissmetro,2
3961,442,0.21,0.76,0.03,swissmetro,0.64,Swissmetro,2
3962,442,0.04,0.82,0.14,swissmetro,0.73,Car,3
3963,442,0.05,0.95,0.0,swissmetro,0.92,Swissmetro,2
3964,442,0.11,0.86,0.03,swissmetro,0.79,Swissmetro,2
3965,442,0.03,0.96,0.01,swissmetro,0.95,Swissmetro,2
3966,442,0.12,0.72,0.16,swissmetro,0.58,Swissmetro,2
3967,442,0.08,0.87,0.05,swissmetro,0.8,Swissmetro,2
3968,442,0.38,0.42,0.2,swissmetro,0.13,Swissmetro,2
3969,443,0.09,0.89,0.02,swissmetro,0.83,Swissmetro,2
3970,443,0.02,0.97,0.01,swissmetro,0.95,Swissmetro,2
3971,443,0.04,0.84,0.12,swissmetro,0.76,Swissmetro,2
3972,443,0.05,0.89,0.06,swissmetro,0.84,Car,3
3973,443,0.04,0.91,0.05,swissmetro,0.87,Swissmetro,2
3974,443,0.03,0.94,0.03,swissmetro,0.91,Swissmetro,2
3975,443,0.05,0.88,0.07,swissmetro,0.82,Car,3
3976,443,0.23,0.75,0.02,swissmetro,0.62,Swissmetro,2
3977,443,0.03,0.94,0.03,swissmetro,0.9,Car,3
3978,444,0.08,0.87,0.05,swissmetro,0.8,Swissmetro,2
3979,444,0.13,0.83,0.04,swissmetro,0.75,Swissmetro,2
3980,444,0.06,0.72,0.22,swissmetro,0.59,Swissmetro,2
3981,444,0.07,0.88,0.05,swissmetro,0.82,Swissmetro,2
3982,444,0.05,0.93,0.02,swissmetro,0.89,Swissmetro,2
3983,444,0.02,0.92,0.06,swissmetro,0.89,Swissmetro,2
3984,444,0.03,0.85,0.12,swissmetro,0.77,Swissmetro,2
3985,444,0.03,0.96,0.01,swissmetro,0.94,Swissmetro,2
3986,444,0.06,0.9,0.04,swissmetro,0.85,Swissmetro,2
3987,445,0.38,0.61,0.01,swissmetro,0.4,Swissmetro,2
3988,445,0.19,0.81,0.0,swissmetro,0.71,Swissmetro,2
3989,445,0.35,0.46,0.19,swissmetro,0.19,Train,1
3990,445,0.24,0.63,0.13,swissmetro,0.46,Train,1
3991,445,0.17,0.82,0.01,swissmetro,0.73,Swissmetro,2
3992,445,0.23,0.74,0.03,swissmetro,0.61,Swissmetro,2
3993,445,0.18,0.73,0.09,swissmetro,0.59,Train,1
3994,445,0.18,0.8,0.02,swissmetro,0.7,Train,1
3995,445,0.14,0.82,0.04,swissmetro,0.73,Swissmetro,2
3996,446,0.03,0.88,0.09,swissmetro,0.81,Swissmetro,2
3997,446,0.02,0.95,0.03,swissmetro,0.93,Swissmetro,2
3998,446,0.02,0.67,0.31,swissmetro,0.5,Car,3
3999,446,0.11,0.62,0.27,swissmetro,0.43,Car,3
4000,446,0.18,0.81,0.01,swissmetro,0.71,Swissmetro,2
4001,446,0.09,0.75,0.16,swissmetro,0.62,Swissmetro,2
4002,446,0.07,0.47000000000000003,0.46,swissmetro,0.2,Swissmetro,2
4003,446,0.2,0.78,0.02,swissmetro,0.66,Swissmetro,2
4004,446,0.05,0.9,0.05,swissmetro,0.86,Swissmetro,2
4005,447,0.06,0.87,0.07,swissmetro,0.8,Swissmetro,2
4006,447,0.04,0.96,0.0,swissmetro,0.93,Swissmetro,2
4007,447,0.05,0.86,0.09,swissmetro,0.79,Swissmetro,2
4008,447,0.06,0.86,0.08,swissmetro,0.8,Swissmetro,2
4009,447,0.09,0.9,0.01,swissmetro,0.85,Swissmetro,2
4010,447,0.04,0.93,0.02,swissmetro,0.9,Swissmetro,2
4011,447,0.03,0.89,0.08,swissmetro,0.83,Swissmetro,2
4012,447,0.21,0.78,0.01,swissmetro,0.68,Swissmetro,2
4013,447,0.03,0.96,0.01,swissmetro,0.94,Swissmetro,2
4014,448,0.05,0.75,0.2,swissmetro,0.63,Car,3
4015,448,0.08,0.84,0.08,swissmetro,0.76,Swissmetro,2
4016,448,0.1,0.87,0.03,swissmetro,0.8,Swissmetro,2
4017,448,0.07,0.85,0.08,swissmetro,0.78,Car,3
4018,448,0.03,0.91,0.06,swissmetro,0.86,Swissmetro,2
4019,448,0.08,0.88,0.04,swissmetro,0.82,Car,3
4020,448,0.06,0.86,0.08,swissmetro,0.79,Car,3
4021,448,0.05,0.87,0.08,swissmetro,0.8,Car,3
4022,448,0.2,0.77,0.03,swissmetro,0.66,Swissmetro,2
4023,449,0.03,0.89,0.08,swissmetro,0.84,Swissmetro,2
4024,449,0.14,0.82,0.04,swissmetro,0.73,Swissmetro,2
4025,449,0.04,0.74,0.22,swissmetro,0.61,Car,3
4026,449,0.04,0.93,0.03,swissmetro,0.89,Swissmetro,2
4027,449,0.05,0.79,0.16,swissmetro,0.68,Car,3
4028,449,0.04,0.92,0.04,swissmetro,0.88,Swissmetro,2
4029,449,0.07,0.76,0.17,swissmetro,0.64,Car,3
4030,449,0.05,0.88,0.07,swissmetro,0.82,Car,3
4031,449,0.12,0.61,0.27,swissmetro,0.42,Car,3
4032,450,0.05,0.92,0.03,swissmetro,0.88,Swissmetro,2
4033,450,0.06,0.9299999999999999,0.01,swissmetro,0.9,Swissmetro,2
4034,450,0.12,0.61,0.27,swissmetro,0.42,Swissmetro,2
4035,450,0.11,0.71,0.18,swissmetro,0.57,Swissmetro,2
4036,450,0.29,0.68,0.03,swissmetro,0.52,Swissmetro,2
4037,450,0.11,0.8,0.09,swissmetro,0.7,Swissmetro,2
4038,450,0.09,0.64,0.27,swissmetro,0.46,Swissmetro,2
4039,450,0.21,0.74,0.05,swissmetro,0.61,Swissmetro,2
4040,450,0.11,0.83,0.06,swissmetro,0.74,Swissmetro,2
4041,451,0.1,0.76,0.14,swissmetro,0.65,Swissmetro,2
4042,451,0.1,0.86,0.04,swissmetro,0.79,Swissmetro,2
4043,451,0.09,0.84,0.07,swissmetro,0.76,Swissmetro,2
4044,451,0.16,0.74,0.1,swissmetro,0.62,Swissmetro,2
4045,451,0.07,0.84,0.09,swissmetro,0.76,Swissmetro,2
4046,451,0.19,0.71,0.1,swissmetro,0.56,Swissmetro,2
4047,451,0.04,0.63,0.33,swissmetro,0.45,Swissmetro,2
4048,451,0.08,0.79,0.13,swissmetro,0.69,Swissmetro,2
4049,451,0.11,0.79,0.1,swissmetro,0.68,Swissmetro,2
4050,452,0.54,0.21,0.25,train,0.31,Train,1
4051,452,0.37,0.45,0.18,swissmetro,0.17,Train,1
4052,452,0.56,0.27,0.17,train,0.34,Train,1
4053,452,0.37,0.21,0.42,car,0.13,Train,1
4054,452,0.48,0.42,0.1,train,0.22,Train,1
4055,452,0.41000000000000003,0.3,0.29,train,0.11,Train,1
4056,452,0.32,0.19,0.49,car,0.24,Train,1
4057,452,0.19,0.38,0.43,car,0.15,Train,1
4058,452,0.41000000000000003,0.29,0.3,train,0.11,Train,1
4059,453,0.06,0.93,0.01,swissmetro,0.89,Swissmetro,2
4060,453,0.07,0.93,0.0,swissmetro,0.89,Swissmetro,2
4061,453,0.17,0.8,0.03,swissmetro,0.7,Swissmetro,2
4062,453,0.15,0.82,0.03,swissmetro,0.74,Swissmetro,2
4063,453,0.06,0.9400000000000001,0.0,swissmetro,0.9,Swissmetro,2
4064,453,0.04,0.95,0.01,swissmetro,0.92,Swissmetro,2
4065,453,0.03,0.89,0.08,swissmetro,0.84,Swissmetro,2
4066,453,0.34,0.65,0.01,swissmetro,0.48,Swissmetro,2
4067,453,0.03,0.94,0.03,swissmetro,0.9,Swissmetro,2
4068,454,0.02,0.98,0.0,swissmetro,0.97,Swissmetro,2
4069,454,0.03,0.97,0.0,swissmetro,0.96,Swissmetro,2
4070,454,0.01,0.93,0.06,swissmetro,0.89,Car,3
4071,454,0.02,0.98,0.0,swissmetro,0.97,Car,3
4072,454,0.03,0.92,0.05,swissmetro,0.87,Car,3
4073,454,0.03,0.97,0.0,swissmetro,0.95,Car,3
4074,454,0.05,0.92,0.03,swissmetro,0.88,Swissmetro,2
4075,454,0.06,0.93,0.01,swissmetro,0.9,Swissmetro,2
4076,454,0.22,0.77,0.01,swissmetro,0.66,Car,3
4077,455,0.28,0.62,0.1,swissmetro,0.42,Car,3
4078,455,0.14,0.84,0.02,swissmetro,0.77,Swissmetro,2
4079,455,0.17,0.8,0.03,swissmetro,0.7,Swissmetro,2
4080,455,0.19,0.74,0.07,swissmetro,0.62,Car,3
4081,455,0.03,0.93,0.04,swissmetro,0.89,Car,3
4082,455,0.04,0.94,0.02,swissmetro,0.91,Swissmetro,2
4083,455,0.04,0.89,0.07,swissmetro,0.84,Car,3
4084,455,0.03,0.88,0.09,swissmetro,0.83,Swissmetro,2
4085,455,0.1,0.86,0.04,swissmetro,0.79,Swissmetro,2
4086,456,0.03,0.21,0.76,car,0.64,Car,3
4087,456,0.14,0.53,0.33,swissmetro,0.29,Swissmetro,2
4088,456,0.14,0.29,0.57,car,0.36,Swissmetro,2
4089,456,0.1,0.12,0.78,car,0.68,Car,3
4090,456,0.13,0.36,0.51,car,0.25,Car,3
4091,456,0.1,0.33,0.57,car,0.36,Car,3
4092,456,0.03,0.11,0.86,car,0.8,Car,3
4093,456,0.03,0.32,0.65,car,0.47,Car,3
4094,456,0.16,0.23,0.61,car,0.4,Car,3
4095,457,0.01,0.94,0.05,swissmetro,0.9,Swissmetro,2
4096,457,0.02,0.97,0.01,swissmetro,0.96,Train,1
4097,457,0.04,0.74,0.22,swissmetro,0.6,Car,3
4098,457,0.03,0.9,0.07,swissmetro,0.86,Car,3
4099,457,0.04,0.93,0.03,swissmetro,0.9,Swissmetro,2
4100,457,0.01,0.87,0.12,swissmetro,0.8,Swissmetro,2
4101,457,0.02,0.67,0.31,swissmetro,0.51,Car,3
4102,457,0.11,0.77,0.12,swissmetro,0.65,Swissmetro,2
4103,457,0.01,0.92,0.07,swissmetro,0.88,Swissmetro,2
4104,458,0.03,0.81,0.16,swissmetro,0.71,Swissmetro,2
4105,458,0.03,0.9,0.07,swissmetro,0.85,Swissmetro,2
4106,458,0.02,0.52,0.46,swissmetro,0.27,Car,3
4107,458,0.08,0.5,0.42,swissmetro,0.25,Car,3
4108,458,0.05,0.81,0.14,swissmetro,0.72,Swissmetro,2
4109,458,0.06,0.53,0.41,swissmetro,0.3,Car,3
4110,458,0.05,0.49,0.46,swissmetro,0.24,Car,3
4111,458,0.14,0.71,0.15,swissmetro,0.56,Swissmetro,2
4112,458,0.02,0.72,0.26,swissmetro,0.57,Swissmetro,2
4113,459,0.01,0.94,0.05,swissmetro,0.91,Car,3
4114,459,0.03,0.9,0.07,swissmetro,0.84,Swissmetro,2
4115,459,0.03,0.92,0.05,swissmetro,0.89,Swissmetro,2
4116,459,0.03,0.92,0.05,swissmetro,0.88,Swissmetro,2
4117,459,0.02,0.94,0.04,swissmetro,0.9,Swissmetro,2
4118,459,0.02,0.94,0.04,swissmetro,0.91,Swissmetro,2
4119,459,0.01,0.84,0.15,swissmetro,0.77,Car,3
4120,459,0.02,0.68,0.3,swissmetro,0.51,Car,3
4121,459,0.1,0.61,0.29,swissmetro,0.41,Car,3
4122,460,0.04,0.04,0.92,car,0.88,Car,3
4123,460,0.06,0.1,0.84,car,0.76,Car,3
4124,460,0.09,0.07,0.84,car,0.77,Car,3
4125,460,0.06,0.06,0.88,car,0.82,Car,3
4126,460,0.03,0.05,0.92,car,0.89,Car,3
4127,460,0.04,0.11,0.85,car,0.77,Car,3
4128,460,0.02,0.04,0.94,car,0.92,Car,3
4129,460,0.03,0.06,0.91,car,0.87,Car,3
4130,460,0.03,0.03,0.94,car,0.91,Car,3
4131,461,0.13,0.45,0.42,swissmetro,0.17,Swissmetro,2
4132,461,0.15,0.82,0.03,swissmetro,0.73,Swissmetro,2
4133,461,0.13,0.41,0.46,car,0.19,Car,3
4134,461,0.16,0.45,0.39,swissmetro,0.17,Car,3
4135,461,0.14,0.65,0.21,swissmetro,0.47,Swissmetro,2
4136,461,0.15,0.59,0.26,swissmetro,0.38,Swissmetro,2
4137,461,0.13,0.66,0.21,swissmetro,0.5,Car,3
4138,461,0.18,0.63,0.19,swissmetro,0.45,Swissmetro,2
4139,461,0.13,0.66,0.21,swissmetro,0.48,Car,3
4140,462,0.03,0.16,0.81,car,0.72,Car,3
4141,462,0.11,0.47,0.42,swissmetro,0.2,Car,3
4142,462,0.01,0.1,0.89,car,0.83,Car,3
4143,462,0.02,0.05,0.93,car,0.88,Car,3
4144,462,0.05,0.65,0.3,swissmetro,0.47,Car,3
4145,462,0.03,0.23,0.74,car,0.61,Car,3
4146,462,0.01,0.1,0.89,car,0.83,Car,3
4147,462,0.15,0.24,0.61,car,0.41,Car,3
4148,462,0.01,0.36,0.63,car,0.44,Car,3
4149,463,0.01,0.78,0.21,swissmetro,0.67,Car,3
4150,463,0.01,0.89,0.1,swissmetro,0.83,Swissmetro,2
4151,463,0.01,0.42,0.57,car,0.36,Car,3
4152,463,0.02,0.47,0.51,car,0.26,Car,3
4153,463,0.02,0.73,0.25,swissmetro,0.59,Swissmetro,2
4154,463,0.03,0.54,0.43,swissmetro,0.32,Car,3
4155,463,0.02,0.49,0.49,swissmetro,0.24,Car,3
4156,463,0.15,0.3,0.55,car,0.32,Swissmetro,2
4157,463,0.01,0.45,0.54,car,0.31,Swissmetro,2
4158,464,0.09,0.82,0.09,swissmetro,0.73,Swissmetro,2
4159,464,0.14,0.84,0.02,swissmetro,0.76,Swissmetro,2
4160,464,0.28,0.48,0.24,swissmetro,0.22,Car,3
4161,464,0.28,0.52,0.2,swissmetro,0.28,Train,1
4162,464,0.16,0.75,0.09,swissmetro,0.62,Swissmetro,2
4163,464,0.06,0.78,0.16,swissmetro,0.67,Car,3
4164,464,0.07,0.71,0.22,swissmetro,0.57,Car,3
4165,464,0.34,0.57,0.09,swissmetro,0.35,Train,1
4166,464,0.06,0.82,0.12,swissmetro,0.73,Swissmetro,2
4167,465,0.06,0.92,0.02,swissmetro,0.87,Swissmetro,2
4168,465,0.02,0.96,0.02,swissmetro,0.94,Swissmetro,2
4169,465,0.03,0.78,0.19,swissmetro,0.67,Car,3
4170,465,0.02,0.8,0.18,swissmetro,0.7,Car,3
4171,465,0.05,0.88,0.07,swissmetro,0.81,Swissmetro,2
4172,465,0.02,0.87,0.11,swissmetro,0.8,Swissmetro,2
4173,465,0.03,0.82,0.15,swissmetro,0.74,Car,3
4174,465,0.15,0.79,0.06,swissmetro,0.68,Swissmetro,2
4175,465,0.04,0.87,0.09,swissmetro,0.81,Swissmetro,2
4176,466,0.02,0.69,0.29,swissmetro,0.53,Car,3
4177,466,0.13,0.65,0.22,swissmetro,0.48,Swissmetro,2
4178,466,0.03,0.59,0.38,swissmetro,0.38,Car,3
4179,466,0.12,0.83,0.05,swissmetro,0.75,Swissmetro,2
4180,466,0.05,0.46,0.49,car,0.24,Car,3
4181,466,0.05,0.87,0.08,swissmetro,0.81,Swissmetro,2
4182,466,0.03,0.65,0.32,swissmetro,0.48,Car,3
4183,466,0.04,0.83,0.13,swissmetro,0.75,Car,3
4184,466,0.03,0.53,0.44,swissmetro,0.3,Car,3
4185,467,0.04,0.88,0.08,swissmetro,0.82,Swissmetro,2
4186,467,0.03,0.94,0.03,swissmetro,0.91,Swissmetro,2
4187,467,0.01,0.79,0.2,swissmetro,0.68,Car,3
4188,467,0.09,0.37,0.54,car,0.3,Car,3
4189,467,0.1,0.83,0.07,swissmetro,0.75,Swissmetro,2
4190,467,0.05,0.78,0.17,swissmetro,0.67,Car,3
4191,467,0.04,0.43,0.53,car,0.31,Car,3
4192,467,0.12,0.75,0.13,swissmetro,0.63,Swissmetro,2
4193,467,0.03,0.75,0.22,swissmetro,0.63,Swissmetro,2
4194,468,0.0,0.92,0.08,swissmetro,0.87,Car,3
4195,468,0.06,0.7,0.24,swissmetro,0.55,Car,3
4196,468,0.01,0.55,0.44,swissmetro,0.32,Car,3
4197,468,0.03,0.95,0.02,swissmetro,0.93,Swissmetro,2
4198,468,0.04,0.89,0.07,swissmetro,0.84,Car,3
4199,468,0.07,0.85,0.08,swissmetro,0.77,Swissmetro,2
4200,468,0.03,0.38,0.59,car,0.39,Car,3
4201,468,0.15,0.78,0.07,swissmetro,0.67,Swissmetro,2
4202,468,0.08,0.67,0.25,swissmetro,0.5,Car,3
4203,469,0.08,0.89,0.03,swissmetro,0.84,Swissmetro,2
4204,469,0.04,0.95,0.01,swissmetro,0.93,Swissmetro,2
4205,469,0.12,0.82,0.06,swissmetro,0.74,Car,3
4206,469,0.08,0.88,0.04,swissmetro,0.82,Car,3
4207,469,0.08,0.89,0.03,swissmetro,0.84,Swissmetro,2
4208,469,0.05,0.92,0.03,swissmetro,0.89,Car,3
4209,469,0.07,0.82,0.11,swissmetro,0.73,Car,3
4210,469,0.17,0.79,0.04,swissmetro,0.69,Swissmetro,2
4211,469,0.05,0.9,0.05,swissmetro,0.86,Swissmetro,2
4212,470,0.03,0.96,0.01,swissmetro,0.94,Swissmetro,2
4213,470,0.02,0.97,0.01,swissmetro,0.96,Swissmetro,2
4214,470,0.04,0.74,0.22,swissmetro,0.6,Swissmetro,2
4215,470,0.03,0.87,0.1,swissmetro,0.81,Swissmetro,2
4216,470,0.05,0.91,0.04,swissmetro,0.86,Swissmetro,2
4217,470,0.03,0.91,0.06,swissmetro,0.87,Swissmetro,2
4218,470,0.03,0.86,0.11,swissmetro,0.78,Car,3
4219,470,0.1,0.82,0.08,swissmetro,0.74,Car,3
4220,470,0.02,0.87,0.11,swissmetro,0.8,Swissmetro,2
4221,471,0.04,0.85,0.11,swissmetro,0.78,Car,3
4222,471,0.05,0.86,0.09,swissmetro,0.8,Swissmetro,2
4223,471,0.03,0.94,0.03,swissmetro,0.91,Swissmetro,2
4224,471,0.03,0.96,0.01,swissmetro,0.94,Swissmetro,2
4225,471,0.03,0.91,0.06,swissmetro,0.86,Swissmetro,2
4226,471,0.02,0.91,0.07,swissmetro,0.87,Swissmetro,2
4227,471,0.01,0.69,0.3,swissmetro,0.53,Car,3
4228,471,0.02,0.9,0.08,swissmetro,0.85,Swissmetro,2
4229,471,0.04,0.9,0.06,swissmetro,0.85,Swissmetro,2
4230,472,0.13,0.77,0.1,swissmetro,0.65,Swissmetro,2
4231,472,0.07,0.91,0.02,swissmetro,0.86,Swissmetro,2
4232,472,0.17,0.59,0.24,swissmetro,0.39,Car,3
4233,472,0.14,0.5,0.36,swissmetro,0.26,Car,3
4234,472,0.09,0.88,0.03,swissmetro,0.82,Swissmetro,2
4235,472,0.11,0.78,0.11,swissmetro,0.67,Car,3
4236,472,0.13,0.66,0.21,swissmetro,0.49,Swissmetro,2
4237,472,0.26,0.61,0.13,swissmetro,0.42,Swissmetro,2
4238,472,0.07,0.86,0.07,swissmetro,0.79,Swissmetro,2
4239,473,0.06,0.51,0.43,swissmetro,0.25,Swissmetro,2
4240,473,0.05,0.86,0.09,swissmetro,0.79,Swissmetro,2
4241,473,0.02,0.33,0.65,car,0.48,Car,3
4242,473,0.03,0.24,0.73,car,0.6,Car,3
4243,473,0.03,0.75,0.22,swissmetro,0.62,Swissmetro,2
4244,473,0.02,0.51,0.47,swissmetro,0.26,Car,3
4245,473,0.02,0.22,0.76,car,0.64,Car,3
4246,473,0.2,0.4,0.4,car,0.11,Swissmetro,2
4247,473,0.01,0.56,0.43,swissmetro,0.34,Car,3
4248,474,0.27,0.31,0.42,car,0.14,Car,3
4249,474,0.31,0.41,0.28,swissmetro,0.12,Car,3
4250,474,0.22,0.38,0.4,car,0.1,Train,1
4251,474,0.25,0.41,0.34,swissmetro,0.11,Car,3
4252,474,0.18,0.38,0.44,car,0.16,Car,3
4253,474,0.22,0.41,0.37,swissmetro,0.12,Swissmetro,2
4254,474,0.08,0.29,0.63,car,0.45,Car,3
4255,474,0.16,0.34,0.5,car,0.25,Car,3
4256,474,0.19,0.36,0.45,car,0.16,Car,3
4257,475,0.1,0.81,0.09,swissmetro,0.71,Swissmetro,2
4258,475,0.03,0.9,0.07,swissmetro,0.85,Swissmetro,2
4259,475,0.11,0.87,0.02,swissmetro,0.81,Swissmetro,2
4260,475,0.13,0.74,0.13,swissmetro,0.61,Swissmetro,2
4261,475,0.03,0.9,0.07,swissmetro,0.86,Swissmetro,2
4262,475,0.04,0.92,0.04,swissmetro,0.89,Car,3
4263,475,0.01,0.82,0.17,swissmetro,0.73,Car,3
4264,475,0.01,0.85,0.14,swissmetro,0.77,Car,3
4265,475,0.13,0.74,0.13,swissmetro,0.62,Car,3
4266,476,0.01,0.02,0.97,car,0.96,Swissmetro,2
4267,476,0.18,0.03,0.79,car,0.68,Swissmetro,2
4268,476,0.04,0.07,0.89,car,0.83,Swissmetro,2
4269,476,0.13,0.4,0.47,car,0.2,Swissmetro,2
4270,476,0.11,0.24,0.65,car,0.47,Swissmetro,2
4271,476,0.22,0.15,0.63,car,0.44,Swissmetro,2
4272,476,0.05,0.04,0.91,car,0.86,Swissmetro,2
4273,476,0.14,0.11,0.75,car,0.62,Swissmetro,2
4274,476,0.07,0.14,0.79,car,0.68,Swissmetro,2
4275,477,0.16,0.59,0.25,swissmetro,0.38,Car,3
4276,477,0.08,0.87,0.05,swissmetro,0.79,Swissmetro,2
4277,477,0.07,0.54,0.39,swissmetro,0.3,Car,3
4278,477,0.17,0.29,0.54,car,0.32,Car,3
4279,477,0.21,0.57,0.22,swissmetro,0.37,Swissmetro,2
4280,477,0.07,0.32,0.61,car,0.41,Car,3
4281,477,0.03,0.18,0.79,car,0.68,Car,3
4282,477,0.24,0.25,0.51,car,0.25,Car,3
4283,477,0.03,0.45,0.52,car,0.28,Car,3
4284,478,0.02,0.97,0.01,swissmetro,0.96,Swissmetro,2
4285,478,0.02,0.98,0.0,swissmetro,0.97,Swissmetro,2
4286,478,0.03,0.96,0.01,swissmetro,0.95,Swissmetro,2
4287,478,0.03,0.94,0.03,swissmetro,0.91,Car,3
4288,478,0.02,0.93,0.05,swissmetro,0.9,Swissmetro,2
4289,478,0.04,0.93,0.03,swissmetro,0.9,Car,3
4290,478,0.02,0.82,0.16,swissmetro,0.73,Car,3
4291,478,0.02,0.91,0.07,swissmetro,0.87,Car,3
4292,478,0.03,0.93,0.04,swissmetro,0.88,Swissmetro,2
4293,479,0.19,0.42,0.39,swissmetro,0.12,Swissmetro,2
4294,479,0.29,0.45,0.26,swissmetro,0.19,Swissmetro,2
4295,479,0.23,0.65,0.12,swissmetro,0.48,Swissmetro,2
4296,479,0.2,0.59,0.21,swissmetro,0.39,Swissmetro,2
4297,479,0.18,0.39,0.43,car,0.14,Swissmetro,2
4298,479,0.1,0.66,0.24,swissmetro,0.49,Swissmetro,2
4299,479,0.09,0.43,0.48,car,0.22,Swissmetro,2
4300,479,0.22,0.51,0.27,swissmetro,0.25,Swissmetro,2
4301,479,0.26,0.48,0.26,swissmetro,0.23,Swissmetro,2
4302,480,0.02,0.91,0.07,swissmetro,0.86,Swissmetro,2
4303,480,0.07,0.85,0.08,swissmetro,0.78,Swissmetro,2
4304,480,0.03,0.89,0.08,swissmetro,0.84,Swissmetro,2
4305,480,0.03,0.96,0.01,swissmetro,0.93,Swissmetro,2
4306,480,0.06,0.89,0.05,swissmetro,0.84,Swissmetro,2
4307,480,0.04,0.9299999999999999,0.03,swissmetro,0.9,Swissmetro,2
4308,480,0.02,0.89,0.09,swissmetro,0.83,Swissmetro,2
4309,480,0.03,0.94,0.03,swissmetro,0.9,Swissmetro,2
4310,480,0.09,0.86,0.05,swissmetro,0.78,Swissmetro,2
4311,481,0.2,0.72,0.08,swissmetro,0.57,Car,3
4312,481,0.21,0.76,0.03,swissmetro,0.65,Swissmetro,2
4313,481,0.16,0.8,0.04,swissmetro,0.7,Swissmetro,2
4314,481,0.24,0.72,0.04,swissmetro,0.58,Car,3
4315,481,0.23,0.62,0.15,swissmetro,0.42,Swissmetro,2
4316,481,0.21,0.72,0.07,swissmetro,0.58,Car,3
4317,481,0.08,0.73,0.19,swissmetro,0.6,Car,3
4318,481,0.15,0.74,0.11,swissmetro,0.62,Car,3
4319,481,0.27,0.58,0.15,swissmetro,0.36,Car,3
4320,482,0.11,0.66,0.23,swissmetro,0.49,Car,3
4321,482,0.19,0.6799999999999999,0.13,swissmetro,0.53,Swissmetro,2
4322,482,0.08,0.45,0.47,car,0.22,Car,3
4323,482,0.12,0.83,0.05,swissmetro,0.74,Swissmetro,2
4324,482,0.14,0.68,0.18,swissmetro,0.52,Car,3
4325,482,0.1,0.77,0.13,swissmetro,0.66,Swissmetro,2
4326,482,0.07,0.67,0.26,swissmetro,0.5,Car,3
4327,482,0.08,0.84,0.08,swissmetro,0.76,Swissmetro,2
4328,482,0.33,0.35000000000000003,0.32,swissmetro,0.02,Swissmetro,2
4329,483,0.05,0.81,0.14,swissmetro,0.72,Swissmetro,2
4330,483,0.09,0.91,0.0,swissmetro,0.86,Swissmetro,2
4331,483,0.08,0.47,0.45,swissmetro,0.21,Swissmetro,2
4332,483,0.09,0.51,0.4,swissmetro,0.27,Car,3
4333,483,0.11,0.83,0.06,swissmetro,0.74,Swissmetro,2
4334,483,0.07,0.78,0.15,swissmetro,0.68,Swissmetro,2
4335,483,0.05,0.75,0.2,swissmetro,0.62,Swissmetro,2
4336,483,0.17,0.77,0.06,swissmetro,0.66,Car,3
4337,483,0.04,0.85,0.11,swissmetro,0.77,Swissmetro,2
4338,484,0.14,0.49,0.37,swissmetro,0.23,Car,3
4339,484,0.16,0.6,0.24,swissmetro,0.4,Swissmetro,2
4340,484,0.19,0.32,0.49,car,0.24,Swissmetro,2
4341,484,0.06,0.17,0.77,car,0.66,Car,3
4342,484,0.1,0.29,0.61,car,0.42,Swissmetro,2
4343,484,0.08,0.26,0.66,car,0.49,Car,3
4344,484,0.04,0.13,0.83,car,0.75,Car,3
4345,484,0.04,0.22,0.74,car,0.6,Car,3
4346,484,0.07,0.19,0.74,car,0.62,Car,3
4347,485,0.01,0.92,0.07,swissmetro,0.88,Swissmetro,2
4348,485,0.03,0.89,0.08,swissmetro,0.83,Swissmetro,2
4349,485,0.01,0.84,0.15,swissmetro,0.77,Car,3
4350,485,0.02,0.96,0.02,swissmetro,0.94,Swissmetro,2
4351,485,0.06,0.85,0.09,swissmetro,0.79,Swissmetro,2
4352,485,0.03,0.9,0.07,swissmetro,0.85,Swissmetro,2
4353,485,0.03,0.87,0.1,swissmetro,0.81,Swissmetro,2
4354,485,0.02,0.91,0.07,swissmetro,0.86,Swissmetro,2
4355,485,0.03,0.8200000000000001,0.15,swissmetro,0.72,Car,3
4356,486,0.01,0.97,0.02,swissmetro,0.95,Swissmetro,2
4357,486,0.03,0.95,0.02,swissmetro,0.93,Swissmetro,2
4358,486,0.06,0.91,0.03,swissmetro,0.86,Swissmetro,2
4359,486,0.06,0.89,0.05,swissmetro,0.84,Swissmetro,2
4360,486,0.1,0.78,0.12,swissmetro,0.67,Swissmetro,2
4361,486,0.08,0.88,0.04,swissmetro,0.82,Swissmetro,2
4362,486,0.03,0.78,0.19,swissmetro,0.67,Swissmetro,2
4363,486,0.06,0.86,0.08,swissmetro,0.79,Swissmetro,2
4364,486,0.18,0.74,0.08,swissmetro,0.61,Swissmetro,2
4365,487,0.02,0.95,0.03,swissmetro,0.92,Swissmetro,2
4366,487,0.02,0.97,0.01,swissmetro,0.96,Swissmetro,2
4367,487,0.06,0.93,0.01,swissmetro,0.89,Swissmetro,2
4368,487,0.07,0.9,0.03,swissmetro,0.86,Swissmetro,2
4369,487,0.04,0.92,0.04,swissmetro,0.89,Swissmetro,2
4370,487,0.03,0.95,0.02,swissmetro,0.93,Swissmetro,2
4371,487,0.03,0.85,0.12,swissmetro,0.78,Swissmetro,2
4372,487,0.02,0.9,0.08,swissmetro,0.84,Swissmetro,2
4373,487,0.04,0.91,0.05,swissmetro,0.87,Swissmetro,2
4374,488,0.08,0.85,0.07,swissmetro,0.76,Swissmetro,2
4375,488,0.11,0.86,0.03,swissmetro,0.79,Swissmetro,2
4376,488,0.18,0.77,0.05,swissmetro,0.65,Swissmetro,2
4377,488,0.12,0.82,0.06,swissmetro,0.73,Swissmetro,2
4378,488,0.1,0.83,0.07,swissmetro,0.75,Swissmetro,2
4379,488,0.08,0.89,0.03,swissmetro,0.84,Swissmetro,2
4380,488,0.05,0.89,0.06,swissmetro,0.83,Swissmetro,2
4381,488,0.1,0.81,0.09,swissmetro,0.72,Swissmetro,2
4382,488,0.09,0.84,0.07,swissmetro,0.77,Swissmetro,2
4383,489,0.08,0.77,0.15,swissmetro,0.65,Swissmetro,2
4384,489,0.16,0.75,0.09,swissmetro,0.63,Swissmetro,2
4385,489,0.14,0.8,0.06,swissmetro,0.71,Swissmetro,2
4386,489,0.14,0.8,0.06,swissmetro,0.7,Swissmetro,2
4387,489,0.08,0.89,0.03,swissmetro,0.83,Swissmetro,2
4388,489,0.2,0.68,0.12,swissmetro,0.52,Swissmetro,2
4389,489,0.06,0.74,0.2,swissmetro,0.62,Swissmetro,2
4390,489,0.06,0.74,0.2,swissmetro,0.62,Swissmetro,2
4391,489,0.11,0.79,0.1,swissmetro,0.68,Swissmetro,2
4392,490,0.03,0.95,0.02,swissmetro,0.92,Swissmetro,2
4393,490,0.03,0.97,0.0,swissmetro,0.95,Swissmetro,2
4394,490,0.04,0.81,0.15,swissmetro,0.72,Car,3
4395,490,0.05,0.87,0.08,swissmetro,0.81,Car,3
4396,490,0.06,0.93,0.01,swissmetro,0.89,Swissmetro,2
4397,490,0.02,0.93,0.05,swissmetro,0.9,Swissmetro,2
4398,490,0.04,0.87,0.09,swissmetro,0.81,Swissmetro,2
4399,490,0.12,0.84,0.04,swissmetro,0.76,Swissmetro,2
4400,490,0.03,0.94,0.03,swissmetro,0.91,Car,3
4401,491,0.04,0.79,0.17,swissmetro,0.68,Swissmetro,2
4402,491,0.06,0.77,0.17,swissmetro,0.67,Swissmetro,2
4403,491,0.03,0.64,0.33,swissmetro,0.46,Car,3
4404,491,0.08,0.91,0.01,swissmetro,0.88,Swissmetro,2
4405,491,0.09,0.84,0.07,swissmetro,0.76,Car,3
4406,491,0.09,0.82,0.09,swissmetro,0.74,Swissmetro,2
4407,491,0.07,0.67,0.26,swissmetro,0.51,Swissmetro,2
4408,491,0.04,0.91,0.05,swissmetro,0.86,Swissmetro,2
4409,491,0.12,0.47000000000000003,0.41,swissmetro,0.2,Swissmetro,2
4410,492,0.03,0.75,0.22,swissmetro,0.61,Swissmetro,2
4411,492,0.1,0.82,0.08,swissmetro,0.73,Swissmetro,2
4412,492,0.1,0.66,0.24,swissmetro,0.49,Car,3
4413,492,0.07,0.92,0.01,swissmetro,0.88,Swissmetro,2
4414,492,0.1,0.83,0.07,swissmetro,0.74,Car,3
4415,492,0.09,0.89,0.02,swissmetro,0.83,Swissmetro,2
4416,492,0.12,0.7,0.18,swissmetro,0.55,Swissmetro,2
4417,492,0.11,0.85,0.04,swissmetro,0.78,Swissmetro,2
4418,492,0.26,0.5,0.24,swissmetro,0.25,Swissmetro,2
4419,493,0.02,0.9299999999999999,0.05,swissmetro,0.9,Car,3
4420,493,0.08,0.89,0.03,swissmetro,0.83,Swissmetro,2
4421,493,0.02,0.84,0.14,swissmetro,0.77,Car,3
4422,493,0.04,0.95,0.01,swissmetro,0.93,Swissmetro,2
4423,493,0.03,0.92,0.05,swissmetro,0.88,Car,3
4424,493,0.04,0.95,0.01,swissmetro,0.92,Swissmetro,2
4425,493,0.05,0.83,0.12,swissmetro,0.75,Car,3
4426,493,0.04,0.91,0.05,swissmetro,0.85,Swissmetro,2
4427,493,0.07,0.69,0.24,swissmetro,0.53,Swissmetro,2
4428,494,0.04,0.95,0.01,swissmetro,0.92,Swissmetro,2
4429,494,0.07,0.91,0.02,swissmetro,0.86,Swissmetro,2
4430,494,0.09,0.89,0.02,swissmetro,0.84,Swissmetro,2
4431,494,0.05,0.92,0.03,swissmetro,0.89,Car,3
4432,494,0.04,0.95,0.01,swissmetro,0.92,Swissmetro,2
4433,494,0.06,0.92,0.02,swissmetro,0.88,Swissmetro,2
4434,494,0.1,0.75,0.15,swissmetro,0.64,Car,3
4435,494,0.09,0.85,0.06,swissmetro,0.77,Car,3
4436,494,0.12,0.86,0.02,swissmetro,0.8,Swissmetro,2
4437,495,0.07,0.32,0.61,car,0.42,Car,3
4438,495,0.04,0.92,0.04,swissmetro,0.87,Swissmetro,2
4439,495,0.05,0.31,0.64,car,0.46,Car,3
4440,495,0.13,0.45,0.42,swissmetro,0.18,Car,3
4441,495,0.02,0.87,0.11,swissmetro,0.81,Swissmetro,2
4442,495,0.03,0.8,0.17,swissmetro,0.71,Car,3
4443,495,0.04,0.51,0.45,swissmetro,0.26,Car,3
4444,495,0.15,0.77,0.08,swissmetro,0.66,Car,3
4445,495,0.01,0.78,0.21,swissmetro,0.66,Car,3
4446,496,0.01,0.95,0.04,swissmetro,0.92,Car,3
4447,496,0.02,0.97,0.01,swissmetro,0.95,Swissmetro,2
4448,496,0.02,0.76,0.22,swissmetro,0.65,Car,3
4449,496,0.05,0.69,0.26,swissmetro,0.53,Car,3
4450,496,0.02,0.88,0.1,swissmetro,0.82,Swissmetro,2
4451,496,0.02,0.89,0.09,swissmetro,0.84,Car,3
4452,496,0.02,0.7,0.28,swissmetro,0.55,Car,3
4453,496,0.1,0.59,0.31,swissmetro,0.38,Car,3
4454,496,0.01,0.82,0.17,swissmetro,0.74,Car,3
4455,497,0.02,0.4,0.58,car,0.37,Car,3
4456,497,0.04,0.71,0.25,swissmetro,0.57,Car,3
4457,497,0.07,0.59,0.34,swissmetro,0.38,Car,3
4458,497,0.06,0.51,0.43,swissmetro,0.27,Car,3
4459,497,0.04,0.69,0.27,swissmetro,0.54,Car,3
4460,497,0.07,0.33,0.6,car,0.39,Car,3
4461,497,0.01,0.25,0.74,car,0.61,Car,3
4462,497,0.01,0.4,0.59,car,0.38,Car,3
4463,497,0.07,0.3,0.63,car,0.44,Car,3
4464,498,0.05,0.93,0.02,swissmetro,0.89,Swissmetro,2
4465,498,0.06,0.93,0.01,swissmetro,0.9,Swissmetro,2
4466,498,0.07,0.7,0.23,swissmetro,0.55,Car,3
4467,498,0.09,0.7,0.21,swissmetro,0.55,Car,3
4468,498,0.09,0.82,0.09,swissmetro,0.74,Swissmetro,2
4469,498,0.11,0.8,0.09,swissmetro,0.7,Car,3
4470,498,0.06,0.77,0.17,swissmetro,0.65,Car,3
4471,498,0.15,0.73,0.12,swissmetro,0.6,Swissmetro,2
4472,498,0.03,0.86,0.11,swissmetro,0.79,Swissmetro,2
4473,499,0.02,0.97,0.01,swissmetro,0.96,Swissmetro,2
4474,499,0.11,0.85,0.04,swissmetro,0.78,Swissmetro,2
4475,499,0.03,0.9,0.07,swissmetro,0.84,Car,3
4476,499,0.04,0.94,0.02,swissmetro,0.92,Swissmetro,2
4477,499,0.03,0.92,0.05,swissmetro,0.87,Car,3
4478,499,0.04,0.95,0.01,swissmetro,0.92,Swissmetro,2
4479,499,0.03,0.94,0.03,swissmetro,0.91,Car,3
4480,499,0.05,0.91,0.04,swissmetro,0.86,Swissmetro,2
4481,499,0.04,0.79,0.17,swissmetro,0.7,Car,3
4482,500,0.04,0.47,0.49,car,0.24,Swissmetro,2
4483,500,0.12,0.72,0.16,swissmetro,0.58,Swissmetro,2
4484,500,0.03,0.43,0.54,car,0.31,Car,3
4485,500,0.06,0.89,0.05,swissmetro,0.84,Swissmetro,2
4486,500,0.06,0.53,0.41,swissmetro,0.3,Car,3
4487,500,0.1,0.77,0.13,swissmetro,0.65,Swissmetro,2
4488,500,0.07,0.68,0.25,swissmetro,0.52,Swissmetro,2
4489,500,0.12,0.69,0.19,swissmetro,0.53,Car,3
4490,500,0.1,0.48,0.42,swissmetro,0.21,Swissmetro,2
4491,501,0.06,0.92,0.02,swissmetro,0.89,Swissmetro,2
4492,501,0.04,0.94,0.02,swissmetro,0.92,Swissmetro,2
4493,501,0.08,0.73,0.19,swissmetro,0.61,Swissmetro,2
4494,501,0.12,0.75,0.13,swissmetro,0.63,Swissmetro,2
4495,501,0.06,0.89,0.05,swissmetro,0.84,Swissmetro,2
4496,501,0.06,0.84,0.1,swissmetro,0.76,Swissmetro,2
4497,501,0.06,0.82,0.12,swissmetro,0.73,Swissmetro,2
4498,501,0.16,0.76,0.08,swissmetro,0.65,Swissmetro,2
4499,501,0.04,0.88,0.08,swissmetro,0.82,Swissmetro,2
4500,502,0.08,0.73,0.19,swissmetro,0.6,Car,3
4501,502,0.13,0.69,0.18,swissmetro,0.55,Car,3
4502,502,0.04,0.75,0.21,swissmetro,0.62,Car,3
4503,502,0.04,0.88,0.08,swissmetro,0.83,Car,3
4504,502,0.04,0.74,0.22,swissmetro,0.61,Car,3
4505,502,0.06,0.81,0.13,swissmetro,0.71,Car,3
4506,502,0.07,0.71,0.22,swissmetro,0.57,Car,3
4507,502,0.09,0.78,0.13,swissmetro,0.67,Car,3
4508,502,0.11,0.53,0.36,swissmetro,0.31,Car,3
4509,503,0.02,0.65,0.33,swissmetro,0.47,Car,3
4510,503,0.08,0.46,0.46,car,0.19,Swissmetro,2
4511,503,0.02,0.46,0.52,car,0.27,Car,3
4512,503,0.03,0.83,0.14,swissmetro,0.75,Swissmetro,2
4513,503,0.05,0.7,0.25,swissmetro,0.55,Car,3
4514,503,0.03,0.79,0.18,swissmetro,0.67,Swissmetro,2
4515,503,0.04,0.58,0.38,swissmetro,0.38,Car,3
4516,503,0.07,0.75,0.18,swissmetro,0.63,Car,3
4517,503,0.04,0.52,0.44,swissmetro,0.28,Car,3
4518,504,0.01,0.92,0.07,swissmetro,0.87,Car,3
4519,504,0.06,0.89,0.05,swissmetro,0.83,Swissmetro,2
4520,504,0.07,0.63,0.3,swissmetro,0.44,Car,3
4521,504,0.07,0.9,0.03,swissmetro,0.86,Swissmetro,2
4522,504,0.04,0.79,0.17,swissmetro,0.68,Car,3
4523,504,0.03,0.85,0.12,swissmetro,0.78,Swissmetro,2
4524,504,0.02,0.85,0.13,swissmetro,0.77,Car,3
4525,504,0.03,0.91,0.06,swissmetro,0.85,Swissmetro,2
4526,504,0.02,0.77,0.21,swissmetro,0.65,Car,3
4527,505,0.04,0.7,0.26,swissmetro,0.55,Car,3
4528,505,0.1,0.8,0.1,swissmetro,0.71,Car,3
4529,505,0.04,0.62,0.34,swissmetro,0.44,Car,3
4530,505,0.04,0.93,0.03,swissmetro,0.9,Swissmetro,2
4531,505,0.06,0.59,0.35,swissmetro,0.38,Swissmetro,2
4532,505,0.13,0.75,0.12,swissmetro,0.63,Swissmetro,2
4533,505,0.13,0.59,0.28,swissmetro,0.38,Car,3
4534,505,0.09,0.82,0.09,swissmetro,0.73,Swissmetro,2
4535,505,0.06,0.54,0.4,swissmetro,0.3,Car,3
4536,506,0.05,0.67,0.28,swissmetro,0.51,Car,3
4537,506,0.06,0.8,0.14,swissmetro,0.71,Swissmetro,2
4538,506,0.08,0.68,0.24,swissmetro,0.51,Swissmetro,2
4539,506,0.14,0.53,0.33,swissmetro,0.28,Car,3
4540,506,0.12,0.78,0.1,swissmetro,0.66,Car,3
4541,506,0.04,0.85,0.11,swissmetro,0.77,Car,3
4542,506,0.04,0.66,0.3,swissmetro,0.49,Car,3
4543,506,0.02,0.82,0.16,swissmetro,0.73,Car,3
4544,506,0.08,0.75,0.17,swissmetro,0.61,Car,3
4545,507,0.17,0.59,0.24,swissmetro,0.39,Car,3
4546,507,0.16,0.73,0.11,swissmetro,0.59,Swissmetro,2
4547,507,0.15,0.65,0.2,swissmetro,0.49,Swissmetro,2
4548,507,0.13,0.47,0.4,swissmetro,0.21,Car,3
4549,507,0.17,0.58,0.25,swissmetro,0.36,Car,3
4550,507,0.09,0.61,0.3,swissmetro,0.42,Swissmetro,2
4551,507,0.04,0.43,0.53,car,0.3,Car,3
4552,507,0.03,0.55,0.42,swissmetro,0.32,Car,3
4553,507,0.08,0.55,0.37,swissmetro,0.32,Car,3
4554,508,0.04,0.92,0.04,swissmetro,0.88,Car,3
4555,508,0.03,0.96,0.01,swissmetro,0.93,Swissmetro,2
4556,508,0.06,0.91,0.03,swissmetro,0.86,Swissmetro,2
4557,508,0.1,0.76,0.14,swissmetro,0.65,Car,3
4558,508,0.06,0.88,0.06,swissmetro,0.83,Swissmetro,2
4559,508,0.09,0.84,0.07,swissmetro,0.76,Car,3
4560,508,0.05,0.78,0.17,swissmetro,0.67,Car,3
4561,508,0.05,0.75,0.2,swissmetro,0.63,Car,3
4562,508,0.17,0.6,0.23,swissmetro,0.39,Swissmetro,2
4563,509,0.02,0.95,0.03,swissmetro,0.92,Car,3
4564,509,0.03,0.96,0.01,swissmetro,0.94,Swissmetro,2
4565,509,0.07,0.91,0.02,swissmetro,0.88,Swissmetro,2
4566,509,0.07,0.8,0.13,swissmetro,0.69,Swissmetro,2
4567,509,0.08,0.84,0.08,swissmetro,0.75,Swissmetro,2
4568,509,0.06,0.87,0.07,swissmetro,0.8,Swissmetro,2
4569,509,0.03,0.71,0.26,swissmetro,0.57,Car,3
4570,509,0.02,0.86,0.12,swissmetro,0.78,Car,3
4571,509,0.1,0.76,0.14,swissmetro,0.63,Swissmetro,2
4572,510,0.09,0.9,0.01,swissmetro,0.85,Swissmetro,2
4573,510,0.07,0.93,0.0,swissmetro,0.89,Swissmetro,2
4574,510,0.02,0.92,0.06,swissmetro,0.87,Swissmetro,2
4575,510,0.19,0.67,0.14,swissmetro,0.51,Swissmetro,2
4576,510,0.08,0.88,0.04,swissmetro,0.82,Swissmetro,2
4577,510,0.04,0.92,0.04,swissmetro,0.87,Swissmetro,2
4578,510,0.09,0.82,0.09,swissmetro,0.73,Swissmetro,2
4579,510,0.25,0.7,0.05,swissmetro,0.55,Swissmetro,2
4580,510,0.02,0.95,0.03,swissmetro,0.92,Swissmetro,2
4581,511,0.01,0.98,0.01,swissmetro,0.97,Swissmetro,2
4582,511,0.08,0.89,0.03,swissmetro,0.84,Swissmetro,2
4583,511,0.02,0.91,0.07,swissmetro,0.86,Swissmetro,2
4584,511,0.04,0.96,0.0,swissmetro,0.94,Swissmetro,2
4585,511,0.03,0.95,0.02,swissmetro,0.92,Swissmetro,2
4586,511,0.05,0.94,0.01,swissmetro,0.92,Swissmetro,2
4587,511,0.04,0.94,0.02,swissmetro,0.91,Swissmetro,2
4588,511,0.03,0.9400000000000001,0.03,swissmetro,0.9,Swissmetro,2
4589,511,0.2,0.78,0.02,swissmetro,0.67,Swissmetro,2
4590,512,0.28,0.71,0.01,swissmetro,0.56,Swissmetro,2
4591,512,0.08,0.91,0.01,swissmetro,0.87,Swissmetro,2
4592,512,0.14,0.67,0.19,swissmetro,0.51,Swissmetro,2
4593,512,0.13,0.8,0.07,swissmetro,0.7,Swissmetro,2
4594,512,0.12,0.86,0.02,swissmetro,0.79,Swissmetro,2
4595,512,0.12,0.82,0.06,swissmetro,0.74,Swissmetro,2
4596,512,0.11,0.8,0.09,swissmetro,0.71,Swissmetro,2
4597,512,0.16,0.81,0.03,swissmetro,0.72,Swissmetro,2
4598,512,0.05,0.92,0.03,swissmetro,0.89,Swissmetro,2
4599,513,0.06,0.78,0.16,swissmetro,0.67,Car,3
4600,513,0.12,0.77,0.11,swissmetro,0.65,Swissmetro,2
4601,513,0.07,0.85,0.08,swissmetro,0.76,Car,3
4602,513,0.08,0.74,0.18,swissmetro,0.6,Car,3
4603,513,0.05,0.79,0.16,swissmetro,0.68,Car,3
4604,513,0.05,0.88,0.07,swissmetro,0.82,Train,1
4605,513,0.02,0.86,0.12,swissmetro,0.79,Car,3
4606,513,0.01,0.9,0.09,swissmetro,0.84,Swissmetro,2
4607,513,0.04,0.83,0.13,swissmetro,0.75,Car,3
4608,514,0.12,0.79,0.09,swissmetro,0.69,Car,3
4609,514,0.04,0.9,0.06,swissmetro,0.84,Swissmetro,2
4610,514,0.04,0.57,0.39,swissmetro,0.35,Car,3
4611,514,0.07,0.4,0.53,car,0.3,Car,3
4612,514,0.09,0.77,0.14,swissmetro,0.66,Swissmetro,2
4613,514,0.04,0.69,0.27,swissmetro,0.54,Car,3
4614,514,0.02,0.62,0.36,swissmetro,0.42,Car,3
4615,514,0.14,0.49,0.37,swissmetro,0.24,Car,3
4616,514,0.03,0.55,0.42,swissmetro,0.33,Car,3
4617,515,0.01,0.34,0.65,car,0.47,Car,3
4618,515,0.11,0.81,0.08,swissmetro,0.72,Swissmetro,2
4619,515,0.03,0.17,0.8,car,0.71,Car,3
4620,515,0.14,0.83,0.03,swissmetro,0.74,Swissmetro,2
4621,515,0.02,0.18,0.8,car,0.7,Car,3
4622,515,0.13,0.65,0.22,swissmetro,0.49,Train,1
4623,515,0.03,0.22,0.75,car,0.62,Car,3
4624,515,0.07,0.57,0.36,swissmetro,0.36,Swissmetro,2
4625,515,0.03,0.11,0.86,car,0.78,Car,3
4626,516,0.07,0.91,0.02,swissmetro,0.86,Swissmetro,2
4627,516,0.07,0.9,0.03,swissmetro,0.85,Car,3
4628,516,0.17,0.81,0.01,swissmetro,0.72,Train,1
4629,516,0.14,0.75,0.11,swissmetro,0.62,Car,3
4630,516,0.13,0.85,0.02,swissmetro,0.78,Swissmetro,2
4631,516,0.11,0.81,0.08,swissmetro,0.72,Swissmetro,2
4632,516,0.1,0.8,0.1,swissmetro,0.7,Car,3
4633,516,0.07,0.89,0.04,swissmetro,0.85,Swissmetro,2
4634,516,0.15,0.81,0.04,swissmetro,0.71,Swissmetro,2
4635,517,0.12,0.86,0.02,swissmetro,0.79,Swissmetro,2
4636,517,0.07,0.93,0.0,swissmetro,0.89,Swissmetro,2
4637,517,0.05,0.82,0.13,swissmetro,0.73,Car,3
4638,517,0.17,0.56,0.27,swissmetro,0.34,Car,3
4639,517,0.12,0.86,0.02,swissmetro,0.79,Swissmetro,2
4640,517,0.41,0.48,0.11,swissmetro,0.22,Car,3
4641,517,0.36,0.37,0.27,swissmetro,0.05,Swissmetro,2
4642,517,0.55,0.43,0.02,train,0.31,Swissmetro,2
4643,517,0.25,0.55,0.2,swissmetro,0.33,Swissmetro,2
4644,518,0.07,0.86,0.07,swissmetro,0.79,Swissmetro,2
4645,518,0.11,0.87,0.02,swissmetro,0.8,Swissmetro,2
4646,518,0.05,0.82,0.13,swissmetro,0.73,Swissmetro,2
4647,518,0.04,0.93,0.02,swissmetro,0.9,Swissmetro,2
4648,518,0.1,0.84,0.06,swissmetro,0.76,Swissmetro,2
4649,518,0.08,0.84,0.08,swissmetro,0.76,Swissmetro,2
4650,518,0.08,0.7,0.22,swissmetro,0.55,Car,3
4651,518,0.1,0.84,0.06,swissmetro,0.77,Swissmetro,2
4652,518,0.13,0.59,0.28,swissmetro,0.39,Swissmetro,2
4653,519,0.06,0.06,0.88,car,0.82,Car,3
4654,519,0.14,0.2,0.66,car,0.5,Car,3
4655,519,0.06,0.11,0.83,car,0.75,Car,3
4656,519,0.17,0.55,0.28,swissmetro,0.32,Swissmetro,2
4657,519,0.17,0.16,0.67,car,0.51,Swissmetro,2
4658,519,0.15,0.35,0.5,car,0.24,Swissmetro,2
4659,519,0.05,0.09,0.86,car,0.79,Car,3
4660,519,0.19,0.3,0.51,car,0.26,Swissmetro,2
4661,519,0.03,0.05,0.92,car,0.88,Car,3
4662,520,0.01,0.78,0.21,swissmetro,0.68,Car,3
4663,520,0.06,0.79,0.15,swissmetro,0.69,Swissmetro,2
4664,520,0.01,0.53,0.46,swissmetro,0.29,Car,3
4665,520,0.02,0.96,0.02,swissmetro,0.94,Swissmetro,2
4666,520,0.04,0.75,0.21,swissmetro,0.62,Car,3
4667,520,0.03,0.89,0.08,swissmetro,0.85,Swissmetro,2
4668,520,0.01,0.5,0.49,swissmetro,0.25,Car,3
4669,520,0.04,0.85,0.11,swissmetro,0.78,Car,3
4670,520,0.03,0.68,0.29,swissmetro,0.52,Car,3
4671,521,0.04,0.25,0.71,car,0.57,Car,3
4672,521,0.19,0.18,0.63,car,0.46,Swissmetro,2
4673,521,0.02,0.11,0.87,car,0.81,Car,3
4674,521,0.06,0.9,0.04,swissmetro,0.85,Swissmetro,2
4675,521,0.17,0.35,0.48,car,0.23,Car,3
4676,521,0.09,0.56,0.35,swissmetro,0.33,Swissmetro,2
4677,521,0.02,0.15,0.83,car,0.75,Car,3
4678,521,0.07,0.59,0.34,swissmetro,0.38,Car,3
4679,521,0.06,0.29,0.65,car,0.47,Car,3
4680,522,0.04,0.88,0.08,swissmetro,0.83,Swissmetro,2
4681,522,0.05,0.94,0.01,swissmetro,0.9,Swissmetro,2
4682,522,0.04,0.5,0.46,swissmetro,0.24,Car,3
4683,522,0.04,0.45,0.51,car,0.27,Car,3
4684,522,0.07,0.88,0.05,swissmetro,0.82,Swissmetro,2
4685,522,0.04,0.77,0.19,swissmetro,0.66,Swissmetro,2
4686,522,0.06,0.46,0.48,car,0.22,Car,3
4687,522,0.31,0.57,0.12,swissmetro,0.36,Swissmetro,2
4688,522,0.03,0.79,0.18,swissmetro,0.68,Swissmetro,2
4689,523,0.02,0.79,0.19,swissmetro,0.7,Car,3
4690,523,0.03,0.87,0.1,swissmetro,0.8,Swissmetro,2
4691,523,0.02,0.78,0.2,swissmetro,0.67,Car,3
4692,523,0.04,0.92,0.04,swissmetro,0.88,Swissmetro,2
4693,523,0.03,0.79,0.18,swissmetro,0.68,Swissmetro,2
4694,523,0.04,0.83,0.13,swissmetro,0.75,Swissmetro,2
4695,523,0.03,0.8,0.17,swissmetro,0.7,Car,3
4696,523,0.03,0.89,0.08,swissmetro,0.83,Swissmetro,2
4697,523,0.08,0.51,0.41,swissmetro,0.28,Car,3
4698,524,0.21,0.42,0.37,swissmetro,0.13,Car,3
4699,524,0.25,0.44,0.31,swissmetro,0.16,Train,1
4700,524,0.19,0.44,0.37,swissmetro,0.15,Train,1
4701,524,0.18,0.54,0.28,swissmetro,0.32,Train,1
4702,524,0.14,0.52,0.34,swissmetro,0.27,Car,3
4703,524,0.08,0.75,0.17,swissmetro,0.63,Train,1
4704,524,0.02,0.53,0.45,swissmetro,0.29,Car,3
4705,524,0.02,0.58,0.4,swissmetro,0.38,Car,3
4706,524,0.05,0.7,0.25,swissmetro,0.55,Car,3
4707,525,0.02,0.91,0.07,swissmetro,0.87,Car,3
4708,525,0.04,0.9,0.06,swissmetro,0.85,Train,1
4709,525,0.08,0.86,0.06,swissmetro,0.78,Train,1
4710,525,0.09,0.86,0.05,swissmetro,0.8,Train,1
4711,525,0.03,0.88,0.09,swissmetro,0.82,Car,3
4712,525,0.05,0.89,0.06,swissmetro,0.83,Train,1
4713,525,0.05,0.75,0.2,swissmetro,0.63,Car,3
4714,525,0.02,0.81,0.17,swissmetro,0.71,Car,3
4715,525,0.05,0.82,0.13,swissmetro,0.74,Car,3
4716,526,0.02,0.97,0.01,swissmetro,0.95,Car,3
4717,526,0.02,0.97,0.01,swissmetro,0.95,Swissmetro,2
4718,526,0.05,0.94,0.01,swissmetro,0.91,Swissmetro,2
4719,526,0.03,0.95,0.02,swissmetro,0.92,Car,3
4720,526,0.14,0.83,0.03,swissmetro,0.73,Swissmetro,2
4721,526,0.05,0.91,0.04,swissmetro,0.86,Car,3
4722,526,0.03,0.78,0.19,swissmetro,0.68,Car,3
4723,526,0.04,0.79,0.17,swissmetro,0.69,Car,3
4724,526,0.09,0.85,0.06,swissmetro,0.77,Car,3
4725,527,0.07,0.92,0.01,swissmetro,0.89,Swissmetro,2
4726,527,0.01,0.99,0.0,swissmetro,0.98,Swissmetro,2
4727,527,0.01,0.95,0.04,swissmetro,0.92,Train,1
4728,527,0.02,0.9,0.08,swissmetro,0.85,Train,1
4729,527,0.01,0.95,0.04,swissmetro,0.92,Swissmetro,2
4730,527,0.01,0.93,0.06,swissmetro,0.9,Train,1
4731,527,0.02,0.93,0.04,swissmetro,0.9,Swissmetro,2
4732,527,0.13,0.83,0.04,swissmetro,0.76,Swissmetro,2
4733,527,0.01,0.94,0.05,swissmetro,0.9,Swissmetro,2
4734,528,0.01,0.92,0.07,swissmetro,0.88,Swissmetro,2
4735,528,0.07,0.88,0.05,swissmetro,0.82,Swissmetro,2
4736,528,0.05,0.78,0.17,swissmetro,0.68,Swissmetro,2
4737,528,0.03,0.95,0.02,swissmetro,0.94,Train,1
4738,528,0.02,0.87,0.11,swissmetro,0.8,Swissmetro,2
4739,528,0.03,0.92,0.05,swissmetro,0.88,Train,1
4740,528,0.05,0.94,0.01,swissmetro,0.91,Train,1
4741,528,0.05,0.9,0.05,swissmetro,0.85,Swissmetro,2
4742,528,0.09,0.84,0.07,swissmetro,0.77,Train,1
4743,529,0.23,0.48,0.29,swissmetro,0.21,Car,3
4744,529,0.08,0.73,0.19,swissmetro,0.59,Swissmetro,2
4745,529,0.04,0.73,0.23,swissmetro,0.6,Car,3
4746,529,0.05,0.91,0.04,swissmetro,0.86,Train,1
4747,529,0.07,0.73,0.2,swissmetro,0.6,Swissmetro,2
4748,529,0.06,0.85,0.09,swissmetro,0.78,Train,1
4749,529,0.14,0.55,0.31,swissmetro,0.32,Car,3
4750,529,0.09,0.8,0.11,swissmetro,0.7,Swissmetro,2
4751,529,0.08,0.44,0.48,car,0.23,Train,1
4752,530,0.11,0.87,0.02,swissmetro,0.81,Car,3
4753,530,0.05,0.95,0.0,swissmetro,0.92,Swissmetro,2
4754,530,0.08,0.74,0.18,swissmetro,0.62,Car,3
4755,530,0.11,0.79,0.1,swissmetro,0.69,Car,3
4756,530,0.12,0.85,0.03,swissmetro,0.76,Swissmetro,2
4757,530,0.06,0.92,0.02,swissmetro,0.88,Car,3
4758,530,0.05,0.85,0.1,swissmetro,0.76,Car,3
4759,530,0.19,0.78,0.03,swissmetro,0.67,Swissmetro,2
4760,530,0.11,0.85,0.04,swissmetro,0.77,Swissmetro,2
4761,531,0.04,0.55,0.41,swissmetro,0.33,Swissmetro,2
4762,531,0.17,0.77,0.06,swissmetro,0.66,Swissmetro,2
4763,531,0.11,0.75,0.14,swissmetro,0.63,Swissmetro,2
4764,531,0.07,0.92,0.01,swissmetro,0.88,Swissmetro,2
4765,531,0.11,0.86,0.03,swissmetro,0.8,Swissmetro,2
4766,531,0.07,0.89,0.04,swissmetro,0.82,Swissmetro,2
4767,531,0.08,0.62,0.3,swissmetro,0.43,Swissmetro,2
4768,531,0.05,0.89,0.06,swissmetro,0.84,Swissmetro,2
4769,531,0.15,0.61,0.24,swissmetro,0.42,Swissmetro,2
4770,532,0.17,0.68,0.15,swissmetro,0.53,Swissmetro,2
4771,532,0.1,0.87,0.03,swissmetro,0.81,Swissmetro,2
4772,532,0.16,0.63,0.21,swissmetro,0.45,Car,3
4773,532,0.11,0.88,0.01,swissmetro,0.82,Swissmetro,2
4774,532,0.19,0.73,0.08,swissmetro,0.59,Swissmetro,2
4775,532,0.18,0.8,0.02,swissmetro,0.69,Swissmetro,2
4776,532,0.2,0.7,0.1,swissmetro,0.55,Swissmetro,2
4777,532,0.17,0.8,0.03,swissmetro,0.7,Swissmetro,2
4778,532,0.37,0.48,0.15,swissmetro,0.23,Swissmetro,2
4779,533,0.05,0.77,0.18,swissmetro,0.66,Car,3
4780,533,0.09,0.83,0.08,swissmetro,0.74,Swissmetro,2
4781,533,0.11,0.71,0.18,swissmetro,0.57,Swissmetro,2
4782,533,0.09,0.59,0.32,swissmetro,0.39,Car,3
4783,533,0.05,0.75,0.2,swissmetro,0.61,Car,3
4784,533,0.02,0.86,0.12,swissmetro,0.79,Car,3
4785,533,0.02,0.51,0.47,swissmetro,0.25,Car,3
4786,533,0.02,0.7,0.28,swissmetro,0.55,Swissmetro,2
4787,533,0.03,0.83,0.14,swissmetro,0.73,Swissmetro,2
4788,534,0.08,0.83,0.09,swissmetro,0.74,Swissmetro,2
4789,534,0.1,0.83,0.07,swissmetro,0.74,Swissmetro,2
4790,534,0.05,0.79,0.16,swissmetro,0.68,Car,3
4791,534,0.09,0.9,0.01,swissmetro,0.85,Swissmetro,2
4792,534,0.14,0.82,0.04,swissmetro,0.73,Swissmetro,2
4793,534,0.12,0.85,0.03,swissmetro,0.78,Swissmetro,2
4794,534,0.12,0.65,0.23,swissmetro,0.48,Swissmetro,2
4795,534,0.14,0.83,0.03,swissmetro,0.75,Swissmetro,2
4796,534,0.25,0.65,0.1,swissmetro,0.48,Car,3
4797,535,0.04,0.93,0.02,swissmetro,0.9,Swissmetro,2
4798,535,0.06,0.93,0.01,swissmetro,0.89,Swissmetro,2
4799,535,0.11,0.87,0.02,swissmetro,0.81,Swissmetro,2
4800,535,0.15,0.79,0.06,swissmetro,0.68,Swissmetro,2
4801,535,0.08,0.86,0.06,swissmetro,0.79,Swissmetro,2
4802,535,0.08,0.9,0.02,swissmetro,0.84,Car,3
4803,535,0.07,0.7,0.23,swissmetro,0.55,Car,3
4804,535,0.03,0.89,0.08,swissmetro,0.84,Swissmetro,2
4805,535,0.11,0.8,0.09,swissmetro,0.7,Swissmetro,2
4806,536,0.04,0.31,0.65,car,0.48,Car,3
4807,536,0.1,0.74,0.16,swissmetro,0.61,Swissmetro,2
4808,536,0.05,0.11,0.84,car,0.75,Car,3
4809,536,0.08,0.28,0.64,car,0.45,Car,3
4810,536,0.22,0.42,0.36,swissmetro,0.13,Swissmetro,2
4811,536,0.09,0.31,0.6,car,0.4,Car,3
4812,536,0.05,0.3,0.65,car,0.47,Car,3
4813,536,0.16,0.42,0.42,swissmetro,0.13,Car,3
4814,536,0.07,0.43,0.5,car,0.25,Car,3
4815,537,0.08,0.04,0.88,car,0.81,Car,3
4816,537,0.14,0.36,0.5,car,0.26,Car,3
4817,537,0.1,0.04,0.86,car,0.79,Car,3
4818,537,0.04,0.04,0.92,car,0.88,Car,3
4819,537,0.19,0.22,0.59,car,0.39,Swissmetro,2
4820,537,0.17,0.1,0.73,car,0.6,Car,3
4821,537,0.03,0.04,0.93,car,0.89,Car,3
4822,537,0.29,0.14,0.57,car,0.35,Car,3
4823,537,0.05,0.19,0.76,car,0.64,Car,3
4824,538,0.03,0.16,0.81,car,0.72,Car,3
4825,538,0.07,0.2,0.73,car,0.59,Car,3
4826,538,0.07,0.16,0.77,car,0.65,Car,3
4827,538,0.03,0.12,0.85,car,0.77,Car,3
4828,538,0.02,0.16,0.82,car,0.73,Car,3
4829,538,0.02,0.13,0.85,car,0.77,Car,3
4830,538,0.01,0.09,0.9,car,0.85,Car,3
4831,538,0.01,0.1,0.89,car,0.85,Car,3
4832,538,0.02,0.07,0.91,car,0.87,Car,3
4833,539,0.13,0.66,0.21,swissmetro,0.5,Car,3
4834,539,0.5,0.38,0.12,train,0.25,Swissmetro,2
4835,539,0.1,0.57,0.33,swissmetro,0.35,Car,3
4836,539,0.24,0.68,0.08,swissmetro,0.52,Swissmetro,2
4837,539,0.25,0.51,0.24,swissmetro,0.27,Swissmetro,2
4838,539,0.29,0.55,0.16,swissmetro,0.33,Swissmetro,2
4839,539,0.16,0.51,0.33,swissmetro,0.28,Car,3
4840,539,0.24,0.46,0.3,swissmetro,0.18,Swissmetro,2
4841,539,0.09,0.35,0.56,car,0.34,Car,3
4842,540,0.05,0.82,0.13,swissmetro,0.73,Swissmetro,2
4843,540,0.06,0.83,0.11,swissmetro,0.76,Swissmetro,2
4844,540,0.04,0.34,0.62,car,0.44,Car,3
4845,540,0.05,0.85,0.1,swissmetro,0.78,Swissmetro,2
4846,540,0.06,0.56,0.38,swissmetro,0.34,Car,3
4847,540,0.04,0.85,0.11,swissmetro,0.77,Swissmetro,2
4848,540,0.03,0.84,0.13,swissmetro,0.76,Swissmetro,2
4849,540,0.05,0.82,0.13,swissmetro,0.74,Swissmetro,2
4850,540,0.08,0.69,0.23,swissmetro,0.54,Swissmetro,2
4851,541,0.1,0.87,0.03,swissmetro,0.81,Swissmetro,2
4852,541,0.05,0.94,0.01,swissmetro,0.91,Swissmetro,2
4853,541,0.07,0.76,0.17,swissmetro,0.64,Swissmetro,2
4854,541,0.08,0.75,0.17,swissmetro,0.63,Car,3
4855,541,0.06,0.88,0.06,swissmetro,0.83,Swissmetro,2
4856,541,0.08,0.84,0.08,swissmetro,0.76,Swissmetro,2
4857,541,0.04,0.88,0.08,swissmetro,0.82,Car,3
4858,541,0.15,0.77,0.08,swissmetro,0.65,Swissmetro,2
4859,541,0.04,0.9,0.06,swissmetro,0.85,Swissmetro,2
4860,542,0.07,0.92,0.01,swissmetro,0.87,Swissmetro,2
4861,542,0.13,0.85,0.02,swissmetro,0.77,Swissmetro,2
4862,542,0.08,0.7,0.22,swissmetro,0.54,Swissmetro,2
4863,542,0.06,0.93,0.01,swissmetro,0.89,Swissmetro,2
4864,542,0.09,0.86,0.05,swissmetro,0.79,Swissmetro,2
4865,542,0.06,0.92,0.02,swissmetro,0.87,Swissmetro,2
4866,542,0.08,0.9,0.02,swissmetro,0.85,Swissmetro,2
4867,542,0.1,0.89,0.01,swissmetro,0.84,Swissmetro,2
4868,542,0.2,0.75,0.05,swissmetro,0.63,Swissmetro,2
4869,543,0.01,0.97,0.02,swissmetro,0.94,Swissmetro,2
4870,543,0.07,0.92,0.01,swissmetro,0.88,Swissmetro,2
4871,543,0.03,0.77,0.2,swissmetro,0.66,Swissmetro,2
4872,543,0.02,0.93,0.05,swissmetro,0.89,Swissmetro,2
4873,543,0.04,0.91,0.05,swissmetro,0.86,Swissmetro,2
4874,543,0.04,0.94,0.02,swissmetro,0.91,Swissmetro,2
4875,543,0.06,0.92,0.02,swissmetro,0.88,Swissmetro,2
4876,543,0.03,0.94,0.03,swissmetro,0.91,Swissmetro,2
4877,543,0.13,0.82,0.05,swissmetro,0.73,Swissmetro,2
4878,544,0.05,0.81,0.14,swissmetro,0.71,Swissmetro,2
4879,544,0.07,0.91,0.02,swissmetro,0.87,Swissmetro,2
4880,544,0.27,0.49,0.24,swissmetro,0.24,Swissmetro,2
4881,544,0.28,0.61,0.11,swissmetro,0.42,Train,1
4882,544,0.25,0.74,0.01,swissmetro,0.62,Train,1
4883,544,0.07,0.88,0.05,swissmetro,0.81,Swissmetro,2
4884,544,0.07,0.85,0.08,swissmetro,0.78,Swissmetro,2
4885,544,0.29,0.6799999999999999,0.03,swissmetro,0.53,Train,1
4886,544,0.11,0.84,0.05,swissmetro,0.76,Swissmetro,2
4887,545,0.09,0.9,0.01,swissmetro,0.84,Car,3
4888,545,0.04,0.95,0.01,swissmetro,0.93,Swissmetro,2
4889,545,0.08,0.91,0.01,swissmetro,0.87,Swissmetro,2
4890,545,0.09,0.88,0.03,swissmetro,0.82,Train,1
4891,545,0.09,0.88,0.03,swissmetro,0.82,Swissmetro,2
4892,545,0.06,0.92,0.02,swissmetro,0.88,Car,3
4893,545,0.07,0.86,0.07,swissmetro,0.79,Car,3
4894,545,0.05,0.89,0.06,swissmetro,0.83,Swissmetro,2
4895,545,0.08,0.89,0.03,swissmetro,0.83,Train,1
4896,546,0.08,0.91,0.01,swissmetro,0.87,Swissmetro,2
4897,546,0.07,0.93,0.0,swissmetro,0.88,Swissmetro,2
4898,546,0.04,0.79,0.17,swissmetro,0.7,Car,3
4899,546,0.12,0.58,0.3,swissmetro,0.37,Car,3
4900,546,0.14,0.85,0.01,swissmetro,0.77,Swissmetro,2
4901,546,0.1,0.84,0.06,swissmetro,0.76,Swissmetro,2
4902,546,0.08,0.68,0.24,swissmetro,0.51,Car,3
4903,546,0.27,0.71,0.02,swissmetro,0.57,Swissmetro,2
4904,546,0.07,0.79,0.14,swissmetro,0.69,Swissmetro,2
4905,547,0.28,0.59,0.13,swissmetro,0.38,Swissmetro,2
4906,547,0.59,0.37,0.04,train,0.38,Swissmetro,2
4907,547,0.1,0.39,0.51,car,0.26,Swissmetro,2
4908,547,0.26,0.73,0.01,swissmetro,0.58,Swissmetro,2
4909,547,0.13,0.44,0.43,car,0.15,Swissmetro,2
4910,547,0.34,0.6,0.06,swissmetro,0.39,Swissmetro,2
4911,547,0.25,0.6,0.15,swissmetro,0.4,Swissmetro,2
4912,547,0.17,0.72,0.11,swissmetro,0.59,Swissmetro,2
4913,547,0.35,0.46,0.19,swissmetro,0.19,Swissmetro,2
4914,548,0.07,0.87,0.06,swissmetro,0.8,Car,3
4915,548,0.07,0.92,0.01,swissmetro,0.89,Train,1
4916,548,0.16,0.81,0.03,swissmetro,0.72,Train,1
4917,548,0.11,0.79,0.1,swissmetro,0.69,Train,1
4918,548,0.13,0.83,0.04,swissmetro,0.74,Train,1
4919,548,0.09,0.86,0.05,swissmetro,0.8,Train,1
4920,548,0.12,0.6900000000000001,0.19,swissmetro,0.52,Swissmetro,2
4921,548,0.07,0.87,0.06,swissmetro,0.8,Swissmetro,2
4922,548,0.25,0.67,0.08,swissmetro,0.49,Train,1
4923,549,0.07,0.91,0.02,swissmetro,0.86,Swissmetro,2
4924,549,0.02,0.98,0.0,swissmetro,0.97,Swissmetro,2
4925,549,0.09,0.8099999999999999,0.1,swissmetro,0.73,Swissmetro,2
4926,549,0.06,0.7,0.24,swissmetro,0.54,Car,3
4927,549,0.04,0.95,0.01,swissmetro,0.93,Swissmetro,2
4928,549,0.04,0.93,0.03,swissmetro,0.89,Swissmetro,2
4929,549,0.04,0.88,0.08,swissmetro,0.81,Car,3
4930,549,0.16,0.83,0.01,swissmetro,0.75,Swissmetro,2
4931,549,0.03,0.9299999999999999,0.04,swissmetro,0.9,Swissmetro,2
4932,550,0.07,0.8,0.13,swissmetro,0.7,Car,3
4933,550,0.03,0.94,0.03,swissmetro,0.91,Swissmetro,2
4934,550,0.08,0.87,0.05,swissmetro,0.81,Swissmetro,2
4935,550,0.04,0.92,0.04,swissmetro,0.88,Car,3
4936,550,0.04,0.92,0.04,swissmetro,0.87,Car,3
4937,550,0.03,0.96,0.01,swissmetro,0.93,Car,3
4938,550,0.03,0.85,0.12,swissmetro,0.77,Car,3
4939,550,0.01,0.88,0.11,swissmetro,0.81,Car,3
4940,550,0.08,0.85,0.07,swissmetro,0.77,Car,3
4941,551,0.05,0.85,0.1,swissmetro,0.77,Car,3
4942,551,0.02,0.96,0.02,swissmetro,0.94,Swissmetro,2
4943,551,0.06,0.92,0.02,swissmetro,0.88,Swissmetro,2
4944,551,0.07,0.81,0.12,swissmetro,0.72,Car,3
4945,551,0.02,0.92,0.06,swissmetro,0.88,Swissmetro,2
4946,551,0.04,0.87,0.09,swissmetro,0.81,Car,3
4947,551,0.02,0.63,0.35,swissmetro,0.45,Car,3
4948,551,0.01,0.69,0.3,swissmetro,0.53,Car,3
4949,551,0.03,0.77,0.2,swissmetro,0.65,Car,3
4950,552,0.12,0.58,0.3,swissmetro,0.36,Swissmetro,2
4951,552,0.08,0.89,0.03,swissmetro,0.84,Swissmetro,2
4952,552,0.07,0.2,0.73,car,0.6,Swissmetro,2
4953,552,0.07,0.13,0.8,car,0.7,Car,3
4954,552,0.13,0.74,0.13,swissmetro,0.61,Swissmetro,2
4955,552,0.15,0.4,0.45,car,0.18,Swissmetro,2
4956,552,0.03,0.28,0.69,car,0.54,Car,3
4957,552,0.31,0.29,0.4,car,0.1,Swissmetro,2
4958,552,0.06,0.6,0.34,swissmetro,0.4,Car,3
4959,553,0.02,0.97,0.01,swissmetro,0.96,Swissmetro,2
4960,553,0.05,0.93,0.02,swissmetro,0.89,Swissmetro,2
4961,553,0.05,0.94,0.01,swissmetro,0.91,Swissmetro,2
4962,553,0.05,0.93,0.02,swissmetro,0.89,Swissmetro,2
4963,553,0.03,0.94,0.03,swissmetro,0.91,Swissmetro,2
4964,553,0.04,0.91,0.05,swissmetro,0.87,Swissmetro,2
4965,553,0.04,0.87,0.09,swissmetro,0.8,Swissmetro,2
4966,553,0.02,0.92,0.06,swissmetro,0.89,Swissmetro,2
4967,553,0.03,0.91,0.06,swissmetro,0.87,Swissmetro,2
4968,554,0.04,0.93,0.02,swissmetro,0.9,Swissmetro,2
4969,554,0.12,0.86,0.02,swissmetro,0.8,Swissmetro,2
4970,554,0.03,0.74,0.23,swissmetro,0.6,Car,3
4971,554,0.04,0.96,0.0,swissmetro,0.93,Swissmetro,2
4972,554,0.04,0.84,0.12,swissmetro,0.76,Car,3
4973,554,0.05,0.93,0.01,swissmetro,0.9,Swissmetro,2
4974,554,0.12,0.78,0.1,swissmetro,0.66,Swissmetro,2
4975,554,0.05,0.94,0.01,swissmetro,0.91,Swissmetro,2
4976,554,0.15,0.79,0.06,swissmetro,0.69,Swissmetro,2
4977,555,0.04,0.95,0.01,swissmetro,0.92,Swissmetro,2
4978,555,0.08,0.91,0.01,swissmetro,0.86,Swissmetro,2
4979,555,0.09,0.81,0.1,swissmetro,0.72,Swissmetro,2
4980,555,0.09,0.9,0.01,swissmetro,0.86,Swissmetro,2
4981,555,0.04,0.85,0.11,swissmetro,0.77,Swissmetro,2
4982,555,0.09,0.9,0.01,swissmetro,0.85,Swissmetro,2
4983,555,0.1,0.87,0.03,swissmetro,0.82,Car,3
4984,555,0.1,0.89,0.01,swissmetro,0.84,Swissmetro,2
4985,555,0.12,0.85,0.03,swissmetro,0.78,Swissmetro,2
4986,556,0.09,0.9,0.01,swissmetro,0.85,Swissmetro,2
4987,556,0.06,0.9299999999999999,0.01,swissmetro,0.91,Swissmetro,2
4988,556,0.11,0.88,0.01,swissmetro,0.82,Swissmetro,2
4989,556,0.06,0.83,0.11,swissmetro,0.74,Train,1
4990,556,0.12,0.86,0.02,swissmetro,0.8,Swissmetro,2
4991,556,0.17,0.8,0.03,swissmetro,0.7,Swissmetro,2
4992,556,0.17,0.73,0.1,swissmetro,0.59,Swissmetro,2
4993,556,0.05,0.91,0.04,swissmetro,0.87,Swissmetro,2
4994,556,0.11,0.87,0.02,swissmetro,0.8,Car,3
4995,557,0.1,0.88,0.02,swissmetro,0.83,Swissmetro,2
4996,557,0.1,0.88,0.02,swissmetro,0.81,Swissmetro,2
4997,557,0.05,0.88,0.07,swissmetro,0.82,Car,3
4998,557,0.02,0.97,0.01,swissmetro,0.95,Swissmetro,2
4999,557,0.04,0.91,0.05,swissmetro,0.86,Swissmetro,2
5000,557,0.1,0.9,0.0,swissmetro,0.84,Swissmetro,2
5001,557,0.02,0.91,0.07,swissmetro,0.87,Swissmetro,2
5002,557,0.17,0.8099999999999999,0.02,swissmetro,0.72,Swissmetro,2
5003,557,0.08,0.9,0.02,swissmetro,0.85,Swissmetro,2
5004,558,0.04,0.95,0.01,swissmetro,0.94,Swissmetro,2
5005,558,0.02,0.98,0.0,swissmetro,0.97,Swissmetro,2
5006,558,0.04,0.8,0.16,swissmetro,0.71,Car,3
5007,558,0.09,0.86,0.05,swissmetro,0.79,Swissmetro,2
5008,558,0.08,0.91,0.01,swissmetro,0.87,Swissmetro,2
5009,558,0.02,0.95,0.03,swissmetro,0.92,Swissmetro,2
5010,558,0.03,0.88,0.09,swissmetro,0.81,Swissmetro,2
5011,558,0.2,0.79,0.01,swissmetro,0.68,Swissmetro,2
5012,558,0.03,0.92,0.05,swissmetro,0.87,Swissmetro,2
5013,559,0.06,0.93,0.01,swissmetro,0.89,Swissmetro,2
5014,559,0.12,0.86,0.02,swissmetro,0.8,Swissmetro,2
5015,559,0.05,0.81,0.14,swissmetro,0.72,Swissmetro,2
5016,559,0.07,0.92,0.01,swissmetro,0.89,Swissmetro,2
5017,559,0.05,0.87,0.08,swissmetro,0.81,Swissmetro,2
5018,559,0.06,0.93,0.01,swissmetro,0.89,Swissmetro,2
5019,559,0.05,0.87,0.08,swissmetro,0.8,Swissmetro,2
5020,559,0.04,0.95,0.01,swissmetro,0.92,Swissmetro,2
5021,559,0.04,0.92,0.04,swissmetro,0.87,Train,1
5022,560,0.01,0.98,0.01,swissmetro,0.97,Swissmetro,2
5023,560,0.01,0.98,0.01,swissmetro,0.98,Swissmetro,2
5024,560,0.04,0.8,0.16,swissmetro,0.7,Swissmetro,2
5025,560,0.03,0.82,0.15,swissmetro,0.73,Car,3
5026,560,0.02,0.96,0.02,swissmetro,0.94,Swissmetro,2
5027,560,0.01,0.96,0.03,swissmetro,0.95,Swissmetro,2
5028,560,0.01,0.9,0.09,swissmetro,0.84,Car,3
5029,560,0.09,0.89,0.02,swissmetro,0.85,Swissmetro,2
5030,560,0.01,0.97,0.02,swissmetro,0.96,Car,3
5031,561,0.04,0.93,0.03,swissmetro,0.89,Swissmetro,2
5032,561,0.06,0.93,0.01,swissmetro,0.88,Swissmetro,2
5033,561,0.17,0.82,0.01,swissmetro,0.74,Swissmetro,2
5034,561,0.05,0.8,0.15,swissmetro,0.71,Car,3
5035,561,0.06,0.92,0.02,swissmetro,0.88,Swissmetro,2
5036,561,0.1,0.87,0.03,swissmetro,0.81,Car,3
5037,561,0.05,0.58,0.37,swissmetro,0.37,Swissmetro,2
5038,561,0.04,0.8,0.16,swissmetro,0.7,Swissmetro,2
5039,561,0.09,0.81,0.1,swissmetro,0.71,Swissmetro,2
5040,562,0.03,0.94,0.03,swissmetro,0.92,Swissmetro,2
5041,562,0.09,0.89,0.02,swissmetro,0.83,Swissmetro,2
5042,562,0.02,0.9,0.08,swissmetro,0.86,Car,3
5043,562,0.01,0.99,0.0,swissmetro,0.98,Swissmetro,2
5044,562,0.04,0.95,0.01,swissmetro,0.93,Car,3
5045,562,0.03,0.96,0.01,swissmetro,0.94,Swissmetro,2
5046,562,0.06,0.9,0.04,swissmetro,0.84,Swissmetro,2
5047,562,0.05,0.93,0.02,swissmetro,0.9,Swissmetro,2
5048,562,0.2,0.77,0.03,swissmetro,0.66,Train,1
5049,563,0.02,0.92,0.06,swissmetro,0.88,Swissmetro,2
5050,563,0.07,0.92,0.01,swissmetro,0.88,Swissmetro,2
5051,563,0.02,0.77,0.21,swissmetro,0.66,Car,3
5052,563,0.03,0.95,0.02,swissmetro,0.94,Swissmetro,2
5053,563,0.05,0.9,0.05,swissmetro,0.85,Swissmetro,2
5054,563,0.04,0.94,0.02,swissmetro,0.91,Swissmetro,2
5055,563,0.05,0.9,0.05,swissmetro,0.85,Swissmetro,2
5056,563,0.05,0.9,0.05,swissmetro,0.85,Swissmetro,2
5057,563,0.13,0.72,0.15,swissmetro,0.58,Swissmetro,2
5058,564,0.03,0.82,0.15,swissmetro,0.73,Car,3
5059,564,0.02,0.94,0.04,swissmetro,0.91,Swissmetro,2
5060,564,0.09,0.72,0.19,swissmetro,0.57,Car,3
5061,564,0.08,0.41,0.51,car,0.26,Car,3
5062,564,0.11,0.86,0.03,swissmetro,0.79,Swissmetro,2
5063,564,0.07,0.61,0.32,swissmetro,0.42,Swissmetro,2
5064,564,0.05,0.52,0.43,swissmetro,0.28,Car,3
5065,564,0.11,0.59,0.3,swissmetro,0.39,Swissmetro,2
5066,564,0.04,0.7,0.26,swissmetro,0.55,Car,3
5067,565,0.16,0.82,0.02,swissmetro,0.72,Car,3
5068,565,0.07,0.92,0.01,swissmetro,0.88,Swissmetro,2
5069,565,0.12,0.87,0.01,swissmetro,0.79,Swissmetro,2
5070,565,0.14,0.85,0.01,swissmetro,0.77,Car,3
5071,565,0.1,0.88,0.02,swissmetro,0.81,Swissmetro,2
5072,565,0.07,0.91,0.02,swissmetro,0.86,Car,3
5073,565,0.05,0.9,0.05,swissmetro,0.84,Car,3
5074,565,0.09,0.84,0.07,swissmetro,0.77,Car,3
5075,565,0.08,0.89,0.03,swissmetro,0.83,Car,3
5076,566,0.02,0.97,0.01,swissmetro,0.95,Swissmetro,2
5077,566,0.05,0.93,0.02,swissmetro,0.9,Swissmetro,2
5078,566,0.02,0.95,0.03,swissmetro,0.92,Swissmetro,2
5079,566,0.03,0.96,0.01,swissmetro,0.94,Swissmetro,2
5080,566,0.06,0.91,0.03,swissmetro,0.86,Swissmetro,2
5081,566,0.02,0.96,0.02,swissmetro,0.94,Swissmetro,2
5082,566,0.01,0.97,0.02,swissmetro,0.95,Swissmetro,2
5083,566,0.02,0.96,0.02,swissmetro,0.94,Swissmetro,2
5084,566,0.03,0.94,0.03,swissmetro,0.92,Swissmetro,2
5085,567,0.04,0.95,0.01,swissmetro,0.93,Swissmetro,2
5086,567,0.03,0.97,0.0,swissmetro,0.95,Swissmetro,2
5087,567,0.03,0.91,0.06,swissmetro,0.86,Swissmetro,2
5088,567,0.11,0.78,0.11,swissmetro,0.66,Car,3
5089,567,0.06,0.93,0.01,swissmetro,0.89,Swissmetro,2
5090,567,0.05,0.93,0.02,swissmetro,0.88,Car,3
5091,567,0.03,0.84,0.13,swissmetro,0.76,Car,3
5092,567,0.12,0.87,0.01,swissmetro,0.8,Car,3
5093,567,0.02,0.94,0.04,swissmetro,0.91,Car,3
5094,568,0.03,0.86,0.11,swissmetro,0.79,Car,3
5095,568,0.05,0.94,0.01,swissmetro,0.91,Swissmetro,2
5096,568,0.1,0.88,0.02,swissmetro,0.82,Swissmetro,2
5097,568,0.08,0.9,0.02,swissmetro,0.86,Car,3
5098,568,0.02,0.93,0.05,swissmetro,0.89,Swissmetro,2
5099,568,0.06,0.91,0.03,swissmetro,0.86,Car,3
5100,568,0.05,0.83,0.12,swissmetro,0.74,Car,3
5101,568,0.06,0.89,0.05,swissmetro,0.83,Car,3
5102,568,0.15,0.8,0.05,swissmetro,0.7,Swissmetro,2
5103,569,0.01,0.98,0.01,swissmetro,0.96,Swissmetro,2
5104,569,0.03,0.95,0.02,swissmetro,0.93,Swissmetro,2
5105,569,0.01,0.98,0.01,swissmetro,0.98,Swissmetro,2
5106,569,0.04,0.94,0.02,swissmetro,0.9,Swissmetro,2
5107,569,0.02,0.97,0.01,swissmetro,0.94,Swissmetro,2
5108,569,0.04,0.95,0.01,swissmetro,0.93,Swissmetro,2
5109,569,0.02,0.87,0.11,swissmetro,0.8,Swissmetro,2
5110,569,0.01,0.96,0.03,swissmetro,0.93,Swissmetro,2
5111,569,0.03,0.96,0.01,swissmetro,0.93,Swissmetro,2
5112,570,0.03,0.67,0.3,swissmetro,0.49,Swissmetro,2
5113,570,0.04,0.86,0.1,swissmetro,0.79,Swissmetro,2
5114,570,0.14,0.79,0.07,swissmetro,0.69,Swissmetro,2
5115,570,0.08,0.71,0.21,swissmetro,0.57,Car,3
5116,570,0.04,0.88,0.08,swissmetro,0.81,Swissmetro,2
5117,570,0.05,0.73,0.22,swissmetro,0.59,Car,3
5118,570,0.05,0.52,0.43,swissmetro,0.28,Car,3
5119,570,0.02,0.73,0.25,swissmetro,0.59,Car,3
5120,570,0.09,0.71,0.2,swissmetro,0.56,Swissmetro,2
5121,571,0.0,1.0,0.0,swissmetro,0.99,Swissmetro,2
5122,571,0.02,0.97,0.01,swissmetro,0.95,Swissmetro,2
5123,571,0.01,0.96,0.03,swissmetro,0.93,Car,3
5124,571,0.01,0.99,0.0,swissmetro,0.98,Swissmetro,2
5125,571,0.01,0.96,0.03,swissmetro,0.93,Swissmetro,2
5126,571,0.01,0.97,0.02,swissmetro,0.96,Swissmetro,2
5127,571,0.02,0.97,0.01,swissmetro,0.96,Car,3
5128,571,0.01,0.97,0.02,swissmetro,0.96,Swissmetro,2
5129,571,0.12,0.82,0.06,swissmetro,0.74,Swissmetro,2
5130,572,0.01,0.98,0.01,swissmetro,0.96,Swissmetro,2
5131,572,0.03,0.96,0.01,swissmetro,0.95,Swissmetro,2
5132,572,0.02,0.85,0.13,swissmetro,0.78,Swissmetro,2
5133,572,0.01,0.98,0.01,swissmetro,0.97,Swissmetro,2
5134,572,0.03,0.93,0.04,swissmetro,0.89,Swissmetro,2
5135,572,0.02,0.97,0.01,swissmetro,0.95,Swissmetro,2
5136,572,0.04,0.94,0.02,swissmetro,0.91,Swissmetro,2
5137,572,0.02,0.95,0.03,swissmetro,0.92,Swissmetro,2
5138,572,0.16,0.74,0.1,swissmetro,0.61,Swissmetro,2
5139,573,0.05,0.8,0.15,swissmetro,0.7,Swissmetro,2
5140,573,0.1,0.79,0.11,swissmetro,0.68,Swissmetro,2
5141,573,0.09,0.83,0.08,swissmetro,0.74,Swissmetro,2
5142,573,0.08,0.58,0.34,swissmetro,0.37,Train,1
5143,573,0.02,0.83,0.15,swissmetro,0.74,Swissmetro,2
5144,573,0.05,0.78,0.17,swissmetro,0.68,Swissmetro,2
5145,573,0.03,0.56,0.4,swissmetro,0.35,Swissmetro,2
5146,573,0.01,0.67,0.32,swissmetro,0.5,Swissmetro,2
5147,573,0.03,0.77,0.2,swissmetro,0.67,Swissmetro,2
5148,574,0.04,0.93,0.03,swissmetro,0.9,Train,1
5149,574,0.08,0.91,0.01,swissmetro,0.88,Swissmetro,2
5150,574,0.07,0.81,0.11,swissmetro,0.72,Car,3
5151,574,0.11,0.74,0.15,swissmetro,0.62,Car,3
5152,574,0.07,0.92,0.01,swissmetro,0.88,Swissmetro,2
5153,574,0.04,0.92,0.04,swissmetro,0.88,Car,3
5154,574,0.08,0.75,0.17,swissmetro,0.63,Car,3
5155,574,0.17,0.8,0.03,swissmetro,0.7,Car,3
5156,574,0.04,0.93,0.03,swissmetro,0.9,Car,3
5157,575,0.04,0.84,0.12,swissmetro,0.76,Car,3
5158,575,0.07,0.92,0.01,swissmetro,0.88,Swissmetro,2
5159,575,0.1,0.85,0.05,swissmetro,0.78,Car,3
5160,575,0.09,0.84,0.07,swissmetro,0.75,Swissmetro,2
5161,575,0.04,0.91,0.05,swissmetro,0.87,Swissmetro,2
5162,575,0.02,0.97,0.01,swissmetro,0.95,Swissmetro,2
5163,575,0.04,0.84,0.12,swissmetro,0.75,Swissmetro,2
5164,575,0.01,0.94,0.05,swissmetro,0.92,Car,3
5165,575,0.11,0.87,0.02,swissmetro,0.8,Car,3
5166,576,0.08,0.89,0.03,swissmetro,0.84,Car,3
5167,576,0.1,0.89,0.01,swissmetro,0.84,Car,3
5168,576,0.09,0.82,0.09,swissmetro,0.74,Car,3
5169,576,0.08,0.91,0.01,swissmetro,0.86,Car,3
5170,576,0.1,0.89,0.01,swissmetro,0.83,Car,3
5171,576,0.09,0.9,0.01,swissmetro,0.85,Car,3
5172,576,0.1,0.88,0.02,swissmetro,0.83,Car,3
5173,576,0.1,0.89,0.01,swissmetro,0.83,Car,3
5174,576,0.18,0.8,0.02,swissmetro,0.7,Car,3
5175,577,0.06,0.93,0.01,swissmetro,0.9,Car,3
5176,577,0.1,0.89,0.01,swissmetro,0.84,Swissmetro,2
5177,577,0.15,0.83,0.02,swissmetro,0.74,Swissmetro,2
5178,577,0.1,0.84,0.06,swissmetro,0.75,Car,3
5179,577,0.08,0.91,0.01,swissmetro,0.86,Swissmetro,2
5180,577,0.07,0.91,0.02,swissmetro,0.87,Car,3
5181,577,0.02,0.71,0.27,swissmetro,0.56,Car,3
5182,577,0.06,0.91,0.03,swissmetro,0.86,Car,3
5183,577,0.1,0.84,0.06,swissmetro,0.76,Car,3
5184,578,0.01,0.98,0.01,swissmetro,0.97,Car,3
5185,578,0.01,0.98,0.01,swissmetro,0.97,Car,3
5186,578,0.03,0.97,0.0,swissmetro,0.95,Car,3
5187,578,0.03,0.96,0.01,swissmetro,0.94,Car,3
5188,578,0.02,0.9,0.08,swissmetro,0.85,Car,3
5189,578,0.04,0.95,0.01,swissmetro,0.91,Car,3
5190,578,0.04,0.85,0.11,swissmetro,0.78,Car,3
5191,578,0.02,0.92,0.06,swissmetro,0.88,Car,3
5192,578,0.03,0.93,0.04,swissmetro,0.9,Car,3
5193,579,0.07,0.86,0.07,swissmetro,0.78,Swissmetro,2
5194,579,0.18,0.77,0.05,swissmetro,0.66,Swissmetro,2
5195,579,0.07,0.55,0.38,swissmetro,0.32,Car,3
5196,579,0.03,0.9,0.07,swissmetro,0.85,Swissmetro,2
5197,579,0.08,0.67,0.25,swissmetro,0.51,Car,3
5198,579,0.13,0.77,0.1,swissmetro,0.65,Train,1
5199,579,0.07,0.83,0.1,swissmetro,0.74,Car,3
5200,579,0.15,0.8,0.05,swissmetro,0.71,Swissmetro,2
5201,579,0.05,0.86,0.09,swissmetro,0.79,Swissmetro,2
5202,580,0.03,0.66,0.31,swissmetro,0.5,Swissmetro,2
5203,580,0.02,0.9,0.08,swissmetro,0.84,Swissmetro,2
5204,580,0.03,0.94,0.03,swissmetro,0.92,Swissmetro,2
5205,580,0.05,0.38,0.57,car,0.35,Swissmetro,2
5206,580,0.04,0.93,0.03,swissmetro,0.9,Swissmetro,2
5207,580,0.03,0.68,0.29,swissmetro,0.52,Swissmetro,2
5208,580,0.02,0.72,0.26,swissmetro,0.58,Car,3
5209,580,0.01,0.52,0.47,swissmetro,0.29,Swissmetro,2
5210,580,0.03,0.81,0.16,swissmetro,0.71,Car,3
5211,581,0.01,0.96,0.03,swissmetro,0.94,Swissmetro,2
5212,581,0.03,0.94,0.03,swissmetro,0.91,Swissmetro,2
5213,581,0.02,0.86,0.12,swissmetro,0.79,Swissmetro,2
5214,581,0.02,0.95,0.03,swissmetro,0.92,Swissmetro,2
5215,581,0.05,0.79,0.16,swissmetro,0.68,Swissmetro,2
5216,581,0.04,0.93,0.03,swissmetro,0.89,Swissmetro,2
5217,581,0.03,0.89,0.08,swissmetro,0.83,Swissmetro,2
5218,581,0.04,0.93,0.03,swissmetro,0.89,Swissmetro,2
5219,581,0.14,0.8,0.06,swissmetro,0.7,Swissmetro,2
5220,582,0.03,0.94,0.03,swissmetro,0.91,Swissmetro,2
5221,582,0.1,0.87,0.03,swissmetro,0.81,Swissmetro,2
5222,582,0.04,0.91,0.05,swissmetro,0.87,Swissmetro,2
5223,582,0.02,0.98,0.0,swissmetro,0.96,Swissmetro,2
5224,582,0.04,0.94,0.02,swissmetro,0.91,Swissmetro,2
5225,582,0.03,0.94,0.03,swissmetro,0.91,Swissmetro,2
5226,582,0.06,0.92,0.02,swissmetro,0.88,Swissmetro,2
5227,582,0.04,0.95,0.01,swissmetro,0.93,Swissmetro,2
5228,582,0.23,0.74,0.03,swissmetro,0.61,Swissmetro,2
5229,583,0.01,0.88,0.11,swissmetro,0.82,Swissmetro,2
5230,583,0.04,0.88,0.08,swissmetro,0.83,Swissmetro,2
5231,583,0.02,0.27,0.71,car,0.57,Car,3
5232,583,0.02,0.88,0.1,swissmetro,0.82,Swissmetro,2
5233,583,0.07,0.45,0.48,car,0.23,Swissmetro,2
5234,583,0.12,0.69,0.19,swissmetro,0.53,Swissmetro,2
5235,583,0.05,0.58,0.37,swissmetro,0.37,Swissmetro,2
5236,583,0.04,0.81,0.14,swissmetro,0.72,Swissmetro,2
5237,583,0.2,0.56,0.24,swissmetro,0.33,Swissmetro,2
5238,584,0.04,0.89,0.07,swissmetro,0.84,Swissmetro,2
5239,584,0.04,0.93,0.03,swissmetro,0.89,Swissmetro,2
5240,584,0.1,0.88,0.02,swissmetro,0.81,Swissmetro,2
5241,584,0.12,0.77,0.11,swissmetro,0.64,Swissmetro,2
5242,584,0.04,0.94,0.02,swissmetro,0.91,Swissmetro,2
5243,584,0.03,0.93,0.04,swissmetro,0.89,Swissmetro,2
5244,584,0.02,0.78,0.2,swissmetro,0.66,Car,3
5245,584,0.02,0.59,0.39,swissmetro,0.38,Swissmetro,2
5246,584,0.04,0.89,0.07,swissmetro,0.83,Swissmetro,2
5247,585,0.02,0.97,0.01,swissmetro,0.96,Swissmetro,2
5248,585,0.01,0.99,0.0,swissmetro,0.98,Swissmetro,2
5249,585,0.03,0.83,0.14,swissmetro,0.75,Swissmetro,2
5250,585,0.05,0.76,0.19,swissmetro,0.64,Car,3
5251,585,0.05,0.94,0.01,swissmetro,0.92,Swissmetro,2
5252,585,0.03,0.93,0.04,swissmetro,0.9,Car,3
5253,585,0.02,0.92,0.06,swissmetro,0.87,Car,3
5254,585,0.08,0.91,0.01,swissmetro,0.86,Car,3
5255,585,0.01,0.97,0.02,swissmetro,0.95,Swissmetro,2
5256,586,0.02,0.94,0.04,swissmetro,0.91,Car,3
5257,586,0.02,0.97,0.01,swissmetro,0.95,Swissmetro,2
5258,586,0.07,0.92,0.01,swissmetro,0.88,Swissmetro,2
5259,586,0.05,0.77,0.18,swissmetro,0.66,Car,3
5260,586,0.12,0.74,0.14,swissmetro,0.61,Car,3
5261,586,0.08,0.9,0.02,swissmetro,0.86,Swissmetro,2
5262,586,0.03,0.76,0.21,swissmetro,0.64,Swissmetro,2
5263,586,0.06,0.89,0.05,swissmetro,0.84,Car,3
5264,586,0.26,0.68,0.06,swissmetro,0.51,Train,1
5265,587,0.01,0.98,0.01,swissmetro,0.97,Swissmetro,2
5266,587,0.01,0.96,0.03,swissmetro,0.93,Swissmetro,2
5267,587,0.03,0.96,0.01,swissmetro,0.94,Swissmetro,2
5268,587,0.03,0.96,0.01,swissmetro,0.94,Swissmetro,2
5269,587,0.02,0.96,0.02,swissmetro,0.94,Swissmetro,2
5270,587,0.04,0.95,0.01,swissmetro,0.93,Swissmetro,2
5271,587,0.03,0.89,0.08,swissmetro,0.85,Swissmetro,2
5272,587,0.01,0.98,0.01,swissmetro,0.96,Swissmetro,2
5273,587,0.04,0.94,0.02,swissmetro,0.91,Swissmetro,2
5274,588,0.22,0.6,0.18,swissmetro,0.4,Swissmetro,2
5275,588,0.06,0.92,0.02,swissmetro,0.89,Swissmetro,2
5276,588,0.09,0.43,0.48,car,0.22,Car,3
5277,588,0.1,0.29,0.61,car,0.42,Swissmetro,2
5278,588,0.09,0.84,0.07,swissmetro,0.76,Swissmetro,2
5279,588,0.07,0.82,0.11,swissmetro,0.72,Swissmetro,2
5280,588,0.08,0.34,0.58,car,0.37,Car,3
5281,588,0.39,0.47,0.14,swissmetro,0.2,Swissmetro,2
5282,588,0.05,0.57,0.38,swissmetro,0.35,Swissmetro,2
5283,589,0.36,0.6,0.04,swissmetro,0.41,Car,3
5284,589,0.28,0.68,0.04,swissmetro,0.53,Train,1
5285,589,0.31,0.63,0.06,swissmetro,0.44,Train,1
5286,589,0.24,0.57,0.19,swissmetro,0.36,Train,1
5287,589,0.13,0.76,0.11,swissmetro,0.63,Car,3
5288,589,0.17,0.62,0.21,swissmetro,0.43,Train,1
5289,589,0.2,0.44,0.36,swissmetro,0.16,Car,3
5290,589,0.16,0.69,0.15,swissmetro,0.53,Train,1
5291,589,0.16,0.67,0.17,swissmetro,0.51,Train,1
5292,590,0.06,0.8,0.14,swissmetro,0.7,Swissmetro,2
5293,590,0.08,0.8,0.12,swissmetro,0.7,Swissmetro,2
5294,590,0.24,0.62,0.14,swissmetro,0.43,Swissmetro,2
5295,590,0.13,0.5,0.37,swissmetro,0.24,Car,3
5296,590,0.12,0.71,0.17,swissmetro,0.57,Swissmetro,2
5297,590,0.08,0.6,0.32,swissmetro,0.4,Car,3
5298,590,0.08,0.32,0.6,car,0.4,Car,3
5299,590,0.05,0.55,0.4,swissmetro,0.32,Car,3
5300,590,0.1,0.85,0.05,swissmetro,0.77,Car,3
5301,591,0.02,0.98,0.0,swissmetro,0.96,Swissmetro,2
5302,591,0.02,0.98,0.0,swissmetro,0.97,Swissmetro,2
5303,591,0.03,0.97,0.0,swissmetro,0.95,Swissmetro,2
5304,591,0.05,0.91,0.04,swissmetro,0.87,Swissmetro,2
5305,591,0.06,0.92,0.02,swissmetro,0.88,Swissmetro,2
5306,591,0.1,0.89,0.01,swissmetro,0.84,Swissmetro,2
5307,591,0.02,0.85,0.13,swissmetro,0.78,Swissmetro,2
5308,591,0.02,0.94,0.04,swissmetro,0.92,Swissmetro,2
5309,591,0.06,0.92,0.02,swissmetro,0.88,Swissmetro,2
5310,592,0.04,0.93,0.03,swissmetro,0.9,Swissmetro,2
5311,592,0.03,0.97,0.0,swissmetro,0.94,Swissmetro,2
5312,592,0.05,0.73,0.22,swissmetro,0.59,Swissmetro,2
5313,592,0.05,0.42,0.53,car,0.3,Car,3
5314,592,0.12,0.83,0.05,swissmetro,0.75,Swissmetro,2
5315,592,0.04,0.8,0.16,swissmetro,0.7,Swissmetro,2
5316,592,0.03,0.6,0.37,swissmetro,0.41,Car,3
5317,592,0.14,0.67,0.19,swissmetro,0.5,Train,1
5318,592,0.02,0.8,0.18,swissmetro,0.7,Car,3
5319,593,0.03,0.24,0.73,car,0.59,Car,3
5320,593,0.1,0.72,0.18,swissmetro,0.59,Swissmetro,2
5321,593,0.02,0.28,0.7,car,0.55,Car,3
5322,593,0.03,0.94,0.03,swissmetro,0.91,Swissmetro,2
5323,593,0.02,0.64,0.34,swissmetro,0.45,Car,3
5324,593,0.03,0.87,0.1,swissmetro,0.79,Swissmetro,2
5325,593,0.03,0.7,0.27,swissmetro,0.55,Car,3
5326,593,0.05,0.85,0.1,swissmetro,0.77,Swissmetro,2
5327,593,0.02,0.46,0.52,car,0.28,Car,3
5328,594,0.03,0.96,0.01,swissmetro,0.94,Swissmetro,2
5329,594,0.02,0.97,0.01,swissmetro,0.96,Train,1
5330,594,0.01,0.85,0.14,swissmetro,0.76,Car,3
5331,594,0.07,0.77,0.16,swissmetro,0.65,Car,3
5332,594,0.04,0.93,0.03,swissmetro,0.89,Swissmetro,2
5333,594,0.04,0.85,0.11,swissmetro,0.78,Swissmetro,2
5334,594,0.03,0.85,0.12,swissmetro,0.78,Car,3
5335,594,0.11,0.84,0.05,swissmetro,0.76,Swissmetro,2
5336,594,0.02,0.9,0.08,swissmetro,0.85,Car,3
5337,595,0.05,0.75,0.2,swissmetro,0.63,Swissmetro,2
5338,595,0.1,0.78,0.12,swissmetro,0.67,Swissmetro,2
5339,595,0.03,0.57,0.4,swissmetro,0.36,Swissmetro,2
5340,595,0.22,0.74,0.04,swissmetro,0.61,Swissmetro,2
5341,595,0.04,0.6,0.36,swissmetro,0.39,Swissmetro,2
5342,595,0.16,0.62,0.22,swissmetro,0.43,Swissmetro,2
5343,595,0.06,0.44,0.5,car,0.25,Swissmetro,2
5344,595,0.17,0.69,0.14,swissmetro,0.54,Swissmetro,2
5345,595,0.1,0.39,0.51,car,0.27,Swissmetro,2
5346,596,0.22,0.48,0.3,swissmetro,0.22,Car,3
5347,596,0.13,0.81,0.06,swissmetro,0.72,Car,3
5348,596,0.2,0.6,0.2,swissmetro,0.39,Car,3
5349,596,0.17,0.44,0.39,swissmetro,0.16,Car,3
5350,596,0.24,0.47,0.29,swissmetro,0.21,Car,3
5351,596,0.18,0.64,0.18,swissmetro,0.47,Car,3
5352,596,0.04,0.29,0.67,car,0.5,Car,3
5353,596,0.14,0.53,0.33,swissmetro,0.29,Car,3
5354,596,0.18,0.48,0.34,swissmetro,0.23,Car,3
5355,597,0.23,0.6,0.17,swissmetro,0.41,Swissmetro,2
5356,597,0.11,0.88,0.01,swissmetro,0.83,Swissmetro,2
5357,597,0.15,0.49,0.36,swissmetro,0.23,Swissmetro,2
5358,597,0.1,0.56,0.34,swissmetro,0.34,Car,3
5359,597,0.2,0.74,0.06,swissmetro,0.62,Swissmetro,2
5360,597,0.14,0.43,0.43,swissmetro,0.15,Swissmetro,2
5361,597,0.06,0.19,0.75,car,0.62,Car,3
5362,597,0.28,0.63,0.09,swissmetro,0.44,Swissmetro,2
5363,597,0.04,0.78,0.18,swissmetro,0.66,Car,3
5364,598,0.03,0.83,0.14,swissmetro,0.74,Swissmetro,2
5365,598,0.04,0.92,0.04,swissmetro,0.88,Swissmetro,2
5366,598,0.05,0.89,0.06,swissmetro,0.84,Swissmetro,2
5367,598,0.05,0.85,0.1,swissmetro,0.78,Swissmetro,2
5368,598,0.04,0.86,0.1,swissmetro,0.79,Swissmetro,2
5369,598,0.05,0.87,0.08,swissmetro,0.8,Swissmetro,2
5370,598,0.03,0.51,0.46,swissmetro,0.26,Car,3
5371,598,0.02,0.75,0.23,swissmetro,0.63,Car,3
5372,598,0.07,0.79,0.14,swissmetro,0.69,Swissmetro,2
5373,599,0.22,0.63,0.15,swissmetro,0.44,Swissmetro,2
5374,599,0.13,0.84,0.03,swissmetro,0.76,Swissmetro,2
5375,599,0.2,0.28,0.52,car,0.28,Car,3
5376,599,0.19,0.5,0.31,swissmetro,0.24,Car,3
5377,599,0.26,0.67,0.07,swissmetro,0.5,Swissmetro,2
5378,599,0.17,0.59,0.24,swissmetro,0.39,Swissmetro,2
5379,599,0.15,0.62,0.23,swissmetro,0.42,Car,3
5380,599,0.26,0.6,0.14,swissmetro,0.4,Train,1
5381,599,0.02,0.9,0.08,swissmetro,0.86,Swissmetro,2
5382,600,0.01,0.86,0.13,swissmetro,0.78,Swissmetro,2
5383,600,0.02,0.92,0.06,swissmetro,0.87,Swissmetro,2
5384,600,0.08,0.8,0.12,swissmetro,0.71,Swissmetro,2
5385,600,0.09,0.88,0.03,swissmetro,0.82,Car,3
5386,600,0.03,0.91,0.06,swissmetro,0.86,Swissmetro,2
5387,600,0.07,0.75,0.18,swissmetro,0.63,Car,3
5388,600,0.02,0.65,0.33,swissmetro,0.48,Car,3
5389,600,0.02,0.7,0.28,swissmetro,0.56,Car,3
5390,600,0.05,0.83,0.12,swissmetro,0.75,Swissmetro,2
5391,601,0.02,0.48,0.5,car,0.26,Car,3
5392,601,0.03,0.89,0.08,swissmetro,0.83,Swissmetro,2
5393,601,0.02,0.43,0.55,car,0.33,Car,3
5394,601,0.05,0.2,0.75,car,0.63,Car,3
5395,601,0.15,0.65,0.2,swissmetro,0.48,Swissmetro,2
5396,601,0.04,0.54,0.42,swissmetro,0.3,Car,3
5397,601,0.02,0.66,0.32,swissmetro,0.49,Car,3
5398,601,0.27,0.6,0.13,swissmetro,0.4,Car,3
5399,601,0.03,0.73,0.24,swissmetro,0.6,Car,3
5400,602,0.04,0.64,0.32,swissmetro,0.47,Car,3
5401,602,0.07,0.91,0.02,swissmetro,0.86,Swissmetro,2
5402,602,0.1,0.73,0.17,swissmetro,0.58,Swissmetro,2
5403,602,0.1,0.79,0.11,swissmetro,0.69,Car,3
5404,602,0.06,0.84,0.1,swissmetro,0.76,Swissmetro,2
5405,602,0.05,0.88,0.07,swissmetro,0.81,Car,3
5406,602,0.02,0.56,0.42,swissmetro,0.35,Car,3
5407,602,0.02,0.64,0.34,swissmetro,0.46,Swissmetro,2
5408,602,0.03,0.74,0.23,swissmetro,0.61,Car,3
5409,603,0.1,0.62,0.28,swissmetro,0.42,Car,3
5410,603,0.18,0.63,0.19,swissmetro,0.46,Car,3
5411,603,0.17,0.59,0.24,swissmetro,0.38,Car,3
5412,603,0.07,0.71,0.22,swissmetro,0.56,Car,3
5413,603,0.11,0.64,0.25,swissmetro,0.46,Car,3
5414,603,0.11,0.68,0.21,swissmetro,0.51,Car,3
5415,603,0.03,0.55,0.42,swissmetro,0.31,Car,3
5416,603,0.05,0.63,0.32,swissmetro,0.45,Car,3
5417,603,0.06,0.75,0.19,swissmetro,0.62,Car,3
5418,604,0.03,0.81,0.16,swissmetro,0.71,Swissmetro,2
5419,604,0.14,0.8099999999999999,0.05,swissmetro,0.72,Swissmetro,2
5420,604,0.1,0.66,0.24,swissmetro,0.5,Car,3
5421,604,0.05,0.94,0.01,swissmetro,0.91,Swissmetro,2
5422,604,0.11,0.83,0.06,swissmetro,0.75,Car,3
5423,604,0.04,0.9,0.06,swissmetro,0.85,Swissmetro,2
5424,604,0.06,0.91,0.03,swissmetro,0.86,Car,3
5425,604,0.06,0.93,0.01,swissmetro,0.89,Swissmetro,2
5426,604,0.22,0.72,0.06,swissmetro,0.58,Car,3
5427,605,0.07,0.73,0.2,swissmetro,0.59,Car,3
5428,605,0.09,0.82,0.09,swissmetro,0.72,Swissmetro,2
5429,605,0.14,0.61,0.25,swissmetro,0.42,Swissmetro,2
5430,605,0.15,0.67,0.18,swissmetro,0.51,Car,3
5431,605,0.09,0.71,0.2,swissmetro,0.56,Swissmetro,2
5432,605,0.11,0.63,0.26,swissmetro,0.44,Car,3
5433,605,0.07,0.42,0.51,car,0.26,Car,3
5434,605,0.05,0.53,0.42,swissmetro,0.29,Car,3
5435,605,0.27,0.49,0.24,swissmetro,0.23,Swissmetro,2
5436,606,0.07,0.77,0.16,swissmetro,0.65,Swissmetro,2
5437,606,0.1,0.87,0.03,swissmetro,0.81,Car,3
5438,606,0.13,0.76,0.11,swissmetro,0.63,Swissmetro,2
5439,606,0.18,0.68,0.14,swissmetro,0.51,Swissmetro,2
5440,606,0.08,0.88,0.04,swissmetro,0.81,Swissmetro,2
5441,606,0.03,0.91,0.06,swissmetro,0.87,Swissmetro,2
5442,606,0.02,0.89,0.09,swissmetro,0.84,Swissmetro,2
5443,606,0.02,0.86,0.12,swissmetro,0.79,Swissmetro,2
5444,606,0.1,0.77,0.13,swissmetro,0.65,Swissmetro,2
5445,607,0.05,0.93,0.02,swissmetro,0.9,Swissmetro,2
5446,607,0.04,0.95,0.01,swissmetro,0.93,Swissmetro,2
5447,607,0.04,0.67,0.29,swissmetro,0.51,Car,3
5448,607,0.04,0.83,0.13,swissmetro,0.75,Car,3
5449,607,0.07,0.85,0.08,swissmetro,0.78,Swissmetro,2
5450,607,0.04,0.88,0.08,swissmetro,0.81,Swissmetro,2
5451,607,0.09,0.8099999999999999,0.1,swissmetro,0.73,Swissmetro,2
5452,607,0.16,0.76,0.08,swissmetro,0.64,Swissmetro,2
5453,607,0.02,0.92,0.06,swissmetro,0.87,Car,3
5454,608,0.03,0.8,0.17,swissmetro,0.71,Swissmetro,2
5455,608,0.07,0.87,0.06,swissmetro,0.81,Swissmetro,2
5456,608,0.02,0.75,0.23,swissmetro,0.63,Car,3
5457,608,0.05,0.94,0.01,swissmetro,0.91,Swissmetro,2
5458,608,0.05,0.89,0.06,swissmetro,0.84,Car,3
5459,608,0.04,0.91,0.05,swissmetro,0.87,Swissmetro,2
5460,608,0.07,0.69,0.24,swissmetro,0.53,Car,3
5461,608,0.11,0.86,0.03,swissmetro,0.8,Swissmetro,2
5462,608,0.04,0.6,0.36,swissmetro,0.4,Car,3
5463,609,0.02,0.91,0.07,swissmetro,0.86,Swissmetro,2
5464,609,0.09,0.74,0.17,swissmetro,0.61,Swissmetro,2
5465,609,0.05,0.77,0.18,swissmetro,0.65,Swissmetro,2
5466,609,0.02,0.91,0.07,swissmetro,0.87,Swissmetro,2
5467,609,0.06,0.78,0.16,swissmetro,0.67,Swissmetro,2
5468,609,0.05,0.83,0.12,swissmetro,0.74,Swissmetro,2
5469,609,0.03,0.83,0.14,swissmetro,0.74,Train,1
5470,609,0.05,0.87,0.08,swissmetro,0.81,Swissmetro,2
5471,609,0.09,0.7,0.21,swissmetro,0.56,Train,1
5472,610,0.03,0.83,0.14,swissmetro,0.74,Car,3
5473,610,0.04,0.89,0.07,swissmetro,0.83,Car,3
5474,610,0.11,0.74,0.15,swissmetro,0.61,Car,3
5475,610,0.1,0.75,0.15,swissmetro,0.62,Car,3
5476,610,0.04,0.82,0.14,swissmetro,0.72,Car,3
5477,610,0.06,0.84,0.1,swissmetro,0.75,Car,3
5478,610,0.03,0.72,0.25,swissmetro,0.59,Car,3
5479,610,0.02,0.87,0.11,swissmetro,0.81,Car,3
5480,610,0.07,0.77,0.16,swissmetro,0.65,Car,3
5481,611,0.03,0.64,0.33,swissmetro,0.46,Swissmetro,2
5482,611,0.12,0.67,0.21,swissmetro,0.51,Swissmetro,2
5483,611,0.06,0.49,0.45,swissmetro,0.23,Car,3
5484,611,0.16,0.8099999999999999,0.03,swissmetro,0.72,Swissmetro,2
5485,611,0.08,0.73,0.19,swissmetro,0.6,Swissmetro,2
5486,611,0.07,0.83,0.1,swissmetro,0.74,Swissmetro,2
5487,611,0.07,0.61,0.32,swissmetro,0.42,Car,3
5488,611,0.08,0.8,0.12,swissmetro,0.7,Swissmetro,2
5489,611,0.07,0.57,0.36,swissmetro,0.36,Train,1
5490,612,0.02,0.59,0.39,swissmetro,0.38,Car,3
5491,612,0.02,0.9,0.08,swissmetro,0.86,Car,3
5492,612,0.03,0.44,0.53,car,0.3,Car,3
5493,612,0.05,0.42,0.53,car,0.3,Car,3
5494,612,0.06,0.8,0.14,swissmetro,0.7,Swissmetro,2
5495,612,0.03,0.67,0.3,swissmetro,0.5,Car,3
5496,612,0.03,0.54,0.43,swissmetro,0.32,Car,3
5497,612,0.07,0.77,0.16,swissmetro,0.66,Car,3
5498,612,0.02,0.6,0.38,swissmetro,0.39,Car,3
5499,613,0.01,0.95,0.04,swissmetro,0.93,Car,3
5500,613,0.21,0.75,0.04,swissmetro,0.63,Swissmetro,2
5501,613,0.05,0.65,0.3,swissmetro,0.48,Car,3
5502,613,0.08,0.91,0.01,swissmetro,0.87,Swissmetro,2
5503,613,0.08,0.84,0.08,swissmetro,0.77,Car,3
5504,613,0.06,0.93,0.01,swissmetro,0.89,Swissmetro,2
5505,613,0.08,0.85,0.07,swissmetro,0.77,Car,3
5506,613,0.11,0.87,0.02,swissmetro,0.8,Car,3
5507,613,0.07,0.85,0.08,swissmetro,0.78,Car,3
5508,614,0.01,0.98,0.01,swissmetro,0.97,Swissmetro,2
5509,614,0.03,0.96,0.01,swissmetro,0.94,Swissmetro,2
5510,614,0.01,0.95,0.04,swissmetro,0.94,Car,3
5511,614,0.01,0.99,0.0,swissmetro,0.97,Swissmetro,2
5512,614,0.04,0.93,0.03,swissmetro,0.9,Car,3
5513,614,0.04,0.94,0.02,swissmetro,0.91,Swissmetro,2
5514,614,0.02,0.93,0.04,swissmetro,0.9,Swissmetro,2
5515,614,0.04,0.95,0.01,swissmetro,0.92,Swissmetro,2
5516,614,0.06,0.8099999999999999,0.13,swissmetro,0.72,Swissmetro,2
5517,615,0.02,0.95,0.03,swissmetro,0.93,Car,3
5518,615,0.02,0.97,0.01,swissmetro,0.96,Swissmetro,2
5519,615,0.08,0.91,0.01,swissmetro,0.86,Train,1
5520,615,0.09,0.77,0.14,swissmetro,0.66,Train,1
5521,615,0.01,0.95,0.04,swissmetro,0.92,Swissmetro,2
5522,615,0.01,0.97,0.02,swissmetro,0.94,Car,3
5523,615,0.01,0.89,0.1,swissmetro,0.83,Car,3
5524,615,0.01,0.88,0.11,swissmetro,0.82,Swissmetro,2
5525,615,0.04,0.9,0.06,swissmetro,0.84,Train,1
5526,616,0.02,0.95,0.03,swissmetro,0.94,Swissmetro,2
5527,616,0.01,0.99,0.0,swissmetro,0.98,Swissmetro,2
5528,616,0.03,0.84,0.13,swissmetro,0.76,Car,3
5529,616,0.03,0.91,0.06,swissmetro,0.88,Car,3
5530,616,0.03,0.95,0.02,swissmetro,0.92,Swissmetro,2
5531,616,0.02,0.94,0.04,swissmetro,0.92,Car,3
5532,616,0.02,0.94,0.04,swissmetro,0.9,Car,3
5533,616,0.06,0.9,0.04,swissmetro,0.84,Swissmetro,2
5534,616,0.01,0.95,0.04,swissmetro,0.92,Swissmetro,2
5535,617,0.04,0.92,0.04,swissmetro,0.88,Swissmetro,2
5536,617,0.06,0.92,0.02,swissmetro,0.88,Swissmetro,2
5537,617,0.08,0.86,0.06,swissmetro,0.8,Swissmetro,2
5538,617,0.06,0.85,0.09,swissmetro,0.77,Car,3
5539,617,0.07,0.89,0.04,swissmetro,0.84,Swissmetro,2
5540,617,0.06,0.87,0.07,swissmetro,0.81,Swissmetro,2
5541,617,0.01,0.8,0.19,swissmetro,0.7,Swissmetro,2
5542,617,0.03,0.8099999999999999,0.16,swissmetro,0.73,Car,3
5543,617,0.03,0.87,0.1,swissmetro,0.81,Swissmetro,2
5544,618,0.06,0.93,0.01,swissmetro,0.89,Swissmetro,2
5545,618,0.02,0.98,0.0,swissmetro,0.97,Swissmetro,2
5546,618,0.04,0.89,0.07,swissmetro,0.84,Swissmetro,2
5547,618,0.03,0.87,0.1,swissmetro,0.82,Swissmetro,2
5548,618,0.03,0.92,0.05,swissmetro,0.89,Swissmetro,2
5549,618,0.02,0.95,0.03,swissmetro,0.93,Swissmetro,2
5550,618,0.03,0.94,0.03,swissmetro,0.91,Swissmetro,2
5551,618,0.09,0.9,0.01,swissmetro,0.85,Swissmetro,2
5552,618,0.02,0.96,0.02,swissmetro,0.94,Swissmetro,2
5553,619,0.04,0.92,0.04,swissmetro,0.88,Swissmetro,2
5554,619,0.08,0.81,0.11,swissmetro,0.72,Swissmetro,2
5555,619,0.04,0.72,0.24,swissmetro,0.59,Car,3
5556,619,0.03,0.96,0.01,swissmetro,0.94,Swissmetro,2
5557,619,0.04,0.8,0.16,swissmetro,0.7,Car,3
5558,619,0.05,0.9,0.05,swissmetro,0.84,Swissmetro,2
5559,619,0.04,0.86,0.1,swissmetro,0.79,Car,3
5560,619,0.16,0.82,0.02,swissmetro,0.73,Swissmetro,2
5561,619,0.12,0.73,0.15,swissmetro,0.59,Swissmetro,2
5562,620,0.13,0.78,0.09,swissmetro,0.68,Swissmetro,2
5563,620,0.07,0.9,0.03,swissmetro,0.85,Swissmetro,2
5564,620,0.15,0.82,0.03,swissmetro,0.73,Swissmetro,2
5565,620,0.12,0.72,0.16,swissmetro,0.58,Car,3
5566,620,0.14,0.79,0.07,swissmetro,0.69,Swissmetro,2
5567,620,0.11,0.84,0.05,swissmetro,0.76,Swissmetro,2
5568,620,0.05,0.74,0.21,swissmetro,0.61,Car,3
5569,620,0.06,0.77,0.17,swissmetro,0.66,Car,3
5570,620,0.07,0.86,0.07,swissmetro,0.8,Car,3
5571,621,0.05,0.74,0.21,swissmetro,0.6,Swissmetro,2
5572,621,0.07,0.68,0.25,swissmetro,0.52,Swissmetro,2
5573,621,0.03,0.64,0.33,swissmetro,0.45,Swissmetro,2
5574,621,0.05,0.9,0.05,swissmetro,0.84,Swissmetro,2
5575,621,0.1,0.79,0.11,swissmetro,0.68,Swissmetro,2
5576,621,0.06,0.8200000000000001,0.12,swissmetro,0.72,Swissmetro,2
5577,621,0.03,0.72,0.25,swissmetro,0.59,Swissmetro,2
5578,621,0.03,0.9,0.07,swissmetro,0.84,Swissmetro,2
5579,621,0.1,0.57,0.33,swissmetro,0.35,Swissmetro,2
5580,622,0.02,0.91,0.07,swissmetro,0.87,Car,3
5581,622,0.07,0.84,0.09,swissmetro,0.76,Swissmetro,2
5582,622,0.01,0.85,0.14,swissmetro,0.77,Car,3
5583,622,0.02,0.97,0.01,swissmetro,0.97,Swissmetro,2
5584,622,0.03,0.93,0.04,swissmetro,0.89,Car,3
5585,622,0.03,0.94,0.03,swissmetro,0.9,Car,3
5586,622,0.03,0.91,0.06,swissmetro,0.87,Swissmetro,2
5587,622,0.08,0.9,0.02,swissmetro,0.84,Car,3
5588,622,0.06,0.77,0.17,swissmetro,0.65,Car,3
5589,623,0.04,0.84,0.12,swissmetro,0.76,Car,3
5590,623,0.12,0.82,0.06,swissmetro,0.73,Swissmetro,2
5591,623,0.03,0.72,0.25,swissmetro,0.57,Car,3
5592,623,0.1,0.87,0.03,swissmetro,0.81,Swissmetro,2
5593,623,0.07,0.77,0.16,swissmetro,0.65,Car,3
5594,623,0.09,0.85,0.06,swissmetro,0.77,Swissmetro,2
5595,623,0.03,0.86,0.11,swissmetro,0.8,Car,3
5596,623,0.09,0.84,0.07,swissmetro,0.76,Car,3
5597,623,0.05,0.86,0.09,swissmetro,0.8,Car,3
5598,624,0.04,0.91,0.05,swissmetro,0.86,Car,3
5599,624,0.04,0.95,0.01,swissmetro,0.92,Swissmetro,2
5600,624,0.08,0.92,0.0,swissmetro,0.87,Swissmetro,2
5601,624,0.11,0.88,0.01,swissmetro,0.82,Car,3
5602,624,0.09,0.87,0.04,swissmetro,0.82,Swissmetro,2
5603,624,0.03,0.96,0.01,swissmetro,0.93,Car,3
5604,624,0.02,0.86,0.12,swissmetro,0.78,Car,3
5605,624,0.01,0.89,0.1,swissmetro,0.82,Car,3
5606,624,0.15,0.82,0.03,swissmetro,0.73,Swissmetro,2
5607,625,0.02,0.95,0.03,swissmetro,0.92,Swissmetro,2
5608,625,0.07,0.88,0.05,swissmetro,0.83,Swissmetro,2
5609,625,0.05,0.82,0.13,swissmetro,0.73,Car,3
5610,625,0.04,0.95,0.01,swissmetro,0.93,Swissmetro,2
5611,625,0.08,0.87,0.05,swissmetro,0.81,Car,3
5612,625,0.1,0.87,0.03,swissmetro,0.81,Swissmetro,2
5613,625,0.08,0.75,0.17,swissmetro,0.63,Car,3
5614,625,0.09,0.89,0.02,swissmetro,0.83,Swissmetro,2
5615,625,0.14,0.68,0.17,swissmetro,0.52,Swissmetro,2
5616,626,0.05,0.78,0.17,swissmetro,0.68,Swissmetro,2
5617,626,0.13,0.84,0.03,swissmetro,0.76,Swissmetro,2
5618,626,0.05,0.66,0.29,swissmetro,0.49,Car,3
5619,626,0.16,0.82,0.02,swissmetro,0.74,Swissmetro,2
5620,626,0.15,0.76,0.09,swissmetro,0.64,Car,3
5621,626,0.09,0.8,0.11,swissmetro,0.7,Swissmetro,2
5622,626,0.07,0.79,0.14,swissmetro,0.7,Swissmetro,2
5623,626,0.08,0.9,0.02,swissmetro,0.86,Swissmetro,2
5624,626,0.1,0.84,0.06,swissmetro,0.76,Swissmetro,2
5625,627,0.05,0.69,0.26,swissmetro,0.55,Car,3
5626,627,0.03,0.87,0.1,swissmetro,0.81,Swissmetro,2
5627,627,0.02,0.56,0.42,swissmetro,0.34,Car,3
5628,627,0.1,0.34,0.56,car,0.34,Car,3
5629,627,0.03,0.84,0.13,swissmetro,0.76,Swissmetro,2
5630,627,0.04,0.66,0.3,swissmetro,0.49,Car,3
5631,627,0.04,0.52,0.44,swissmetro,0.27,Car,3
5632,627,0.22,0.6,0.18,swissmetro,0.4,Swissmetro,2
5633,627,0.02,0.7,0.28,swissmetro,0.55,Car,3
5634,628,0.01,0.98,0.01,swissmetro,0.97,Swissmetro,2
5635,628,0.09,0.79,0.12,swissmetro,0.68,Swissmetro,2
5636,628,0.04,0.77,0.19,swissmetro,0.65,Car,3
5637,628,0.03,0.96,0.01,swissmetro,0.95,Swissmetro,2
5638,628,0.09,0.87,0.04,swissmetro,0.81,Car,3
5639,628,0.08,0.89,0.03,swissmetro,0.84,Swissmetro,2
5640,628,0.04,0.93,0.03,swissmetro,0.89,Swissmetro,2
5641,628,0.06,0.93,0.01,swissmetro,0.89,Swissmetro,2
5642,628,0.07,0.82,0.11,swissmetro,0.73,Swissmetro,2
5643,629,0.03,0.84,0.13,swissmetro,0.77,Car,3
5644,629,0.16,0.75,0.09,swissmetro,0.63,Swissmetro,2
5645,629,0.02,0.75,0.23,swissmetro,0.62,Car,3
5646,629,0.02,0.93,0.04,swissmetro,0.9,Train,1
5647,629,0.06,0.85,0.09,swissmetro,0.78,Swissmetro,2
5648,629,0.11,0.85,0.04,swissmetro,0.78,Swissmetro,2
5649,629,0.07,0.86,0.07,swissmetro,0.79,Car,3
5650,629,0.11,0.81,0.08,swissmetro,0.71,Swissmetro,2
5651,629,0.07,0.64,0.29,swissmetro,0.45,Car,3
5652,630,0.05,0.52,0.43,swissmetro,0.29,Car,3
5653,630,0.04,0.8,0.16,swissmetro,0.7,Swissmetro,2
5654,630,0.03,0.53,0.44,swissmetro,0.29,Car,3
5655,630,0.11,0.32,0.56,car,0.35,Car,3
5656,630,0.15,0.5599999999999999,0.29,swissmetro,0.35,Swissmetro,2
5657,630,0.03,0.53,0.44,swissmetro,0.3,Car,3
5658,630,0.06,0.42,0.52,car,0.28,Car,3
5659,630,0.15,0.46,0.39,swissmetro,0.19,Car,3
5660,630,0.02,0.53,0.45,swissmetro,0.29,Car,3
5661,631,0.01,0.93,0.06,swissmetro,0.9,Swissmetro,2
5662,631,0.04,0.94,0.02,swissmetro,0.92,Swissmetro,2
5663,631,0.02,0.9,0.08,swissmetro,0.86,Swissmetro,2
5664,631,0.02,0.98,0.0,swissmetro,0.97,Swissmetro,2
5665,631,0.04,0.95,0.01,swissmetro,0.93,Swissmetro,2
5666,631,0.04,0.93,0.03,swissmetro,0.9,Swissmetro,2
5667,631,0.04,0.91,0.05,swissmetro,0.87,Swissmetro,2
5668,631,0.04,0.94,0.02,swissmetro,0.91,Swissmetro,2
5669,631,0.09,0.88,0.03,swissmetro,0.82,Swissmetro,2
5670,632,0.02,0.93,0.05,swissmetro,0.9,Swissmetro,2
5671,632,0.02,0.97,0.01,swissmetro,0.94,Swissmetro,2
5672,632,0.04,0.85,0.11,swissmetro,0.77,Swissmetro,2
5673,632,0.05,0.84,0.11,swissmetro,0.76,Car,3
5674,632,0.02,0.93,0.04,swissmetro,0.9,Swissmetro,2
5675,632,0.02,0.88,0.1,swissmetro,0.83,Car,3
5676,632,0.01,0.81,0.18,swissmetro,0.71,Car,3
5677,632,0.14,0.81,0.05,swissmetro,0.71,Car,3
5678,632,0.03,0.9,0.07,swissmetro,0.86,Car,3
5679,633,0.02,0.91,0.07,swissmetro,0.87,Swissmetro,2
5680,633,0.03,0.97,0.0,swissmetro,0.95,Swissmetro,2
5681,633,0.03,0.65,0.32,swissmetro,0.48,Swissmetro,2
5682,633,0.03,0.86,0.11,swissmetro,0.78,Car,3
5683,633,0.01,0.97,0.02,swissmetro,0.95,Swissmetro,2
5684,633,0.02,0.93,0.05,swissmetro,0.9,Swissmetro,2
5685,633,0.03,0.86,0.11,swissmetro,0.8,Car,3
5686,633,0.07,0.89,0.04,swissmetro,0.84,Swissmetro,2
5687,633,0.01,0.93,0.06,swissmetro,0.9,Car,3
5688,634,0.04,0.71,0.25,swissmetro,0.57,Swissmetro,2
5689,634,0.13,0.7,0.17,swissmetro,0.56,Car,3
5690,634,0.03,0.36,0.61,car,0.42,Car,3
5691,634,0.11,0.86,0.03,swissmetro,0.78,Train,1
5692,634,0.12,0.57,0.31,swissmetro,0.35,Car,3
5693,634,0.13,0.79,0.08,swissmetro,0.68,Swissmetro,2
5694,634,0.09,0.58,0.33,swissmetro,0.37,Swissmetro,2
5695,634,0.25,0.65,0.1,swissmetro,0.47,Swissmetro,2
5696,634,0.19,0.73,0.08,swissmetro,0.6,Swissmetro,2
5697,635,0.2,0.42,0.38,swissmetro,0.13,Car,3
5698,635,0.08,0.53,0.39,swissmetro,0.3,Car,3
5699,635,0.14,0.48,0.38,swissmetro,0.21,Car,3
5700,635,0.07,0.39,0.54,car,0.31,Car,3
5701,635,0.1,0.55,0.35,swissmetro,0.34,Car,3
5702,635,0.04,0.57,0.39,swissmetro,0.35,Car,3
5703,635,0.03,0.25,0.72,car,0.58,Car,3
5704,635,0.02,0.24,0.74,car,0.6,Car,3
5705,635,0.13,0.32,0.55,car,0.33,Car,3
5706,636,0.01,0.87,0.12,swissmetro,0.81,Car,3
5707,636,0.03,0.9,0.07,swissmetro,0.86,Swissmetro,2
5708,636,0.0,0.8,0.2,swissmetro,0.7,Car,3
5709,636,0.02,0.93,0.05,swissmetro,0.89,Swissmetro,2
5710,636,0.02,0.88,0.1,swissmetro,0.81,Car,3
5711,636,0.04,0.86,0.1,swissmetro,0.79,Car,3
5712,636,0.03,0.84,0.13,swissmetro,0.75,Car,3
5713,636,0.05,0.86,0.09,swissmetro,0.8,Swissmetro,2
5714,636,0.05,0.75,0.2,swissmetro,0.62,Car,3
5715,637,0.0,0.76,0.24,swissmetro,0.63,Car,3
5716,637,0.01,0.78,0.21,swissmetro,0.66,Swissmetro,2
5717,637,0.01,0.39,0.6,car,0.4,Car,3
5718,637,0.02,0.85,0.13,swissmetro,0.77,Swissmetro,2
5719,637,0.03,0.74,0.23,swissmetro,0.6,Car,3
5720,637,0.19,0.65,0.16,swissmetro,0.49,Swissmetro,2
5721,637,0.03,0.8,0.17,swissmetro,0.7,Car,3
5722,637,0.13,0.77,0.1,swissmetro,0.64,Car,3
5723,637,0.03,0.64,0.33,swissmetro,0.46,Car,3
5724,638,0.03,0.9,0.07,swissmetro,0.85,Car,3
5725,638,0.04,0.92,0.04,swissmetro,0.88,Swissmetro,2
5726,638,0.02,0.88,0.1,swissmetro,0.81,Car,3
5727,638,0.03,0.95,0.02,swissmetro,0.93,Swissmetro,2
5728,638,0.06,0.9,0.04,swissmetro,0.85,Car,3
5729,638,0.05,0.91,0.04,swissmetro,0.87,Swissmetro,2
5730,638,0.04,0.88,0.08,swissmetro,0.82,Car,3
5731,638,0.07,0.89,0.04,swissmetro,0.84,Car,3
5732,638,0.07,0.73,0.2,swissmetro,0.59,Car,3
5733,639,0.03,0.96,0.01,swissmetro,0.94,Car,3
5734,639,0.04,0.94,0.02,swissmetro,0.91,Swissmetro,2
5735,639,0.05,0.93,0.02,swissmetro,0.9,Swissmetro,2
5736,639,0.09,0.87,0.04,swissmetro,0.81,Swissmetro,2
5737,639,0.05,0.89,0.06,swissmetro,0.84,Swissmetro,2
5738,639,0.04,0.91,0.05,swissmetro,0.87,Swissmetro,2
5739,639,0.03,0.86,0.11,swissmetro,0.78,Car,3
5740,639,0.06,0.79,0.15,swissmetro,0.68,Swissmetro,2
5741,639,0.12,0.67,0.21,swissmetro,0.51,Swissmetro,2
5742,640,0.02,0.92,0.06,swissmetro,0.87,Swissmetro,2
5743,640,0.02,0.97,0.01,swissmetro,0.95,Swissmetro,2
5744,640,0.03,0.73,0.24,swissmetro,0.6,Train,1
5745,640,0.05,0.81,0.13,swissmetro,0.72,Car,3
5746,640,0.04,0.9,0.06,swissmetro,0.85,Swissmetro,2
5747,640,0.04,0.88,0.08,swissmetro,0.82,Car,3
5748,640,0.03,0.68,0.29,swissmetro,0.52,Car,3
5749,640,0.13,0.8,0.07,swissmetro,0.7,Swissmetro,2
5750,640,0.04,0.9,0.06,swissmetro,0.85,Swissmetro,2
5751,641,0.34,0.52,0.14,swissmetro,0.27,Car,3
5752,641,0.27,0.66,0.07,swissmetro,0.49,Car,3
5753,641,0.32,0.47,0.21,swissmetro,0.21,Car,3
5754,641,0.21,0.34,0.45,car,0.17,Car,3
5755,641,0.22,0.52,0.26,swissmetro,0.28,Swissmetro,2
5756,641,0.21,0.53,0.26,swissmetro,0.29,Car,3
5757,641,0.11,0.52,0.37,swissmetro,0.28,Car,3
5758,641,0.19,0.49,0.32,swissmetro,0.25,Car,3
5759,641,0.2,0.51,0.29,swissmetro,0.26,Car,3
5760,642,0.03,0.85,0.12,swissmetro,0.77,Car,3
5761,642,0.12,0.8,0.08,swissmetro,0.69,Swissmetro,2
5762,642,0.02,0.78,0.2,swissmetro,0.67,Swissmetro,2
5763,642,0.03,0.97,0.0,swissmetro,0.94,Swissmetro,2
5764,642,0.08,0.91,0.01,swissmetro,0.86,Swissmetro,2
5765,642,0.05,0.89,0.06,swissmetro,0.83,Swissmetro,2
5766,642,0.04,0.7,0.26,swissmetro,0.55,Swissmetro,2
5767,642,0.05,0.92,0.03,swissmetro,0.87,Swissmetro,2
5768,642,0.1,0.69,0.21,swissmetro,0.54,Car,3
5769,643,0.21,0.46,0.33,swissmetro,0.18,Car,3
5770,643,0.23,0.68,0.09,swissmetro,0.51,Swissmetro,2
5771,643,0.23,0.62,0.15,swissmetro,0.43,Train,1
5772,643,0.14,0.48,0.38,swissmetro,0.23,Swissmetro,2
5773,643,0.12,0.69,0.19,swissmetro,0.54,Swissmetro,2
5774,643,0.16,0.55,0.29,swissmetro,0.33,Swissmetro,2
5775,643,0.05,0.55,0.4,swissmetro,0.33,Car,3
5776,643,0.03,0.56,0.41,swissmetro,0.33,Swissmetro,2
5777,643,0.13,0.61,0.26,swissmetro,0.42,Car,3
5778,644,0.01,0.94,0.05,swissmetro,0.91,Car,3
5779,644,0.03,0.9400000000000001,0.03,swissmetro,0.9,Car,3
5780,644,0.03,0.78,0.19,swissmetro,0.66,Car,3
5781,644,0.04,0.91,0.05,swissmetro,0.88,Car,3
5782,644,0.04,0.78,0.18,swissmetro,0.67,Car,3
5783,644,0.02,0.92,0.06,swissmetro,0.88,Swissmetro,2
5784,644,0.02,0.85,0.13,swissmetro,0.77,Car,3
5785,644,0.04,0.91,0.05,swissmetro,0.87,Car,3
5786,644,0.05,0.81,0.14,swissmetro,0.72,Car,3
5787,645,0.01,0.98,0.01,swissmetro,0.97,Swissmetro,2
5788,645,0.02,0.98,0.0,swissmetro,0.97,Swissmetro,2
5789,645,0.03,0.87,0.1,swissmetro,0.81,Swissmetro,2
5790,645,0.05,0.88,0.07,swissmetro,0.83,Car,3
5791,645,0.02,0.96,0.02,swissmetro,0.94,Swissmetro,2
5792,645,0.03,0.94,0.03,swissmetro,0.91,Swissmetro,2
5793,645,0.02,0.95,0.03,swissmetro,0.92,Car,3
5794,645,0.08,0.89,0.03,swissmetro,0.84,Swissmetro,2
5795,645,0.01,0.96,0.03,swissmetro,0.94,Car,3
5796,646,0.01,0.96,0.03,swissmetro,0.94,Swissmetro,2
5797,646,0.09,0.84,0.07,swissmetro,0.77,Swissmetro,2
5798,646,0.02,0.86,0.12,swissmetro,0.79,Car,3
5799,646,0.01,0.99,0.0,swissmetro,0.97,Swissmetro,2
5800,646,0.06,0.83,0.11,swissmetro,0.74,Car,3
5801,646,0.04,0.9,0.06,swissmetro,0.84,Swissmetro,2
5802,646,0.02,0.9,0.08,swissmetro,0.86,Swissmetro,2
5803,646,0.04,0.94,0.02,swissmetro,0.91,Swissmetro,2
5804,646,0.13,0.74,0.13,swissmetro,0.61,Swissmetro,2
5805,647,0.09,0.89,0.02,swissmetro,0.83,Car,3
5806,647,0.06,0.93,0.01,swissmetro,0.89,Car,3
5807,647,0.11,0.76,0.13,swissmetro,0.64,Car,3
5808,647,0.09,0.66,0.25,swissmetro,0.49,Car,3
5809,647,0.07,0.88,0.05,swissmetro,0.82,Car,3
5810,647,0.05,0.87,0.08,swissmetro,0.8,Car,3
5811,647,0.05,0.77,0.18,swissmetro,0.65,Car,3
5812,647,0.16,0.79,0.05,swissmetro,0.69,Car,3
5813,647,0.06,0.87,0.07,swissmetro,0.81,Car,3
5814,648,0.12,0.81,0.07,swissmetro,0.72,Swissmetro,2
5815,648,0.09,0.9,0.01,swissmetro,0.85,Swissmetro,2
5816,648,0.19,0.6,0.21,swissmetro,0.41,Swissmetro,2
5817,648,0.07,0.65,0.28,swissmetro,0.47,Car,3
5818,648,0.11,0.87,0.02,swissmetro,0.8,Swissmetro,2
5819,648,0.09,0.81,0.1,swissmetro,0.72,Car,3
5820,648,0.11,0.61,0.28,swissmetro,0.42,Car,3
5821,648,0.16,0.8,0.04,swissmetro,0.69,Car,3
5822,648,0.01,0.93,0.06,swissmetro,0.89,Car,3
5823,649,0.02,0.4,0.58,car,0.37,Car,3
5824,649,0.06,0.64,0.3,swissmetro,0.45,Swissmetro,2
5825,649,0.08,0.4,0.52,car,0.27,Swissmetro,2
5826,649,0.09,0.51,0.4,swissmetro,0.26,Car,3
5827,649,0.02,0.47,0.51,car,0.26,Swissmetro,2
5828,649,0.07,0.43,0.5,car,0.24,Car,3
5829,649,0.02,0.16,0.82,car,0.73,Car,3
5830,649,0.02,0.24,0.74,car,0.6,Car,3
5831,649,0.05,0.26,0.69,car,0.53,Car,3
5832,650,0.02,0.39,0.59,car,0.39,Car,3
5833,650,0.06,0.61,0.33,swissmetro,0.41,Swissmetro,2
5834,650,0.03,0.36,0.61,car,0.41,Car,3
5835,650,0.07,0.87,0.06,swissmetro,0.81,Swissmetro,2
5836,650,0.12,0.55,0.33,swissmetro,0.32,Car,3
5837,650,0.08,0.72,0.2,swissmetro,0.59,Swissmetro,2
5838,650,0.08,0.55,0.37,swissmetro,0.33,Car,3
5839,650,0.18,0.66,0.16,swissmetro,0.48,Swissmetro,2
5840,650,0.05,0.44,0.51,car,0.26,Car,3
5841,651,0.03,0.96,0.01,swissmetro,0.95,Car,3
5842,651,0.05,0.94,0.01,swissmetro,0.91,Car,3
5843,651,0.07,0.84,0.09,swissmetro,0.77,Car,3
5844,651,0.11,0.77,0.12,swissmetro,0.65,Car,3
5845,651,0.06,0.93,0.01,swissmetro,0.9,Car,3
5846,651,0.06,0.91,0.03,swissmetro,0.85,Car,3
5847,651,0.03,0.84,0.13,swissmetro,0.76,Car,3
5848,651,0.15,0.83,0.02,swissmetro,0.75,Car,3
5849,651,0.02,0.93,0.04,swissmetro,0.9,Swissmetro,2
5850,652,0.03,0.87,0.1,swissmetro,0.82,Car,3
5851,652,0.02,0.97,0.01,swissmetro,0.95,Car,3
5852,652,0.03,0.91,0.06,swissmetro,0.87,Car,3
5853,652,0.03,0.79,0.18,swissmetro,0.68,Car,3
5854,652,0.03,0.91,0.06,swissmetro,0.86,Car,3
5855,652,0.03,0.87,0.1,swissmetro,0.81,Car,3
5856,652,0.01,0.62,0.37,swissmetro,0.43,Car,3
5857,652,0.01,0.75,0.24,swissmetro,0.62,Car,3
5858,652,0.07,0.79,0.14,swissmetro,0.68,Car,3
5859,653,0.06,0.69,0.25,swissmetro,0.54,Car,3
5860,653,0.07,0.85,0.08,swissmetro,0.77,Swissmetro,2
5861,653,0.01,0.35,0.64,car,0.45,Car,3
5862,653,0.02,0.97,0.01,swissmetro,0.96,Swissmetro,2
5863,653,0.02,0.68,0.3,swissmetro,0.52,Car,3
5864,653,0.02,0.92,0.06,swissmetro,0.88,Swissmetro,2
5865,653,0.02,0.74,0.24,swissmetro,0.62,Car,3
5866,653,0.03,0.88,0.09,swissmetro,0.83,Swissmetro,2
5867,653,0.03,0.63,0.34,swissmetro,0.45,Swissmetro,2
5868,654,0.01,0.83,0.16,swissmetro,0.75,Car,3
5869,654,0.09,0.76,0.15,swissmetro,0.63,Car,3
5870,654,0.02,0.39,0.59,car,0.39,Car,3
5871,654,0.07,0.9,0.03,swissmetro,0.85,Swissmetro,2
5872,654,0.16,0.59,0.25,swissmetro,0.39,Car,3
5873,654,0.13,0.75,0.12,swissmetro,0.62,Swissmetro,2
5874,654,0.06,0.8,0.14,swissmetro,0.7,Car,3
5875,654,0.12,0.77,0.11,swissmetro,0.65,Car,3
5876,654,0.05,0.79,0.16,swissmetro,0.68,Car,3
5877,655,0.11,0.89,0.0,swissmetro,0.82,Swissmetro,2
5878,655,0.03,0.97,0.0,swissmetro,0.95,Swissmetro,2
5879,655,0.07,0.93,0.0,swissmetro,0.89,Swissmetro,2
5880,655,0.17,0.81,0.02,swissmetro,0.71,Swissmetro,2
5881,655,0.04,0.92,0.04,swissmetro,0.89,Swissmetro,2
5882,655,0.03,0.96,0.01,swissmetro,0.94,Swissmetro,2
5883,655,0.04,0.94,0.02,swissmetro,0.92,Swissmetro,2
5884,655,0.02,0.96,0.02,swissmetro,0.94,Swissmetro,2
5885,655,0.08,0.91,0.01,swissmetro,0.87,Swissmetro,2
5886,656,0.27,0.5,0.23,swissmetro,0.26,Swissmetro,2
5887,656,0.2,0.76,0.04,swissmetro,0.63,Swissmetro,2
5888,656,0.26,0.68,0.06,swissmetro,0.52,Swissmetro,2
5889,656,0.2,0.76,0.04,swissmetro,0.65,Swissmetro,2
5890,656,0.18,0.7,0.12,swissmetro,0.55,Swissmetro,2
5891,656,0.17,0.77,0.06,swissmetro,0.66,Swissmetro,2
5892,656,0.11,0.61,0.28,swissmetro,0.42,Swissmetro,2
5893,656,0.13,0.74,0.13,swissmetro,0.61,Swissmetro,2
5894,656,0.29,0.57,0.14,swissmetro,0.35,Swissmetro,2
5895,657,0.14,0.79,0.07,swissmetro,0.69,Swissmetro,2
5896,657,0.12,0.88,0.0,swissmetro,0.81,Swissmetro,2
5897,657,0.21,0.68,0.11,swissmetro,0.51,Swissmetro,2
5898,657,0.15,0.71,0.14,swissmetro,0.56,Car,3
5899,657,0.19,0.79,0.02,swissmetro,0.69,Swissmetro,2
5900,657,0.18,0.71,0.11,swissmetro,0.56,Swissmetro,2
5901,657,0.11,0.44,0.45,car,0.18,Car,3
5902,657,0.29,0.69,0.02,swissmetro,0.54,Car,3
5903,657,0.03,0.9,0.07,swissmetro,0.85,Swissmetro,2
5904,658,0.02,0.77,0.21,swissmetro,0.66,Car,3
5905,658,0.17,0.78,0.05,swissmetro,0.67,Car,3
5906,658,0.24,0.71,0.05,swissmetro,0.56,Car,3
5907,658,0.2,0.71,0.09,swissmetro,0.56,Car,3
5908,658,0.13,0.76,0.11,swissmetro,0.63,Car,3
5909,658,0.15,0.71,0.14,swissmetro,0.57,Car,3
5910,658,0.03,0.52,0.45,swissmetro,0.28,Car,3
5911,658,0.05,0.5,0.45,swissmetro,0.25,Car,3
5912,658,0.19,0.68,0.13,swissmetro,0.52,Car,3
5913,659,0.06,0.87,0.07,swissmetro,0.8,Swissmetro,2
5914,659,0.24,0.56,0.2,swissmetro,0.34,Swissmetro,2
5915,659,0.07,0.58,0.35,swissmetro,0.37,Swissmetro,2
5916,659,0.13,0.85,0.02,swissmetro,0.77,Swissmetro,2
5917,659,0.11,0.79,0.1,swissmetro,0.69,Swissmetro,2
5918,659,0.12,0.8,0.08,swissmetro,0.7,Swissmetro,2
5919,659,0.11,0.68,0.21,swissmetro,0.52,Swissmetro,2
5920,659,0.14,0.82,0.04,swissmetro,0.73,Swissmetro,2
5921,659,0.15,0.64,0.21,swissmetro,0.46,Swissmetro,2
5922,660,0.07,0.85,0.08,swissmetro,0.78,Swissmetro,2
5923,660,0.05,0.94,0.01,swissmetro,0.92,Swissmetro,2
5924,660,0.07,0.65,0.28,swissmetro,0.48,Swissmetro,2
5925,660,0.1,0.81,0.09,swissmetro,0.71,Swissmetro,2
5926,660,0.06,0.92,0.02,swissmetro,0.88,Swissmetro,2
5927,660,0.07,0.87,0.06,swissmetro,0.81,Swissmetro,2
5928,660,0.06,0.87,0.07,swissmetro,0.81,Swissmetro,2
5929,660,0.17,0.78,0.05,swissmetro,0.66,Train,1
5930,660,0.05,0.91,0.04,swissmetro,0.86,Swissmetro,2
5931,661,0.03,0.96,0.01,swissmetro,0.94,Swissmetro,2
5932,661,0.07,0.92,0.01,swissmetro,0.87,Swissmetro,2
5933,661,0.05,0.88,0.07,swissmetro,0.82,Swissmetro,2
5934,661,0.04,0.95,0.01,swissmetro,0.92,Swissmetro,2
5935,661,0.08,0.9,0.02,swissmetro,0.85,Swissmetro,2
5936,661,0.08,0.9,0.02,swissmetro,0.85,Swissmetro,2
5937,661,0.1,0.85,0.05,swissmetro,0.78,Swissmetro,2
5938,661,0.05,0.93,0.02,swissmetro,0.9,Swissmetro,2
5939,661,0.15,0.81,0.04,swissmetro,0.71,Swissmetro,2
5940,662,0.18,0.72,0.1,swissmetro,0.58,Swissmetro,2
5941,662,0.13,0.86,0.01,swissmetro,0.78,Swissmetro,2
5942,662,0.16,0.8,0.04,swissmetro,0.71,Swissmetro,2
5943,662,0.15,0.83,0.02,swissmetro,0.75,Swissmetro,2
5944,662,0.1,0.86,0.04,swissmetro,0.79,Swissmetro,2
5945,662,0.06,0.92,0.02,swissmetro,0.88,Swissmetro,2
5946,662,0.03,0.8,0.17,swissmetro,0.71,Swissmetro,2
5947,662,0.06,0.84,0.1,swissmetro,0.75,Swissmetro,2
5948,662,0.06,0.91,0.03,swissmetro,0.86,Swissmetro,2
5949,663,0.03,0.93,0.04,swissmetro,0.89,Swissmetro,2
5950,663,0.05,0.89,0.06,swissmetro,0.83,Swissmetro,2
5951,663,0.04,0.8,0.16,swissmetro,0.7,Car,3
5952,663,0.04,0.95,0.01,swissmetro,0.92,Swissmetro,2
5953,663,0.07,0.78,0.15,swissmetro,0.67,Car,3
5954,663,0.05,0.91,0.04,swissmetro,0.87,Swissmetro,2
5955,663,0.06,0.86,0.08,swissmetro,0.79,Swissmetro,2
5956,663,0.05,0.93,0.02,swissmetro,0.89,Swissmetro,2
5957,663,0.15,0.76,0.09,swissmetro,0.64,Swissmetro,2
5958,664,0.06,0.86,0.08,swissmetro,0.79,Swissmetro,2
5959,664,0.06,0.93,0.01,swissmetro,0.9,Swissmetro,2
5960,664,0.21,0.73,0.06,swissmetro,0.59,Swissmetro,2
5961,664,0.19,0.74,0.07,swissmetro,0.61,Swissmetro,2
5962,664,0.09,0.89,0.02,swissmetro,0.85,Swissmetro,2
5963,664,0.07,0.91,0.02,swissmetro,0.87,Swissmetro,2
5964,664,0.08,0.89,0.03,swissmetro,0.84,Swissmetro,2
5965,664,0.37,0.62,0.01,swissmetro,0.43,Swissmetro,2
5966,664,0.08,0.89,0.03,swissmetro,0.84,Swissmetro,2
5967,665,0.2,0.41,0.39,swissmetro,0.11,Swissmetro,2
5968,665,0.35,0.47,0.18,swissmetro,0.21,Swissmetro,2
5969,665,0.16,0.24,0.6,car,0.4,Swissmetro,2
5970,665,0.29,0.62,0.09,swissmetro,0.44,Swissmetro,2
5971,665,0.36,0.51,0.13,swissmetro,0.26,Swissmetro,2
5972,665,0.4,0.5599999999999999,0.04,swissmetro,0.35,Swissmetro,2
5973,665,0.28,0.44,0.28,swissmetro,0.16,Car,3
5974,665,0.34,0.55,0.1,swissmetro,0.33,Car,3
5975,665,0.38,0.26,0.36,train,0.08,Car,3
5976,666,0.2,0.68,0.12,swissmetro,0.51,Car,3
5977,666,0.2,0.77,0.03,swissmetro,0.65,Swissmetro,2
5978,666,0.31,0.64,0.05,swissmetro,0.45,Swissmetro,2
5979,666,0.38,0.5,0.12,swissmetro,0.25,Swissmetro,2
5980,666,0.21,0.74,0.05,swissmetro,0.61,Swissmetro,2
5981,666,0.12,0.82,0.06,swissmetro,0.74,Swissmetro,2
5982,666,0.05,0.77,0.18,swissmetro,0.66,Car,3
5983,666,0.08,0.88,0.04,swissmetro,0.82,Car,3
5984,666,0.16,0.74,0.1,swissmetro,0.6,Car,3
5985,667,0.03,0.94,0.03,swissmetro,0.92,Swissmetro,2
5986,667,0.03,0.96,0.01,swissmetro,0.93,Swissmetro,2
5987,667,0.02,0.91,0.07,swissmetro,0.85,Car,3
5988,667,0.03,0.97,0.0,swissmetro,0.95,Swissmetro,2
5989,667,0.04,0.93,0.03,swissmetro,0.89,Car,3
5990,667,0.03,0.95,0.02,swissmetro,0.92,Swissmetro,2
5991,667,0.05,0.9299999999999999,0.02,swissmetro,0.9,Swissmetro,2
5992,667,0.03,0.94,0.03,swissmetro,0.92,Swissmetro,2
5993,667,0.13,0.82,0.05,swissmetro,0.73,Swissmetro,2
5994,668,0.04,0.92,0.04,swissmetro,0.89,Car,3
5995,668,0.04,0.95,0.01,swissmetro,0.93,Swissmetro,2
5996,668,0.05,0.81,0.14,swissmetro,0.71,Car,3
5997,668,0.06,0.8099999999999999,0.13,swissmetro,0.73,Car,3
5998,668,0.12,0.82,0.06,swissmetro,0.74,Swissmetro,2
5999,668,0.04,0.89,0.07,swissmetro,0.83,Train,1
6000,668,0.08,0.79,0.13,swissmetro,0.69,Car,3
6001,668,0.23,0.71,0.06,swissmetro,0.57,Swissmetro,2
6002,668,0.01,0.95,0.04,swissmetro,0.92,Swissmetro,2
6003,669,0.04,0.76,0.2,swissmetro,0.65,Swissmetro,2
6004,669,0.07,0.87,0.06,swissmetro,0.81,Swissmetro,2
6005,669,0.02,0.82,0.16,swissmetro,0.74,Swissmetro,2
6006,669,0.03,0.96,0.01,swissmetro,0.93,Swissmetro,2
6007,669,0.04,0.86,0.1,swissmetro,0.79,Swissmetro,2
6008,669,0.08,0.87,0.05,swissmetro,0.8,Swissmetro,2
6009,669,0.08,0.68,0.24,swissmetro,0.51,Swissmetro,2
6010,669,0.04,0.92,0.04,swissmetro,0.87,Swissmetro,2
6011,669,0.09,0.53,0.38,swissmetro,0.3,Swissmetro,2
6012,670,0.06,0.93,0.01,swissmetro,0.89,Swissmetro,2
6013,670,0.05,0.94,0.01,swissmetro,0.92,Swissmetro,2
6014,670,0.05,0.82,0.13,swissmetro,0.73,Swissmetro,2
6015,670,0.06,0.81,0.13,swissmetro,0.72,Swissmetro,2
6016,670,0.08,0.88,0.04,swissmetro,0.81,Swissmetro,2
6017,670,0.04,0.91,0.05,swissmetro,0.86,Swissmetro,2
6018,670,0.08,0.85,0.07,swissmetro,0.77,Car,3
6019,670,0.19,0.77,0.04,swissmetro,0.66,Swissmetro,2
6020,670,0.05,0.89,0.06,swissmetro,0.85,Swissmetro,2
6021,671,0.02,0.87,0.11,swissmetro,0.79,Swissmetro,2
6022,671,0.03,0.93,0.04,swissmetro,0.89,Swissmetro,2
6023,671,0.02,0.9299999999999999,0.05,swissmetro,0.91,Swissmetro,2
6024,671,0.04,0.93,0.03,swissmetro,0.9,Swissmetro,2
6025,671,0.02,0.95,0.03,swissmetro,0.92,Swissmetro,2
6026,671,0.03,0.95,0.02,swissmetro,0.92,Swissmetro,2
6027,671,0.01,0.83,0.16,swissmetro,0.74,Swissmetro,2
6028,671,0.02,0.79,0.19,swissmetro,0.69,Swissmetro,2
6029,671,0.04,0.94,0.02,swissmetro,0.91,Swissmetro,2
6030,672,0.04,0.27,0.69,car,0.54,Swissmetro,2
6031,672,0.06,0.58,0.36,swissmetro,0.38,Swissmetro,2
6032,672,0.02,0.3,0.6799999999999999,car,0.53,Car,3
6033,672,0.05,0.16,0.79,car,0.69,Car,3
6034,672,0.07,0.57,0.36,swissmetro,0.36,Swissmetro,2
6035,672,0.06,0.45,0.49,car,0.25,Car,3
6036,672,0.02,0.35,0.63,car,0.43,Car,3
6037,672,0.13,0.33,0.54,car,0.31,Car,3
6038,672,0.06,0.42,0.52,car,0.29,Car,3
6039,673,0.03,0.92,0.05,swissmetro,0.88,Swissmetro,2
6040,673,0.08,0.91,0.01,swissmetro,0.87,Swissmetro,2
6041,673,0.02,0.86,0.12,swissmetro,0.78,Car,3
6042,673,0.03,0.97,0.0,swissmetro,0.95,Swissmetro,2
6043,673,0.03,0.86,0.11,swissmetro,0.79,Car,3
6044,673,0.03,0.97,0.0,swissmetro,0.94,Swissmetro,2
6045,673,0.05,0.9,0.05,swissmetro,0.85,Swissmetro,2
6046,673,0.07,0.91,0.02,swissmetro,0.87,Swissmetro,2
6047,673,0.09,0.74,0.17,swissmetro,0.61,Swissmetro,2
6048,674,0.07,0.82,0.11,swissmetro,0.74,Swissmetro,2
6049,674,0.11,0.78,0.11,swissmetro,0.66,Swissmetro,2
6050,674,0.07,0.68,0.25,swissmetro,0.52,Swissmetro,2
6051,674,0.08,0.91,0.01,swissmetro,0.87,Swissmetro,2
6052,674,0.16,0.76,0.08,swissmetro,0.65,Swissmetro,2
6053,674,0.11,0.84,0.05,swissmetro,0.76,Swissmetro,2
6054,674,0.06,0.81,0.13,swissmetro,0.71,Swissmetro,2
6055,674,0.1,0.87,0.03,swissmetro,0.8,Swissmetro,2
6056,674,0.17,0.72,0.11,swissmetro,0.59,Swissmetro,2
6057,675,0.07,0.89,0.04,swissmetro,0.84,Swissmetro,2
6058,675,0.13,0.83,0.04,swissmetro,0.75,Swissmetro,2
6059,675,0.07,0.88,0.05,swissmetro,0.82,Car,3
6060,675,0.11,0.89,0.0,swissmetro,0.83,Swissmetro,2
6061,675,0.04,0.88,0.08,swissmetro,0.82,Swissmetro,2
6062,675,0.08,0.84,0.08,swissmetro,0.76,Swissmetro,2
6063,675,0.06,0.86,0.08,swissmetro,0.79,Swissmetro,2
6064,675,0.11,0.88,0.01,swissmetro,0.82,Swissmetro,2
6065,675,0.08,0.83,0.09,swissmetro,0.75,Train,1
6066,676,0.08,0.9,0.02,swissmetro,0.86,Swissmetro,2
6067,676,0.05,0.94,0.01,swissmetro,0.91,Swissmetro,2
6068,676,0.03,0.82,0.15,swissmetro,0.74,Swissmetro,2
6069,676,0.25,0.56,0.19,swissmetro,0.34,Car,3
6070,676,0.11,0.85,0.04,swissmetro,0.77,Swissmetro,2
6071,676,0.08,0.85,0.07,swissmetro,0.77,Swissmetro,2
6072,676,0.05,0.69,0.26,swissmetro,0.53,Car,3
6073,676,0.23,0.74,0.03,swissmetro,0.61,Swissmetro,2
6074,676,0.04,0.89,0.07,swissmetro,0.84,Swissmetro,2
6075,677,0.02,0.97,0.01,swissmetro,0.96,Swissmetro,2
6076,677,0.13,0.86,0.01,swissmetro,0.79,Swissmetro,2
6077,677,0.08,0.86,0.06,swissmetro,0.79,Swissmetro,2
6078,677,0.05,0.95,0.0,swissmetro,0.92,Swissmetro,2
6079,677,0.08,0.89,0.03,swissmetro,0.85,Swissmetro,2
6080,677,0.18,0.81,0.01,swissmetro,0.72,Swissmetro,2
6081,677,0.04,0.82,0.14,swissmetro,0.74,Swissmetro,2
6082,677,0.08,0.91,0.01,swissmetro,0.88,Swissmetro,2
6083,677,0.13,0.83,0.04,swissmetro,0.75,Swissmetro,2
6084,678,0.2,0.75,0.05,swissmetro,0.64,Car,3
6085,678,0.14,0.84,0.02,swissmetro,0.76,Swissmetro,2
6086,678,0.17,0.79,0.04,swissmetro,0.67,Swissmetro,2
6087,678,0.15,0.73,0.12,swissmetro,0.6,Car,3
6088,678,0.08,0.81,0.11,swissmetro,0.72,Swissmetro,2
6089,678,0.14,0.81,0.05,swissmetro,0.72,Car,3
6090,678,0.11,0.58,0.31,swissmetro,0.36,Car,3
6091,678,0.06,0.6,0.34,swissmetro,0.4,Car,3
6092,678,0.21,0.64,0.15,swissmetro,0.46,Swissmetro,2
6093,679,0.1,0.89,0.01,swissmetro,0.84,Swissmetro,2
6094,679,0.05,0.95,0.0,swissmetro,0.92,Swissmetro,2
6095,679,0.14,0.75,0.11,swissmetro,0.62,Swissmetro,2
6096,679,0.1,0.84,0.06,swissmetro,0.77,Swissmetro,2
6097,679,0.07,0.92,0.01,swissmetro,0.88,Swissmetro,2
6098,679,0.05,0.92,0.03,swissmetro,0.87,Swissmetro,2
6099,679,0.07,0.88,0.05,swissmetro,0.83,Swissmetro,2
6100,679,0.18,0.81,0.01,swissmetro,0.71,Swissmetro,2
6101,679,0.03,0.95,0.02,swissmetro,0.93,Swissmetro,2
6102,680,0.15,0.25,0.6,car,0.41,Car,3
6103,680,0.07,0.84,0.09,swissmetro,0.75,Swissmetro,2
6104,680,0.34,0.53,0.13,swissmetro,0.29,Car,3
6105,680,0.27,0.47,0.26,swissmetro,0.2,Car,3
6106,680,0.16,0.45,0.39,swissmetro,0.17,Car,3
6107,680,0.13,0.55,0.32,swissmetro,0.33,Car,3
6108,680,0.03,0.28,0.69,car,0.53,Car,3
6109,680,0.05,0.48,0.47,swissmetro,0.23,Car,3
6110,680,0.19,0.32,0.49,car,0.25,Swissmetro,2
6111,681,0.16,0.8,0.04,swissmetro,0.71,Swissmetro,2
6112,681,0.16,0.83,0.01,swissmetro,0.74,Swissmetro,2
6113,681,0.13,0.74,0.13,swissmetro,0.6,Swissmetro,2
6114,681,0.28,0.34,0.38,car,0.06,Train,1
6115,681,0.28,0.7,0.02,swissmetro,0.55,Train,1
6116,681,0.14,0.8,0.06,swissmetro,0.7,Train,1
6117,681,0.13,0.67,0.2,swissmetro,0.51,Car,3
6118,681,0.25,0.72,0.03,swissmetro,0.59,Swissmetro,2
6119,681,0.14,0.83,0.03,swissmetro,0.75,Train,1
6120,682,0.12,0.87,0.01,swissmetro,0.81,Swissmetro,2
6121,682,0.08,0.92,0.0,swissmetro,0.87,Swissmetro,2
6122,682,0.09,0.78,0.13,swissmetro,0.67,Swissmetro,2
6123,682,0.08,0.71,0.21,swissmetro,0.57,Swissmetro,2
6124,682,0.03,0.96,0.01,swissmetro,0.93,Swissmetro,2
6125,682,0.04,0.92,0.04,swissmetro,0.89,Swissmetro,2
6126,682,0.09,0.76,0.15,swissmetro,0.63,Car,3
6127,682,0.26,0.73,0.01,swissmetro,0.6,Swissmetro,2
6128,682,0.02,0.95,0.03,swissmetro,0.92,Swissmetro,2
6129,683,0.2,0.73,0.07,swissmetro,0.59,Swissmetro,2
6130,683,0.14,0.85,0.01,swissmetro,0.76,Swissmetro,2
6131,683,0.13,0.68,0.19,swissmetro,0.51,Swissmetro,2
6132,683,0.1,0.63,0.27,swissmetro,0.45,Car,3
6133,683,0.13,0.83,0.04,swissmetro,0.75,Swissmetro,2
6134,683,0.13,0.75,0.12,swissmetro,0.62,Car,3
6135,683,0.08,0.75,0.17,swissmetro,0.62,Swissmetro,2
6136,683,0.17,0.66,0.17,swissmetro,0.5,Car,3
6137,683,0.06,0.83,0.11,swissmetro,0.75,Car,3
6138,684,0.09,0.54,0.37,swissmetro,0.31,Car,3
6139,684,0.11,0.75,0.14,swissmetro,0.63,Swissmetro,2
6140,684,0.23,0.66,0.11,swissmetro,0.49,Swissmetro,2
6141,684,0.2,0.59,0.21,swissmetro,0.38,Swissmetro,2
6142,684,0.06,0.59,0.35,swissmetro,0.37,Swissmetro,2
6143,684,0.05,0.71,0.24,swissmetro,0.56,Car,3
6144,684,0.07,0.36,0.57,car,0.36,Car,3
6145,684,0.05,0.36,0.59,car,0.39,Car,3
6146,684,0.17,0.51,0.32,swissmetro,0.27,Car,3
6147,685,0.11,0.85,0.04,swissmetro,0.78,Swissmetro,2
6148,685,0.09,0.9,0.01,swissmetro,0.85,Swissmetro,2
6149,685,0.12,0.82,0.06,swissmetro,0.73,Swissmetro,2
6150,685,0.16,0.53,0.31,swissmetro,0.3,Car,3
6151,685,0.13,0.77,0.1,swissmetro,0.65,Car,3
6152,685,0.05,0.83,0.12,swissmetro,0.75,Car,3
6153,685,0.08,0.54,0.38,swissmetro,0.3,Swissmetro,2
6154,685,0.08,0.76,0.16,swissmetro,0.64,Car,3
6155,685,0.17,0.73,0.1,swissmetro,0.6,Swissmetro,2
6156,686,0.12,0.87,0.01,swissmetro,0.81,Swissmetro,2
6157,686,0.13,0.87,0.0,swissmetro,0.79,Swissmetro,2
6158,686,0.09,0.88,0.03,swissmetro,0.83,Car,3
6159,686,0.07,0.93,0.0,swissmetro,0.9,Swissmetro,2
6160,686,0.29,0.68,0.03,swissmetro,0.52,Car,3
6161,686,0.15,0.8200000000000001,0.03,swissmetro,0.72,Swissmetro,2
6162,686,0.17,0.79,0.04,swissmetro,0.68,Car,3
6163,686,0.21,0.78,0.01,swissmetro,0.66,Swissmetro,2
6164,686,0.33,0.66,0.01,swissmetro,0.5,Swissmetro,2
6165,687,0.01,0.97,0.02,swissmetro,0.96,Swissmetro,2
6166,687,0.07,0.89,0.04,swissmetro,0.83,Swissmetro,2
6167,687,0.04,0.86,0.1,swissmetro,0.79,Car,3
6168,687,0.03,0.95,0.02,swissmetro,0.92,Swissmetro,2
6169,687,0.05,0.94,0.01,swissmetro,0.91,Car,3
6170,687,0.06,0.93,0.01,swissmetro,0.89,Swissmetro,2
6171,687,0.09,0.87,0.04,swissmetro,0.81,Swissmetro,2
6172,687,0.04,0.95,0.01,swissmetro,0.91,Swissmetro,2
6173,687,0.15,0.78,0.07,swissmetro,0.67,Swissmetro,2
6174,688,0.11,0.87,0.02,swissmetro,0.8,Swissmetro,2
6175,688,0.08,0.91,0.01,swissmetro,0.87,Swissmetro,2
6176,688,0.2,0.79,0.01,swissmetro,0.69,Swissmetro,2
6177,688,0.12,0.67,0.21,swissmetro,0.49,Car,3
6178,688,0.13,0.84,0.03,swissmetro,0.76,Swissmetro,2
6179,688,0.14,0.83,0.03,swissmetro,0.74,Car,3
6180,688,0.11,0.85,0.04,swissmetro,0.78,Car,3
6181,688,0.11,0.82,0.07,swissmetro,0.73,Car,3
6182,688,0.16,0.82,0.02,swissmetro,0.73,Swissmetro,2
6183,689,0.03,0.9,0.07,swissmetro,0.85,Swissmetro,2
6184,689,0.08,0.83,0.09,swissmetro,0.75,Swissmetro,2
6185,689,0.04,0.85,0.11,swissmetro,0.77,Swissmetro,2
6186,689,0.04,0.95,0.01,swissmetro,0.93,Swissmetro,2
6187,689,0.05,0.89,0.06,swissmetro,0.84,Swissmetro,2
6188,689,0.03,0.92,0.05,swissmetro,0.87,Swissmetro,2
6189,689,0.06,0.75,0.19,swissmetro,0.62,Swissmetro,2
6190,689,0.07,0.9,0.03,swissmetro,0.85,Swissmetro,2
6191,689,0.1,0.69,0.21,swissmetro,0.54,Swissmetro,2
6192,690,0.05,0.93,0.02,swissmetro,0.89,Car,3
6193,690,0.02,0.98,0.0,swissmetro,0.96,Swissmetro,2
6194,690,0.06,0.92,0.02,swissmetro,0.89,Car,3
6195,690,0.07,0.88,0.05,swissmetro,0.82,Car,3
6196,690,0.07,0.89,0.04,swissmetro,0.84,Car,3
6197,690,0.06,0.92,0.02,swissmetro,0.89,Swissmetro,2
6198,690,0.03,0.92,0.05,swissmetro,0.88,Car,3
6199,690,0.05,0.92,0.03,swissmetro,0.87,Car,3
6200,690,0.08,0.88,0.04,swissmetro,0.82,Car,3
6201,691,0.03,0.91,0.06,swissmetro,0.87,Swissmetro,2
6202,691,0.04,0.9299999999999999,0.03,swissmetro,0.91,Swissmetro,2
6203,691,0.02,0.92,0.06,swissmetro,0.89,Swissmetro,2
6204,691,0.03,0.97,0.0,swissmetro,0.94,Swissmetro,2
6205,691,0.04,0.93,0.03,swissmetro,0.89,Swissmetro,2
6206,691,0.03,0.96,0.01,swissmetro,0.94,Swissmetro,2
6207,691,0.04,0.93,0.03,swissmetro,0.89,Swissmetro,2
6208,691,0.02,0.95,0.03,swissmetro,0.93,Swissmetro,2
6209,691,0.06,0.86,0.08,swissmetro,0.8,Swissmetro,2
6210,692,0.01,0.99,0.0,swissmetro,0.97,Swissmetro,2
6211,692,0.02,0.98,0.0,swissmetro,0.97,Swissmetro,2
6212,692,0.03,0.91,0.06,swissmetro,0.86,Swissmetro,2
6213,692,0.09,0.9,0.01,swissmetro,0.84,Swissmetro,2
6214,692,0.09,0.9,0.01,swissmetro,0.85,Swissmetro,2
6215,692,0.04,0.93,0.03,swissmetro,0.89,Swissmetro,2
6216,692,0.02,0.92,0.06,swissmetro,0.88,Swissmetro,2
6217,692,0.14,0.85,0.01,swissmetro,0.78,Swissmetro,2
6218,692,0.01,0.98,0.01,swissmetro,0.97,Swissmetro,2
6219,693,0.03,0.94,0.03,swissmetro,0.91,Swissmetro,2
6220,693,0.09,0.9,0.01,swissmetro,0.84,Swissmetro,2
6221,693,0.02,0.79,0.19,swissmetro,0.69,Swissmetro,2
6222,693,0.02,0.98,0.0,swissmetro,0.97,Swissmetro,2
6223,693,0.05,0.89,0.06,swissmetro,0.84,Car,3
6224,693,0.03,0.94,0.03,swissmetro,0.91,Swissmetro,2
6225,693,0.03,0.93,0.04,swissmetro,0.89,Swissmetro,2
6226,693,0.05,0.94,0.01,swissmetro,0.91,Swissmetro,2
6227,693,0.05,0.86,0.09,swissmetro,0.78,Swissmetro,2
6228,694,0.02,0.95,0.03,swissmetro,0.92,Swissmetro,2
6229,694,0.02,0.97,0.01,swissmetro,0.95,Swissmetro,2
6230,694,0.04,0.81,0.15,swissmetro,0.71,Swissmetro,2
6231,694,0.09,0.84,0.07,swissmetro,0.77,Car,3
6232,694,0.06,0.92,0.02,swissmetro,0.88,Swissmetro,2
6233,694,0.03,0.92,0.05,swissmetro,0.89,Swissmetro,2
6234,694,0.04,0.73,0.23,swissmetro,0.58,Car,3
6235,694,0.3,0.64,0.06,swissmetro,0.46,Swissmetro,2
6236,694,0.02,0.93,0.05,swissmetro,0.89,Car,3
6237,695,0.05,0.89,0.06,swissmetro,0.83,Car,3
6238,695,0.09,0.86,0.05,swissmetro,0.79,Swissmetro,2
6239,695,0.07,0.8,0.13,swissmetro,0.7,Car,3
6240,695,0.08,0.92,0.0,swissmetro,0.88,Swissmetro,2
6241,695,0.02,0.79,0.19,swissmetro,0.68,Car,3
6242,695,0.06,0.89,0.05,swissmetro,0.84,Swissmetro,2
6243,695,0.03,0.87,0.1,swissmetro,0.81,Car,3
6244,695,0.04,0.95,0.01,swissmetro,0.93,Swissmetro,2
6245,695,0.02,0.89,0.09,swissmetro,0.83,Car,3
6246,696,0.06,0.9299999999999999,0.01,swissmetro,0.9,Swissmetro,2
6247,696,0.03,0.97,0.0,swissmetro,0.96,Swissmetro,2
6248,696,0.03,0.9,0.07,swissmetro,0.85,Swissmetro,2
6249,696,0.07,0.85,0.08,swissmetro,0.78,Car,3
6250,696,0.06,0.93,0.01,swissmetro,0.9,Car,3
6251,696,0.04,0.9299999999999999,0.03,swissmetro,0.91,Car,3
6252,696,0.04,0.83,0.13,swissmetro,0.76,Car,3
6253,696,0.18,0.8,0.02,swissmetro,0.69,Car,3
6254,696,0.03,0.93,0.04,swissmetro,0.9,Car,3
6255,697,0.09,0.9,0.01,swissmetro,0.86,Swissmetro,2
6256,697,0.06,0.94,0.0,swissmetro,0.91,Swissmetro,2
6257,697,0.05,0.87,0.08,swissmetro,0.82,Car,3
6258,697,0.18,0.7,0.12,swissmetro,0.55,Car,3
6259,697,0.09,0.9,0.01,swissmetro,0.85,Swissmetro,2
6260,697,0.16,0.83,0.01,swissmetro,0.74,Swissmetro,2
6261,697,0.12,0.62,0.26,swissmetro,0.42,Car,3
6262,697,0.39,0.6,0.01,swissmetro,0.4,Train,1
6263,697,0.02,0.96,0.02,swissmetro,0.93,Car,3
6264,698,0.02,0.87,0.11,swissmetro,0.81,Swissmetro,2
6265,698,0.11,0.7,0.19,swissmetro,0.56,Swissmetro,2
6266,698,0.03,0.48,0.49,car,0.24,Car,3
6267,698,0.02,0.95,0.03,swissmetro,0.92,Swissmetro,2
6268,698,0.14,0.7,0.16,swissmetro,0.55,Swissmetro,2
6269,698,0.06,0.79,0.15,swissmetro,0.68,Swissmetro,2
6270,698,0.06,0.77,0.17,swissmetro,0.65,Car,3
6271,698,0.05,0.89,0.06,swissmetro,0.84,Car,3
6272,698,0.17,0.73,0.1,swissmetro,0.6,Swissmetro,2
6273,699,0.03,0.96,0.01,swissmetro,0.94,Swissmetro,2
6274,699,0.04,0.96,0.0,swissmetro,0.94,Swissmetro,2
6275,699,0.04,0.96,0.0,swissmetro,0.94,Swissmetro,2
6276,699,0.03,0.96,0.01,swissmetro,0.94,Swissmetro,2
6277,699,0.03,0.96,0.01,swissmetro,0.94,Swissmetro,2
6278,699,0.03,0.97,0.0,swissmetro,0.95,Swissmetro,2
6279,699,0.01,0.93,0.05,swissmetro,0.9,Swissmetro,2
6280,699,0.04,0.95,0.01,swissmetro,0.92,Swissmetro,2
6281,699,0.04,0.94,0.02,swissmetro,0.91,Swissmetro,2
6282,700,0.04,0.84,0.12,swissmetro,0.76,Swissmetro,2
6283,700,0.08,0.85,0.07,swissmetro,0.77,Swissmetro,2
6284,700,0.03,0.76,0.21,swissmetro,0.64,Car,3
6285,700,0.03,0.96,0.01,swissmetro,0.94,Swissmetro,2
6286,700,0.05,0.79,0.16,swissmetro,0.69,Car,3
6287,700,0.04,0.91,0.05,swissmetro,0.87,Swissmetro,2
6288,700,0.07,0.64,0.29,swissmetro,0.46,Swissmetro,2
6289,700,0.03,0.88,0.09,swissmetro,0.82,Swissmetro,2
6290,700,0.04,0.84,0.12,swissmetro,0.76,Swissmetro,2
6291,701,0.1,0.83,0.07,swissmetro,0.75,Swissmetro,2
6292,701,0.08,0.91,0.01,swissmetro,0.87,Swissmetro,2
6293,701,0.06,0.7,0.24,swissmetro,0.55,Car,3
6294,701,0.17,0.51,0.32,swissmetro,0.27,Car,3
6295,701,0.09,0.83,0.08,swissmetro,0.74,Swissmetro,2
6296,701,0.08,0.79,0.13,swissmetro,0.68,Car,3
6297,701,0.11,0.5,0.39,swissmetro,0.25,Car,3
6298,701,0.29,0.64,0.07,swissmetro,0.46,Car,3
6299,701,0.04,0.89,0.07,swissmetro,0.83,Car,3
6300,702,0.07,0.85,0.08,swissmetro,0.78,Swissmetro,2
6301,702,0.08,0.91,0.01,swissmetro,0.86,Swissmetro,2
6302,702,0.12,0.85,0.03,swissmetro,0.77,Swissmetro,2
6303,702,0.05,0.91,0.04,swissmetro,0.86,Swissmetro,2
6304,702,0.08,0.86,0.06,swissmetro,0.8,Swissmetro,2
6305,702,0.04,0.91,0.05,swissmetro,0.87,Swissmetro,2
6306,702,0.02,0.8,0.18,swissmetro,0.7,Car,3
6307,702,0.03,0.9,0.07,swissmetro,0.86,Car,3
6308,702,0.04,0.87,0.09,swissmetro,0.79,Swissmetro,2
6309,703,0.03,0.81,0.16,swissmetro,0.72,Car,3
6310,703,0.08,0.87,0.05,swissmetro,0.82,Swissmetro,2
6311,703,0.11,0.76,0.13,swissmetro,0.64,Swissmetro,2
6312,703,0.07,0.73,0.2,swissmetro,0.59,Car,3
6313,703,0.05,0.84,0.11,swissmetro,0.76,Swissmetro,2
6314,703,0.13,0.74,0.13,swissmetro,0.6,Car,3
6315,703,0.05,0.51,0.44,swissmetro,0.26,Car,3
6316,703,0.09,0.55,0.36,swissmetro,0.33,Car,3
6317,703,0.07,0.75,0.18,swissmetro,0.61,Swissmetro,2
6318,704,0.09,0.88,0.03,swissmetro,0.81,Car,3
6319,704,0.07,0.92,0.01,swissmetro,0.88,Swissmetro,2
6320,704,0.14,0.82,0.04,swissmetro,0.73,Swissmetro,2
6321,704,0.14,0.83,0.03,swissmetro,0.76,Car,3
6322,704,0.07,0.89,0.04,swissmetro,0.83,Car,3
6323,704,0.03,0.95,0.02,swissmetro,0.93,Swissmetro,2
6324,704,0.03,0.8,0.17,swissmetro,0.69,Car,3
6325,704,0.03,0.9,0.07,swissmetro,0.84,Car,3
6326,704,0.11,0.82,0.07,swissmetro,0.73,Car,3
6327,705,0.03,0.96,0.01,swissmetro,0.94,Swissmetro,2
6328,705,0.03,0.96,0.01,swissmetro,0.94,Swissmetro,2
6329,705,0.07,0.91,0.02,swissmetro,0.87,Swissmetro,2
6330,705,0.06,0.89,0.05,swissmetro,0.83,Train,1
6331,705,0.07,0.87,0.06,swissmetro,0.81,Swissmetro,2
6332,705,0.05,0.91,0.04,swissmetro,0.87,Swissmetro,2
6333,705,0.02,0.85,0.13,swissmetro,0.77,Car,3
6334,705,0.04,0.8099999999999999,0.15,swissmetro,0.72,Swissmetro,2
6335,705,0.05,0.91,0.04,swissmetro,0.86,Train,1
6336,706,0.01,0.82,0.17,swissmetro,0.73,Car,3
6337,706,0.02,0.92,0.06,swissmetro,0.88,Swissmetro,2
6338,706,0.07,0.8,0.13,swissmetro,0.7,Swissmetro,2
6339,706,0.08,0.71,0.21,swissmetro,0.57,Car,3
6340,706,0.15,0.74,0.11,swissmetro,0.62,Swissmetro,2
6341,706,0.07,0.76,0.17,swissmetro,0.64,Swissmetro,2
6342,706,0.02,0.67,0.31,swissmetro,0.51,Car,3
6343,706,0.02,0.81,0.17,swissmetro,0.72,Swissmetro,2
6344,706,0.18,0.62,0.2,swissmetro,0.43,Car,3
6345,707,0.03,0.94,0.03,swissmetro,0.92,Swissmetro,2
6346,707,0.11,0.81,0.07,swissmetro,0.72,Swissmetro,2
6347,707,0.02,0.83,0.15,swissmetro,0.74,Swissmetro,2
6348,707,0.04,0.94,0.02,swissmetro,0.91,Swissmetro,2
6349,707,0.05,0.89,0.06,swissmetro,0.84,Car,3
6350,707,0.07,0.88,0.05,swissmetro,0.83,Swissmetro,2
6351,707,0.11,0.81,0.08,swissmetro,0.72,Swissmetro,2
6352,707,0.06,0.88,0.06,swissmetro,0.83,Swissmetro,2
6353,707,0.22,0.68,0.1,swissmetro,0.53,Swissmetro,2
6354,708,0.04,0.9,0.06,swissmetro,0.84,Car,3
6355,708,0.05,0.91,0.04,swissmetro,0.86,Swissmetro,2
6356,708,0.12,0.81,0.07,swissmetro,0.72,Swissmetro,2
6357,708,0.17,0.65,0.18,swissmetro,0.48,Car,3
6358,708,0.09,0.74,0.17,swissmetro,0.61,Car,3
6359,708,0.1,0.76,0.14,swissmetro,0.65,Car,3
6360,708,0.06,0.88,0.06,swissmetro,0.82,Car,3
6361,708,0.05,0.88,0.07,swissmetro,0.82,Car,3
6362,708,0.08,0.86,0.06,swissmetro,0.79,Car,3
6363,709,0.09,0.44,0.47,car,0.2,Swissmetro,2
6364,709,0.08,0.64,0.28,swissmetro,0.46,Swissmetro,2
6365,709,0.02,0.41,0.57,car,0.36,Car,3
6366,709,0.03,0.93,0.04,swissmetro,0.9,Swissmetro,2
6367,709,0.04,0.65,0.31,swissmetro,0.48,Swissmetro,2
6368,709,0.03,0.8,0.17,swissmetro,0.7,Swissmetro,2
6369,709,0.05,0.53,0.42,swissmetro,0.3,Car,3
6370,709,0.05,0.75,0.2,swissmetro,0.63,Swissmetro,2
6371,709,0.05,0.57,0.38,swissmetro,0.36,Swissmetro,2
6372,710,0.04,0.96,0.0,swissmetro,0.93,Swissmetro,2
6373,710,0.03,0.97,0.0,swissmetro,0.95,Swissmetro,2
6374,710,0.05,0.91,0.04,swissmetro,0.85,Car,3
6375,710,0.05,0.94,0.01,swissmetro,0.91,Car,3
6376,710,0.05,0.94,0.01,swissmetro,0.92,Swissmetro,2
6377,710,0.05,0.95,0.0,swissmetro,0.92,Swissmetro,2
6378,710,0.06,0.94,0.0,swissmetro,0.91,Car,3
6379,710,0.16,0.83,0.01,swissmetro,0.75,Swissmetro,2
6380,710,0.04,0.95,0.01,swissmetro,0.93,Swissmetro,2
6381,711,0.2,0.78,0.02,swissmetro,0.67,Swissmetro,2
6382,711,0.09,0.91,0.0,swissmetro,0.87,Swissmetro,2
6383,711,0.07,0.87,0.06,swissmetro,0.81,Swissmetro,2
6384,711,0.09,0.85,0.06,swissmetro,0.77,Car,3
6385,711,0.04,0.95,0.01,swissmetro,0.94,Swissmetro,2
6386,711,0.08,0.88,0.04,swissmetro,0.82,Swissmetro,2
6387,711,0.06,0.85,0.09,swissmetro,0.77,Car,3
6388,711,0.15,0.83,0.02,swissmetro,0.74,Swissmetro,2
6389,711,0.04,0.92,0.04,swissmetro,0.87,Swissmetro,2
6390,712,0.03,0.95,0.02,swissmetro,0.93,Swissmetro,2
6391,712,0.07,0.91,0.02,swissmetro,0.86,Swissmetro,2
6392,712,0.14,0.83,0.03,swissmetro,0.75,Swissmetro,2
6393,712,0.04,0.9,0.06,swissmetro,0.85,Swissmetro,2
6394,712,0.03,0.93,0.04,swissmetro,0.89,Swissmetro,2
6395,712,0.05,0.9299999999999999,0.02,swissmetro,0.91,Swissmetro,2
6396,712,0.03,0.85,0.12,swissmetro,0.78,Swissmetro,2
6397,712,0.05,0.88,0.07,swissmetro,0.81,Swissmetro,2
6398,712,0.04,0.9,0.06,swissmetro,0.84,Swissmetro,2
6399,713,0.07,0.86,0.07,swissmetro,0.79,Swissmetro,2
6400,713,0.08,0.88,0.04,swissmetro,0.82,Swissmetro,2
6401,713,0.09,0.84,0.07,swissmetro,0.75,Swissmetro,2
6402,713,0.05,0.88,0.07,swissmetro,0.82,Swissmetro,2
6403,713,0.06,0.76,0.18,swissmetro,0.64,Swissmetro,2
6404,713,0.08,0.8,0.12,swissmetro,0.7,Swissmetro,2
6405,713,0.05,0.72,0.23,swissmetro,0.58,Swissmetro,2
6406,713,0.03,0.84,0.13,swissmetro,0.76,Swissmetro,2
6407,713,0.03,0.89,0.08,swissmetro,0.84,Swissmetro,2
6408,714,0.04,0.83,0.13,swissmetro,0.75,Swissmetro,2
6409,714,0.05,0.91,0.04,swissmetro,0.87,Swissmetro,2
6410,714,0.06,0.65,0.29,swissmetro,0.47,Swissmetro,2
6411,714,0.1,0.54,0.36,swissmetro,0.32,Swissmetro,2
6412,714,0.06,0.9,0.04,swissmetro,0.86,Swissmetro,2
6413,714,0.03,0.87,0.1,swissmetro,0.81,Swissmetro,2
6414,714,0.06,0.59,0.35,swissmetro,0.38,Swissmetro,2
6415,714,0.15,0.72,0.13,swissmetro,0.59,Swissmetro,2
6416,714,0.02,0.91,0.07,swissmetro,0.85,Swissmetro,2
6417,715,0.09,0.71,0.2,swissmetro,0.58,Car,3
6418,715,0.06,0.91,0.03,swissmetro,0.86,Swissmetro,2
6419,715,0.13,0.78,0.09,swissmetro,0.67,Swissmetro,2
6420,715,0.18,0.56,0.26,swissmetro,0.34,Car,3
6421,715,0.04,0.78,0.18,swissmetro,0.67,Swissmetro,2
6422,715,0.07,0.73,0.2,swissmetro,0.6,Car,3
6423,715,0.03,0.62,0.35,swissmetro,0.42,Car,3
6424,715,0.01,0.73,0.26,swissmetro,0.59,Car,3
6425,715,0.07,0.8,0.13,swissmetro,0.69,Car,3
6426,716,0.01,0.96,0.03,swissmetro,0.93,Swissmetro,2
6427,716,0.02,0.92,0.06,swissmetro,0.88,Swissmetro,2
6428,716,0.01,0.85,0.14,swissmetro,0.78,Swissmetro,2
6429,716,0.03,0.96,0.01,swissmetro,0.94,Swissmetro,2
6430,716,0.03,0.94,0.03,swissmetro,0.91,Swissmetro,2
6431,716,0.07,0.88,0.05,swissmetro,0.81,Swissmetro,2
6432,716,0.06,0.85,0.09,swissmetro,0.78,Swissmetro,2
6433,716,0.06,0.9,0.04,swissmetro,0.84,Swissmetro,2
6434,716,0.16,0.58,0.26,swissmetro,0.37,Swissmetro,2
6435,717,0.07,0.79,0.14,swissmetro,0.68,Car,3
6436,717,0.05,0.9299999999999999,0.02,swissmetro,0.9,Swissmetro,2
6437,717,0.12,0.81,0.07,swissmetro,0.72,Swissmetro,2
6438,717,0.13,0.67,0.2,swissmetro,0.52,Car,3
6439,717,0.1,0.58,0.32,swissmetro,0.38,Swissmetro,2
6440,717,0.07,0.92,0.01,swissmetro,0.87,Car,3
6441,717,0.02,0.73,0.25,swissmetro,0.59,Car,3
6442,717,0.05,0.9299999999999999,0.02,swissmetro,0.91,Car,3
6443,717,0.04,0.93,0.02,swissmetro,0.9,Car,3
6444,718,0.07,0.91,0.02,swissmetro,0.87,Swissmetro,2
6445,718,0.02,0.98,0.0,swissmetro,0.97,Swissmetro,2
6446,718,0.02,0.92,0.06,swissmetro,0.89,Swissmetro,2
6447,718,0.03,0.93,0.04,swissmetro,0.89,Swissmetro,2
6448,718,0.03,0.95,0.02,swissmetro,0.93,Swissmetro,2
6449,718,0.03,0.95,0.02,swissmetro,0.93,Swissmetro,2
6450,718,0.03,0.94,0.03,swissmetro,0.92,Train,1
6451,718,0.07,0.91,0.02,swissmetro,0.87,Swissmetro,2
6452,718,0.01,0.98,0.01,swissmetro,0.96,Swissmetro,2
6453,719,0.06,0.88,0.06,swissmetro,0.83,Swissmetro,2
6454,719,0.12,0.86,0.02,swissmetro,0.79,Swissmetro,2
6455,719,0.03,0.84,0.13,swissmetro,0.77,Swissmetro,2
6456,719,0.01,0.98,0.01,swissmetro,0.97,Swissmetro,2
6457,719,0.04,0.92,0.04,swissmetro,0.88,Swissmetro,2
6458,719,0.05,0.93,0.01,swissmetro,0.9,Swissmetro,2
6459,719,0.07,0.85,0.08,swissmetro,0.77,Swissmetro,2
6460,719,0.1,0.88,0.02,swissmetro,0.82,Swissmetro,2
6461,719,0.11,0.72,0.17,swissmetro,0.58,Swissmetro,2
6462,720,0.02,0.95,0.03,swissmetro,0.92,Swissmetro,2
6463,720,0.02,0.98,0.0,swissmetro,0.97,Swissmetro,2
6464,720,0.04,0.95,0.01,swissmetro,0.92,Swissmetro,2
6465,720,0.03,0.95,0.02,swissmetro,0.92,Swissmetro,2
6466,720,0.03,0.92,0.05,swissmetro,0.88,Swissmetro,2
6467,720,0.03,0.96,0.01,swissmetro,0.94,Swissmetro,2
6468,720,0.03,0.84,0.13,swissmetro,0.76,Swissmetro,2
6469,720,0.03,0.91,0.06,swissmetro,0.87,Swissmetro,2
6470,720,0.04,0.91,0.05,swissmetro,0.87,Swissmetro,2
6471,721,0.04,0.95,0.01,swissmetro,0.92,Swissmetro,2
6472,721,0.06,0.93,0.01,swissmetro,0.9,Swissmetro,2
6473,721,0.11,0.88,0.01,swissmetro,0.83,Swissmetro,2
6474,721,0.03,0.86,0.11,swissmetro,0.78,Swissmetro,2
6475,721,0.04,0.95,0.01,swissmetro,0.92,Swissmetro,2
6476,721,0.06,0.9,0.04,swissmetro,0.84,Car,3
6477,721,0.03,0.85,0.12,swissmetro,0.78,Swissmetro,2
6478,721,0.03,0.93,0.04,swissmetro,0.9,Car,3
6479,721,0.07,0.84,0.09,swissmetro,0.77,Swissmetro,2
6480,722,0.03,0.96,0.01,swissmetro,0.94,Swissmetro,2
6481,722,0.08,0.86,0.06,swissmetro,0.79,Swissmetro,2
6482,722,0.04,0.89,0.07,swissmetro,0.83,Car,3
6483,722,0.05,0.95,0.0,swissmetro,0.93,Swissmetro,2
6484,722,0.06,0.92,0.02,swissmetro,0.89,Swissmetro,2
6485,722,0.07,0.92,0.01,swissmetro,0.88,Swissmetro,2
6486,722,0.04,0.88,0.08,swissmetro,0.81,Swissmetro,2
6487,722,0.05,0.94,0.01,swissmetro,0.92,Swissmetro,2
6488,722,0.14,0.84,0.02,swissmetro,0.76,Swissmetro,2
6489,723,0.02,0.97,0.01,swissmetro,0.94,Swissmetro,2
6490,723,0.02,0.98,0.0,swissmetro,0.96,Swissmetro,2
6491,723,0.07,0.75,0.18,swissmetro,0.64,Car,3
6492,723,0.1,0.78,0.12,swissmetro,0.67,Car,3
6493,723,0.06,0.92,0.02,swissmetro,0.88,Swissmetro,2
6494,723,0.05,0.9,0.05,swissmetro,0.85,Swissmetro,2
6495,723,0.07,0.87,0.06,swissmetro,0.81,Car,3
6496,723,0.14,0.84,0.02,swissmetro,0.75,Swissmetro,2
6497,723,0.03,0.94,0.03,swissmetro,0.92,Swissmetro,2
6498,724,0.01,0.98,0.01,swissmetro,0.98,Swissmetro,2
6499,724,0.09,0.9,0.01,swissmetro,0.85,Swissmetro,2
6500,724,0.05,0.88,0.07,swissmetro,0.82,Car,3
6501,724,0.03,0.96,0.01,swissmetro,0.95,Swissmetro,2
6502,724,0.04,0.94,0.02,swissmetro,0.92,Car,3
6503,724,0.02,0.97,0.01,swissmetro,0.95,Swissmetro,2
6504,724,0.03,0.95,0.02,swissmetro,0.93,Swissmetro,2
6505,724,0.03,0.96,0.01,swissmetro,0.95,Swissmetro,2
6506,724,0.13,0.83,0.04,swissmetro,0.75,Swissmetro,2
6507,725,0.05,0.93,0.02,swissmetro,0.89,Swissmetro,2
6508,725,0.06,0.94,0.0,swissmetro,0.91,Swissmetro,2
6509,725,0.07,0.86,0.07,swissmetro,0.78,Car,3
6510,725,0.06,0.89,0.05,swissmetro,0.83,Car,3
6511,725,0.04,0.95,0.01,swissmetro,0.92,Swissmetro,2
6512,725,0.06,0.89,0.05,swissmetro,0.84,Car,3
6513,725,0.06,0.91,0.03,swissmetro,0.86,Car,3
6514,725,0.08,0.87,0.05,swissmetro,0.81,Swissmetro,2
6515,725,0.03,0.95,0.02,swissmetro,0.92,Car,3
6516,726,0.04,0.84,0.12,swissmetro,0.77,Swissmetro,2
6517,726,0.05,0.94,0.01,swissmetro,0.92,Swissmetro,2
6518,726,0.04,0.83,0.13,swissmetro,0.74,Swissmetro,2
6519,726,0.14,0.63,0.23,swissmetro,0.44,Swissmetro,2
6520,726,0.1,0.89,0.01,swissmetro,0.84,Swissmetro,2
6521,726,0.1,0.62,0.28,swissmetro,0.44,Swissmetro,2
6522,726,0.05,0.59,0.36,swissmetro,0.38,Swissmetro,2
6523,726,0.2,0.78,0.02,swissmetro,0.68,Swissmetro,2
6524,726,0.02,0.8,0.18,swissmetro,0.7,Swissmetro,2
6525,727,0.02,0.87,0.11,swissmetro,0.81,Swissmetro,2
6526,727,0.04,0.88,0.08,swissmetro,0.82,Swissmetro,2
6527,727,0.01,0.75,0.24,swissmetro,0.62,Car,3
6528,727,0.03,0.95,0.02,swissmetro,0.92,Swissmetro,2
6529,727,0.05,0.6799999999999999,0.27,swissmetro,0.53,Car,3
6530,727,0.04,0.93,0.03,swissmetro,0.9,Swissmetro,2
6531,727,0.09,0.62,0.29,swissmetro,0.44,Swissmetro,2
6532,727,0.07,0.87,0.06,swissmetro,0.81,Swissmetro,2
6533,727,0.07,0.75,0.18,swissmetro,0.62,Swissmetro,2
6534,728,0.01,0.99,0.0,swissmetro,0.97,Swissmetro,2
6535,728,0.03,0.97,0.0,swissmetro,0.95,Swissmetro,2
6536,728,0.04,0.96,0.0,swissmetro,0.94,Swissmetro,2
6537,728,0.04,0.95,0.01,swissmetro,0.92,Swissmetro,2
6538,728,0.02,0.97,0.01,swissmetro,0.95,Swissmetro,2
6539,728,0.03,0.97,0.0,swissmetro,0.95,Swissmetro,2
6540,728,0.04,0.92,0.04,swissmetro,0.87,Swissmetro,2
6541,728,0.05,0.89,0.06,swissmetro,0.84,Swissmetro,2
6542,728,0.14,0.84,0.02,swissmetro,0.76,Swissmetro,2
6543,729,0.01,0.98,0.01,swissmetro,0.98,Swissmetro,2
6544,729,0.08,0.91,0.01,swissmetro,0.86,Swissmetro,2
6545,729,0.03,0.91,0.06,swissmetro,0.86,Swissmetro,2
6546,729,0.03,0.97,0.0,swissmetro,0.95,Swissmetro,2
6547,729,0.1,0.86,0.04,swissmetro,0.79,Swissmetro,2
6548,729,0.05,0.94,0.01,swissmetro,0.92,Swissmetro,2
6549,729,0.05,0.94,0.01,swissmetro,0.91,Swissmetro,2
6550,729,0.04,0.95,0.01,swissmetro,0.92,Swissmetro,2
6551,729,0.15,0.79,0.06,swissmetro,0.7,Swissmetro,2
6552,730,0.16,0.76,0.08,swissmetro,0.64,Swissmetro,2
6553,730,0.08,0.91,0.01,swissmetro,0.87,Swissmetro,2
6554,730,0.18,0.32,0.5,car,0.25,Swissmetro,2
6555,730,0.2,0.54,0.26,swissmetro,0.31,Car,3
6556,730,0.21,0.77,0.02,swissmetro,0.65,Swissmetro,2
6557,730,0.07,0.86,0.07,swissmetro,0.78,Swissmetro,2
6558,730,0.09,0.49,0.42,swissmetro,0.24,Car,3
6559,730,0.24,0.62,0.14,swissmetro,0.43,Swissmetro,2
6560,730,0.06,0.9,0.04,swissmetro,0.86,Swissmetro,2
6561,731,0.03,0.78,0.19,swissmetro,0.68,Swissmetro,2
6562,731,0.12,0.86,0.02,swissmetro,0.8,Train,1
6563,731,0.06,0.82,0.12,swissmetro,0.73,Car,3
6564,731,0.08,0.9,0.02,swissmetro,0.86,Train,1
6565,731,0.08,0.87,0.05,swissmetro,0.8,Swissmetro,2
6566,731,0.08,0.91,0.01,swissmetro,0.85,Train,1
6567,731,0.16,0.76,0.08,swissmetro,0.63,Train,1
6568,731,0.05,0.91,0.04,swissmetro,0.87,Swissmetro,2
6569,731,0.18,0.61,0.21,swissmetro,0.41,Train,1
6570,732,0.07,0.83,0.1,swissmetro,0.75,Swissmetro,2
6571,732,0.12,0.83,0.05,swissmetro,0.75,Swissmetro,2
6572,732,0.04,0.82,0.14,swissmetro,0.73,Car,3
6573,732,0.06,0.93,0.01,swissmetro,0.9,Swissmetro,2
6574,732,0.13,0.85,0.02,swissmetro,0.76,Car,3
6575,732,0.08,0.9,0.02,swissmetro,0.84,Swissmetro,2
6576,732,0.09,0.79,0.12,swissmetro,0.69,Swissmetro,2
6577,732,0.09,0.89,0.02,swissmetro,0.83,Swissmetro,2
6578,732,0.12,0.83,0.05,swissmetro,0.74,Swissmetro,2
6579,733,0.03,0.95,0.02,swissmetro,0.92,Swissmetro,2
6580,733,0.11,0.88,0.01,swissmetro,0.82,Swissmetro,2
6581,733,0.13,0.83,0.04,swissmetro,0.75,Car,3
6582,733,0.04,0.82,0.14,swissmetro,0.73,Train,1
6583,733,0.05,0.89,0.06,swissmetro,0.83,Train,1
6584,733,0.04,0.93,0.03,swissmetro,0.89,Swissmetro,2
6585,733,0.03,0.82,0.15,swissmetro,0.74,Car,3
6586,733,0.02,0.87,0.11,swissmetro,0.81,Car,3
6587,733,0.05,0.9,0.05,swissmetro,0.85,Car,3
6588,734,0.04,0.95,0.01,swissmetro,0.93,Swissmetro,2
6589,734,0.04,0.96,0.0,swissmetro,0.94,Swissmetro,2
6590,734,0.03,0.88,0.09,swissmetro,0.83,Swissmetro,2
6591,734,0.15,0.77,0.08,swissmetro,0.66,Swissmetro,2
6592,734,0.05,0.93,0.01,swissmetro,0.9,Swissmetro,2
6593,734,0.04,0.93,0.03,swissmetro,0.9,Swissmetro,2
6594,734,0.05,0.8,0.15,swissmetro,0.71,Swissmetro,2
6595,734,0.21,0.77,0.02,swissmetro,0.66,Swissmetro,2
6596,734,0.04,0.93,0.03,swissmetro,0.9,Swissmetro,2
6597,735,0.02,0.96,0.02,swissmetro,0.94,Car,3
6598,735,0.03,0.95,0.02,swissmetro,0.92,Swissmetro,2
6599,735,0.02,0.9,0.08,swissmetro,0.84,Car,3
6600,735,0.04,0.96,0.0,swissmetro,0.93,Swissmetro,2
6601,735,0.02,0.88,0.1,swissmetro,0.82,Car,3
6602,735,0.07,0.87,0.06,swissmetro,0.81,Swissmetro,2
6603,735,0.03,0.9,0.07,swissmetro,0.85,Car,3
6604,735,0.05,0.94,0.01,swissmetro,0.91,Swissmetro,2
6605,735,0.05,0.81,0.13,swissmetro,0.72,Car,3
6606,736,0.01,0.92,0.07,swissmetro,0.87,Swissmetro,2
6607,736,0.09,0.9,0.01,swissmetro,0.85,Swissmetro,2
6608,736,0.01,0.83,0.16,swissmetro,0.74,Swissmetro,2
6609,736,0.03,0.96,0.01,swissmetro,0.94,Swissmetro,2
6610,736,0.03,0.83,0.14,swissmetro,0.75,Swissmetro,2
6611,736,0.11,0.87,0.02,swissmetro,0.81,Swissmetro,2
6612,736,0.03,0.91,0.06,swissmetro,0.85,Swissmetro,2
6613,736,0.06,0.9,0.04,swissmetro,0.86,Swissmetro,2
6614,736,0.04,0.88,0.08,swissmetro,0.83,Swissmetro,2
6615,737,0.17,0.77,0.06,swissmetro,0.66,Swissmetro,2
6616,737,0.17,0.79,0.04,swissmetro,0.68,Swissmetro,2
6617,737,0.05,0.32,0.63,car,0.45,Swissmetro,2
6618,737,0.05,0.94,0.01,swissmetro,0.92,Swissmetro,2
6619,737,0.15,0.53,0.32,swissmetro,0.29,Car,3
6620,737,0.24,0.75,0.01,swissmetro,0.63,Swissmetro,2
6621,737,0.05,0.8,0.14,swissmetro,0.71,Swissmetro,2
6622,737,0.15,0.81,0.04,swissmetro,0.71,Swissmetro,2
6623,737,0.13,0.79,0.08,swissmetro,0.68,Train,1
6624,738,0.08,0.9,0.02,swissmetro,0.86,Swissmetro,2
6625,738,0.06,0.94,0.0,swissmetro,0.91,Swissmetro,2
6626,738,0.09,0.77,0.14,swissmetro,0.65,Swissmetro,2
6627,738,0.13,0.75,0.12,swissmetro,0.63,Swissmetro,2
6628,738,0.09,0.89,0.02,swissmetro,0.84,Swissmetro,2
6629,738,0.09,0.86,0.05,swissmetro,0.79,Swissmetro,2
6630,738,0.07,0.81,0.12,swissmetro,0.72,Swissmetro,2
6631,738,0.15,0.8099999999999999,0.04,swissmetro,0.72,Swissmetro,2
6632,738,0.05,0.91,0.04,swissmetro,0.87,Swissmetro,2
6633,739,0.05,0.93,0.02,swissmetro,0.9,Swissmetro,2
6634,739,0.04,0.96,0.0,swissmetro,0.93,Swissmetro,2
6635,739,0.05,0.73,0.22,swissmetro,0.59,Swissmetro,2
6636,739,0.08,0.61,0.31,swissmetro,0.41,Train,1
6637,739,0.07,0.89,0.04,swissmetro,0.84,Swissmetro,2
6638,739,0.07,0.86,0.07,swissmetro,0.79,Train,1
6639,739,0.06,0.79,0.15,swissmetro,0.69,Train,1
6640,739,0.18,0.8,0.02,swissmetro,0.7,Train,1
6641,739,0.01,0.93,0.06,swissmetro,0.89,Swissmetro,2
6642,740,0.01,0.95,0.04,swissmetro,0.93,Swissmetro,2
6643,740,0.04,0.95,0.01,swissmetro,0.93,Swissmetro,2
6644,740,0.01,0.88,0.11,swissmetro,0.81,Swissmetro,2
6645,740,0.02,0.96,0.02,swissmetro,0.94,Swissmetro,2
6646,740,0.03,0.94,0.03,swissmetro,0.92,Swissmetro,2
6647,740,0.03,0.96,0.01,swissmetro,0.93,Swissmetro,2
6648,740,0.02,0.88,0.1,swissmetro,0.81,Swissmetro,2
6649,740,0.04,0.92,0.04,swissmetro,0.88,Swissmetro,2
6650,740,0.06,0.81,0.13,swissmetro,0.71,Swissmetro,2
6651,741,0.02,0.92,0.06,swissmetro,0.88,Swissmetro,2
6652,741,0.15,0.76,0.09,swissmetro,0.65,Swissmetro,2
6653,741,0.03,0.84,0.13,swissmetro,0.76,Car,3
6654,741,0.05,0.94,0.01,swissmetro,0.91,Swissmetro,2
6655,741,0.1,0.81,0.09,swissmetro,0.72,Swissmetro,2
6656,741,0.05,0.92,0.03,swissmetro,0.87,Swissmetro,2
6657,741,0.04,0.88,0.08,swissmetro,0.81,Car,3
6658,741,0.03,0.95,0.02,swissmetro,0.93,Swissmetro,2
6659,741,0.12,0.76,0.12,swissmetro,0.65,Car,3
6660,742,0.09,0.75,0.16,swissmetro,0.62,Swissmetro,2
6661,742,0.13,0.83,0.04,swissmetro,0.75,Swissmetro,2
6662,742,0.14,0.79,0.07,swissmetro,0.68,Swissmetro,2
6663,742,0.13,0.54,0.33,swissmetro,0.31,Train,1
6664,742,0.12,0.87,0.01,swissmetro,0.8,Swissmetro,2
6665,742,0.09,0.66,0.25,swissmetro,0.49,Car,3
6666,742,0.04,0.53,0.43,swissmetro,0.3,Car,3
6667,742,0.03,0.63,0.34,swissmetro,0.45,Car,3
6668,742,0.05,0.81,0.13,swissmetro,0.72,Swissmetro,2
6669,743,0.0,1.0,0.0,swissmetro,0.99,Swissmetro,2
6670,743,0.02,0.97,0.01,swissmetro,0.96,Swissmetro,2
6671,743,0.01,0.97,0.02,swissmetro,0.95,Car,3
6672,743,0.01,0.99,0.0,swissmetro,0.98,Swissmetro,2
6673,743,0.02,0.96,0.02,swissmetro,0.95,Swissmetro,2
6674,743,0.02,0.97,0.01,swissmetro,0.97,Swissmetro,2
6675,743,0.02,0.97,0.01,swissmetro,0.96,Swissmetro,2
6676,743,0.01,0.97,0.02,swissmetro,0.95,Swissmetro,2
6677,743,0.18,0.79,0.03,swissmetro,0.69,Swissmetro,2
6678,744,0.05,0.9,0.05,swissmetro,0.85,Car,3
6679,744,0.11,0.86,0.03,swissmetro,0.79,Swissmetro,2
6680,744,0.07,0.84,0.09,swissmetro,0.77,Car,3
6681,744,0.03,0.97,0.0,swissmetro,0.95,Train,1
6682,744,0.06,0.9,0.04,swissmetro,0.85,Swissmetro,2
6683,744,0.03,0.95,0.02,swissmetro,0.92,Train,1
6684,744,0.02,0.95,0.03,swissmetro,0.92,Swissmetro,2
6685,744,0.04,0.95,0.01,swissmetro,0.93,Swissmetro,2
6686,744,0.04,0.9,0.06,swissmetro,0.85,Train,1
6687,745,0.09,0.71,0.2,swissmetro,0.57,Car,3
6688,745,0.05,0.91,0.04,swissmetro,0.87,Swissmetro,2
6689,745,0.06,0.56,0.38,swissmetro,0.33,Car,3
6690,745,0.08,0.35,0.57,car,0.35,Car,3
6691,745,0.06,0.76,0.18,swissmetro,0.64,Car,3
6692,745,0.05,0.55,0.4,swissmetro,0.32,Car,3
6693,745,0.06,0.49,0.45,swissmetro,0.24,Car,3
6694,745,0.16,0.51,0.33,swissmetro,0.27,Car,3
6695,745,0.04,0.71,0.25,swissmetro,0.56,Car,3
6696,746,0.05,0.91,0.04,swissmetro,0.87,Car,3
6697,746,0.08,0.9,0.02,swissmetro,0.86,Swissmetro,2
6698,746,0.05,0.88,0.07,swissmetro,0.82,Car,3
6699,746,0.04,0.95,0.01,swissmetro,0.92,Swissmetro,2
6700,746,0.2,0.73,0.07,swissmetro,0.6,Car,3
6701,746,0.08,0.89,0.03,swissmetro,0.84,Train,1
6702,746,0.06,0.85,0.09,swissmetro,0.78,Swissmetro,2
6703,746,0.04,0.95,0.01,swissmetro,0.92,Swissmetro,2
6704,746,0.15,0.76,0.09,swissmetro,0.65,Train,1
6705,747,0.15,0.83,0.02,swissmetro,0.75,Swissmetro,2
6706,747,0.08,0.92,0.0,swissmetro,0.87,Swissmetro,2
6707,747,0.09,0.9,0.01,swissmetro,0.84,Swissmetro,2
6708,747,0.15,0.8,0.05,swissmetro,0.71,Swissmetro,2
6709,747,0.15,0.83,0.02,swissmetro,0.76,Swissmetro,2
6710,747,0.1,0.88,0.02,swissmetro,0.83,Swissmetro,2
6711,747,0.07,0.74,0.19,swissmetro,0.61,Swissmetro,2
6712,747,0.08,0.86,0.06,swissmetro,0.79,Swissmetro,2
6713,747,0.13,0.78,0.09,swissmetro,0.66,Swissmetro,2
6714,748,0.24,0.69,0.07,swissmetro,0.53,Car,3
6715,748,0.17,0.82,0.01,swissmetro,0.73,Swissmetro,2
6716,748,0.2,0.77,0.03,swissmetro,0.66,Swissmetro,2
6717,748,0.19,0.78,0.03,swissmetro,0.68,Train,1
6718,748,0.18,0.79,0.03,swissmetro,0.69,Swissmetro,2
6719,748,0.18,0.8,0.02,swissmetro,0.7,Car,3
6720,748,0.1,0.81,0.09,swissmetro,0.71,Car,3
6721,748,0.08,0.87,0.05,swissmetro,0.8,Swissmetro,2
6722,748,0.15,0.8,0.05,swissmetro,0.7,Swissmetro,2
6723,749,0.01,0.98,0.01,swissmetro,0.96,Swissmetro,2
6724,749,0.03,0.96,0.01,swissmetro,0.95,Swissmetro,2
6725,749,0.07,0.83,0.1,swissmetro,0.75,Car,3
6726,749,0.05,0.83,0.12,swissmetro,0.74,Car,3
6727,749,0.04,0.93,0.03,swissmetro,0.89,Swissmetro,2
6728,749,0.03,0.91,0.06,swissmetro,0.87,Swissmetro,2
6729,749,0.04,0.81,0.15,swissmetro,0.72,Car,3
6730,749,0.05,0.89,0.06,swissmetro,0.83,Swissmetro,2
6731,749,0.02,0.94,0.04,swissmetro,0.91,Swissmetro,2
6732,750,0.03,0.17,0.8,car,0.69,Swissmetro,2
6733,750,0.18,0.44,0.38,swissmetro,0.16,Swissmetro,2
6734,750,0.03,0.21,0.76,car,0.64,Swissmetro,2
6735,750,0.11,0.74,0.15,swissmetro,0.6,Swissmetro,2
6736,750,0.12,0.4,0.48,car,0.21,Swissmetro,2
6737,750,0.12,0.73,0.15,swissmetro,0.6,Swissmetro,2
6738,750,0.08,0.45,0.47,car,0.2,Car,3
6739,750,0.2,0.59,0.21,swissmetro,0.38,Swissmetro,2
6740,750,0.17,0.39,0.44,car,0.15,Swissmetro,2
6741,751,0.01,0.99,0.0,swissmetro,0.98,Swissmetro,2
6742,751,0.01,0.99,0.0,swissmetro,0.98,Swissmetro,2
6743,751,0.01,0.99,0.0,swissmetro,0.97,Swissmetro,2
6744,751,0.02,0.97,0.01,swissmetro,0.94,Swissmetro,2
6745,751,0.02,0.97,0.01,swissmetro,0.96,Swissmetro,2
6746,751,0.03,0.96,0.01,swissmetro,0.94,Swissmetro,2
6747,751,0.02,0.88,0.1,swissmetro,0.83,Swissmetro,2
6748,751,0.01,0.94,0.05,swissmetro,0.92,Swissmetro,2
6749,751,0.02,0.95,0.03,swissmetro,0.92,Swissmetro,2
6750,752,0.02,0.92,0.06,swissmetro,0.88,Swissmetro,2
6751,752,0.04,0.88,0.08,swissmetro,0.82,Swissmetro,2
6752,752,0.08,0.82,0.1,swissmetro,0.74,Car,3
6753,752,0.03,0.96,0.01,swissmetro,0.94,Swissmetro,2
6754,752,0.04,0.91,0.05,swissmetro,0.87,Swissmetro,2
6755,752,0.09,0.9,0.01,swissmetro,0.85,Swissmetro,2
6756,752,0.04,0.87,0.09,swissmetro,0.8,Car,3
6757,752,0.04,0.94,0.02,swissmetro,0.92,Swissmetro,2
6758,752,0.22,0.64,0.14,swissmetro,0.46,Swissmetro,2
6759,753,0.21,0.34,0.45,car,0.18,Swissmetro,2
6760,753,0.07,0.79,0.14,swissmetro,0.67,Swissmetro,2
6761,753,0.07,0.77,0.16,swissmetro,0.65,Car,3
6762,753,0.06,0.48,0.46,swissmetro,0.23,Car,3
6763,753,0.05,0.74,0.21,swissmetro,0.62,Car,3
6764,753,0.05,0.65,0.3,swissmetro,0.46,Swissmetro,2
6765,753,0.04,0.53,0.43,swissmetro,0.3,Car,3
6766,753,0.01,0.53,0.46,swissmetro,0.29,Car,3
6767,753,0.03,0.76,0.21,swissmetro,0.64,Car,3
6768,754,0.08,0.66,0.26,swissmetro,0.5,Swissmetro,2
6769,754,0.16,0.72,0.12,swissmetro,0.59,Swissmetro,2
6770,754,0.23,0.62,0.15,swissmetro,0.42,Swissmetro,2
6771,754,0.18,0.47,0.35,swissmetro,0.2,Train,1
6772,754,0.08,0.83,0.09,swissmetro,0.74,Swissmetro,2
6773,754,0.17,0.49,0.34,swissmetro,0.23,Swissmetro,2
6774,754,0.05,0.3,0.65,car,0.47,Swissmetro,2
6775,754,0.08,0.58,0.34,swissmetro,0.38,Swissmetro,2
6776,754,0.08,0.67,0.25,swissmetro,0.51,Swissmetro,2
6777,755,0.02,0.89,0.09,swissmetro,0.83,Swissmetro,2
6778,755,0.06,0.88,0.06,swissmetro,0.82,Swissmetro,2
6779,755,0.03,0.78,0.19,swissmetro,0.68,Car,3
6780,755,0.1,0.89,0.01,swissmetro,0.84,Swissmetro,2
6781,755,0.03,0.89,0.08,swissmetro,0.84,Car,3
6782,755,0.05,0.89,0.06,swissmetro,0.84,Swissmetro,2
6783,755,0.06,0.83,0.11,swissmetro,0.74,Swissmetro,2
6784,755,0.07,0.91,0.02,swissmetro,0.88,Swissmetro,2
6785,755,0.05,0.86,0.09,swissmetro,0.8,Swissmetro,2
6786,756,0.04,0.94,0.02,swissmetro,0.91,Swissmetro,2
6787,756,0.01,0.99,0.0,swissmetro,0.98,Swissmetro,2
6788,756,0.06,0.93,0.01,swissmetro,0.9,Swissmetro,2
6789,756,0.08,0.91,0.01,swissmetro,0.88,Swissmetro,2
6790,756,0.05,0.92,0.03,swissmetro,0.88,Swissmetro,2
6791,756,0.04,0.95,0.01,swissmetro,0.92,Swissmetro,2
6792,756,0.02,0.92,0.06,swissmetro,0.87,Swissmetro,2
6793,756,0.02,0.96,0.02,swissmetro,0.94,Swissmetro,2
6794,756,0.06,0.91,0.03,swissmetro,0.87,Swissmetro,2
6795,757,0.02,0.93,0.05,swissmetro,0.89,Swissmetro,2
6796,757,0.04,0.95,0.01,swissmetro,0.92,Swissmetro,2
6797,757,0.09,0.87,0.04,swissmetro,0.81,Swissmetro,2
6798,757,0.06,0.87,0.07,swissmetro,0.8,Car,3
6799,757,0.05,0.87,0.08,swissmetro,0.81,Swissmetro,2
6800,757,0.1,0.89,0.01,swissmetro,0.83,Car,3
6801,757,0.02,0.75,0.23,swissmetro,0.63,Car,3
6802,757,0.03,0.9400000000000001,0.03,swissmetro,0.9,Car,3
6803,757,0.05,0.88,0.07,swissmetro,0.82,Swissmetro,2
6804,758,0.03,0.95,0.02,swissmetro,0.93,Swissmetro,2
6805,758,0.13,0.85,0.02,swissmetro,0.78,Swissmetro,2
6806,758,0.06,0.89,0.05,swissmetro,0.84,Swissmetro,2
6807,758,0.03,0.97,0.0,swissmetro,0.95,Swissmetro,2
6808,758,0.06,0.93,0.01,swissmetro,0.89,Swissmetro,2
6809,758,0.1,0.87,0.03,swissmetro,0.8,Swissmetro,2
6810,758,0.08,0.85,0.07,swissmetro,0.77,Swissmetro,2
6811,758,0.1,0.89,0.01,swissmetro,0.84,Swissmetro,2
6812,758,0.14,0.85,0.01,swissmetro,0.78,Swissmetro,2
6813,759,0.04,0.94,0.02,swissmetro,0.91,Swissmetro,2
6814,759,0.09,0.89,0.02,swissmetro,0.84,Swissmetro,2
6815,759,0.06,0.93,0.01,swissmetro,0.89,Swissmetro,2
6816,759,0.05,0.94,0.01,swissmetro,0.91,Swissmetro,2
6817,759,0.03,0.95,0.02,swissmetro,0.92,Swissmetro,2
6818,759,0.03,0.96,0.01,swissmetro,0.94,Car,3
6819,759,0.03,0.79,0.18,swissmetro,0.68,Car,3
6820,759,0.11,0.85,0.04,swissmetro,0.78,Swissmetro,2
6821,759,0.08,0.86,0.06,swissmetro,0.78,Swissmetro,2
6822,760,0.05,0.9,0.05,swissmetro,0.85,Swissmetro,2
6823,760,0.08,0.86,0.06,swissmetro,0.78,Swissmetro,2
6824,760,0.07,0.85,0.08,swissmetro,0.77,Car,3
6825,760,0.02,0.97,0.01,swissmetro,0.95,Swissmetro,2
6826,760,0.1,0.87,0.03,swissmetro,0.81,Car,3
6827,760,0.06,0.92,0.02,swissmetro,0.88,Swissmetro,2
6828,760,0.05,0.83,0.12,swissmetro,0.74,Car,3
6829,760,0.05,0.92,0.03,swissmetro,0.88,Swissmetro,2
6830,760,0.05,0.87,0.08,swissmetro,0.81,Swissmetro,2
6831,761,0.04,0.89,0.07,swissmetro,0.84,Swissmetro,2
6832,761,0.07,0.9,0.03,swissmetro,0.84,Swissmetro,2
6833,761,0.07,0.75,0.18,swissmetro,0.63,Swissmetro,2
6834,761,0.03,0.95,0.02,swissmetro,0.93,Swissmetro,2
6835,761,0.1,0.79,0.11,swissmetro,0.69,Swissmetro,2
6836,761,0.05,0.9,0.05,swissmetro,0.86,Swissmetro,2
6837,761,0.06,0.85,0.09,swissmetro,0.79,Swissmetro,2
6838,761,0.06,0.87,0.07,swissmetro,0.8,Swissmetro,2
6839,761,0.09,0.81,0.1,swissmetro,0.72,Swissmetro,2
6840,762,0.01,0.96,0.03,swissmetro,0.94,Swissmetro,2
6841,762,0.04,0.85,0.11,swissmetro,0.77,Swissmetro,2
6842,762,0.03,0.65,0.32,swissmetro,0.47,Car,3
6843,762,0.01,0.98,0.01,swissmetro,0.97,Swissmetro,2
6844,762,0.03,0.82,0.15,swissmetro,0.73,Swissmetro,2
6845,762,0.02,0.93,0.05,swissmetro,0.89,Swissmetro,2
6846,762,0.03,0.87,0.1,swissmetro,0.81,Swissmetro,2
6847,762,0.03,0.94,0.03,swissmetro,0.91,Car,3
6848,762,0.17,0.72,0.11,swissmetro,0.58,Car,3
6849,763,0.06,0.91,0.03,swissmetro,0.86,Swissmetro,2
6850,763,0.05,0.93,0.01,swissmetro,0.9,Swissmetro,2
6851,763,0.03,0.96,0.01,swissmetro,0.93,Swissmetro,2
6852,763,0.03,0.95,0.02,swissmetro,0.93,Car,3
6853,763,0.03,0.96,0.01,swissmetro,0.93,Swissmetro,2
6854,763,0.04,0.95,0.01,swissmetro,0.92,Car,3
6855,763,0.02,0.93,0.04,swissmetro,0.9,Car,3
6856,763,0.03,0.91,0.06,swissmetro,0.87,Car,3
6857,763,0.04,0.93,0.03,swissmetro,0.89,Swissmetro,2
6858,764,0.05,0.95,0.0,swissmetro,0.93,Car,3
6859,764,0.03,0.97,0.0,swissmetro,0.96,Swissmetro,2
6860,764,0.16,0.74,0.1,swissmetro,0.62,Car,3
6861,764,0.14,0.8,0.06,swissmetro,0.69,Car,3
6862,764,0.12,0.87,0.01,swissmetro,0.81,Car,3
6863,764,0.05,0.92,0.03,swissmetro,0.89,Car,3
6864,764,0.05,0.91,0.04,swissmetro,0.86,Car,3
6865,764,0.22,0.76,0.02,swissmetro,0.64,Car,3
6866,764,0.06,0.91,0.03,swissmetro,0.86,Car,3
6867,765,0.09,0.85,0.06,swissmetro,0.77,Swissmetro,2
6868,765,0.1,0.88,0.02,swissmetro,0.82,Swissmetro,2
6869,765,0.11,0.82,0.07,swissmetro,0.73,Swissmetro,2
6870,765,0.13,0.81,0.06,swissmetro,0.72,Swissmetro,2
6871,765,0.15,0.75,0.1,swissmetro,0.63,Swissmetro,2
6872,765,0.09,0.84,0.07,swissmetro,0.76,Swissmetro,2
6873,765,0.07,0.8,0.13,swissmetro,0.7,Swissmetro,2
6874,765,0.11,0.78,0.11,swissmetro,0.67,Swissmetro,2
6875,765,0.19,0.72,0.09,swissmetro,0.59,Swissmetro,2
6876,766,0.05,0.84,0.11,swissmetro,0.76,Car,3
6877,766,0.05,0.92,0.03,swissmetro,0.88,Swissmetro,2
6878,766,0.15,0.72,0.13,swissmetro,0.59,Swissmetro,2
6879,766,0.14,0.78,0.08,swissmetro,0.68,Car,3
6880,766,0.11,0.82,0.07,swissmetro,0.73,Swissmetro,2
6881,766,0.02,0.93,0.05,swissmetro,0.89,Car,3
6882,766,0.02,0.84,0.14,swissmetro,0.77,Car,3
6883,766,0.01,0.94,0.05,swissmetro,0.9,Car,3
6884,766,0.07,0.89,0.04,swissmetro,0.84,Car,3
6885,767,0.01,0.93,0.05,swissmetro,0.9,Car,3
6886,767,0.05,0.91,0.04,swissmetro,0.87,Swissmetro,2
6887,767,0.08,0.85,0.07,swissmetro,0.77,Swissmetro,2
6888,767,0.07,0.85,0.08,swissmetro,0.77,Swissmetro,2
6889,767,0.02,0.94,0.04,swissmetro,0.92,Swissmetro,2
6890,767,0.05,0.87,0.08,swissmetro,0.79,Swissmetro,2
6891,767,0.02,0.63,0.35,swissmetro,0.45,Car,3
6892,767,0.02,0.72,0.26,swissmetro,0.59,Swissmetro,2
6893,767,0.06,0.85,0.09,swissmetro,0.77,Swissmetro,2
6894,768,0.03,0.96,0.01,swissmetro,0.93,Swissmetro,2
6895,768,0.07,0.93,0.0,swissmetro,0.89,Swissmetro,2
6896,768,0.16,0.83,0.01,swissmetro,0.75,Swissmetro,2
6897,768,0.11,0.87,0.02,swissmetro,0.79,Swissmetro,2
6898,768,0.03,0.96,0.01,swissmetro,0.93,Swissmetro,2
6899,768,0.1,0.89,0.01,swissmetro,0.82,Swissmetro,2
6900,768,0.02,0.95,0.03,swissmetro,0.93,Swissmetro,2
6901,768,0.02,0.96,0.02,swissmetro,0.94,Swissmetro,2
6902,768,0.1,0.89,0.01,swissmetro,0.84,Swissmetro,2
6903,769,0.02,0.98,0.0,swissmetro,0.97,Swissmetro,2
6904,769,0.02,0.98,0.0,swissmetro,0.97,Swissmetro,2
6905,769,0.03,0.91,0.06,swissmetro,0.87,Swissmetro,2
6906,769,0.06,0.9,0.04,swissmetro,0.86,Car,3
6907,769,0.03,0.96,0.01,swissmetro,0.94,Swissmetro,2
6908,769,0.02,0.96,0.02,swissmetro,0.95,Swissmetro,2
6909,769,0.03,0.87,0.1,swissmetro,0.81,Car,3
6910,769,0.08,0.91,0.01,swissmetro,0.87,Swissmetro,2
6911,769,0.01,0.97,0.02,swissmetro,0.96,Swissmetro,2
6912,770,0.01,0.93,0.06,swissmetro,0.9,Swissmetro,2
6913,770,0.02,0.96,0.02,swissmetro,0.95,Swissmetro,2
6914,770,0.15,0.83,0.02,swissmetro,0.75,Car,3
6915,770,0.07,0.88,0.05,swissmetro,0.81,Car,3
6916,770,0.04,0.92,0.04,swissmetro,0.88,Swissmetro,2
6917,770,0.05,0.9,0.05,swissmetro,0.85,Car,3
6918,770,0.05,0.8,0.15,swissmetro,0.71,Car,3
6919,770,0.03,0.84,0.13,swissmetro,0.76,Car,3
6920,770,0.13,0.79,0.08,swissmetro,0.69,Swissmetro,2
6921,771,0.03,0.96,0.01,swissmetro,0.94,Car,3
6922,771,0.04,0.96,0.0,swissmetro,0.94,Car,3
6923,771,0.03,0.93,0.04,swissmetro,0.89,Car,3
6924,771,0.11,0.8,0.09,swissmetro,0.7,Car,3
6925,771,0.04,0.95,0.01,swissmetro,0.92,Car,3
6926,771,0.03,0.94,0.03,swissmetro,0.92,Car,3
6927,771,0.09,0.72,0.19,swissmetro,0.59,Car,3
6928,771,0.18,0.79,0.03,swissmetro,0.69,Car,3
6929,771,0.02,0.95,0.03,swissmetro,0.92,Car,3
6930,772,0.02,0.97,0.01,swissmetro,0.96,Swissmetro,2
6931,772,0.02,0.98,0.0,swissmetro,0.97,Swissmetro,2
6932,772,0.02,0.87,0.11,swissmetro,0.81,Swissmetro,2
6933,772,0.04,0.94,0.02,swissmetro,0.91,Swissmetro,2
6934,772,0.04,0.95,0.01,swissmetro,0.92,Swissmetro,2
6935,772,0.04,0.92,0.04,swissmetro,0.88,Swissmetro,2
6936,772,0.03,0.86,0.11,swissmetro,0.79,Swissmetro,2
6937,772,0.14,0.85,0.01,swissmetro,0.78,Swissmetro,2
6938,772,0.01,0.97,0.02,swissmetro,0.95,Swissmetro,2
6939,773,0.02,0.87,0.11,swissmetro,0.79,Car,3
6940,773,0.12,0.82,0.06,swissmetro,0.73,Swissmetro,2
6941,773,0.16,0.73,0.11,swissmetro,0.6,Swissmetro,2
6942,773,0.09,0.65,0.26,swissmetro,0.47,Car,3
6943,773,0.08,0.68,0.24,swissmetro,0.51,Swissmetro,2
6944,773,0.09,0.71,0.2,swissmetro,0.57,Swissmetro,2
6945,773,0.08,0.65,0.27,swissmetro,0.47,Car,3
6946,773,0.04,0.76,0.2,swissmetro,0.64,Car,3
6947,773,0.05,0.78,0.17,swissmetro,0.67,Car,3
6948,774,0.03,0.93,0.04,swissmetro,0.89,Swissmetro,2
6949,774,0.06,0.93,0.01,swissmetro,0.9,Swissmetro,2
6950,774,0.13,0.85,0.02,swissmetro,0.78,Swissmetro,2
6951,774,0.15,0.84,0.01,swissmetro,0.76,Car,3
6952,774,0.08,0.88,0.04,swissmetro,0.83,Swissmetro,2
6953,774,0.1,0.89,0.01,swissmetro,0.84,Car,3
6954,774,0.06,0.85,0.09,swissmetro,0.78,Car,3
6955,774,0.06,0.92,0.02,swissmetro,0.88,Car,3
6956,774,0.08,0.88,0.04,swissmetro,0.82,Swissmetro,2
6957,775,0.07,0.92,0.01,swissmetro,0.87,Swissmetro,2
6958,775,0.06,0.94,0.0,swissmetro,0.9,Swissmetro,2
6959,775,0.15,0.76,0.09,swissmetro,0.65,Car,3
6960,775,0.08,0.88,0.04,swissmetro,0.82,Car,3
6961,775,0.03,0.97,0.0,swissmetro,0.95,Swissmetro,2
6962,775,0.01,0.98,0.01,swissmetro,0.98,Swissmetro,2
6963,775,0.06,0.88,0.06,swissmetro,0.81,Car,3
6964,775,0.1,0.89,0.01,swissmetro,0.84,Car,3
6965,775,0.01,0.98,0.01,swissmetro,0.97,Swissmetro,2
6966,776,0.09,0.6,0.31,swissmetro,0.4,Swissmetro,2
6967,776,0.17,0.75,0.08,swissmetro,0.62,Swissmetro,2
6968,776,0.07,0.34,0.59,car,0.39,Car,3
6969,776,0.12,0.86,0.02,swissmetro,0.79,Swissmetro,2
6970,776,0.09,0.78,0.13,swissmetro,0.67,Swissmetro,2
6971,776,0.12,0.8200000000000001,0.06,swissmetro,0.72,Swissmetro,2
6972,776,0.09,0.66,0.25,swissmetro,0.49,Car,3
6973,776,0.19,0.72,0.09,swissmetro,0.58,Swissmetro,2
6974,776,0.21,0.43,0.36,swissmetro,0.16,Swissmetro,2
6975,777,0.06,0.71,0.23,swissmetro,0.56,Car,3
6976,777,0.11,0.74,0.15,swissmetro,0.6,Swissmetro,2
6977,777,0.06,0.54,0.4,swissmetro,0.31,Car,3
6978,777,0.09,0.88,0.03,swissmetro,0.83,Swissmetro,2
6979,777,0.16,0.7,0.14,swissmetro,0.55,Car,3
6980,777,0.2,0.77,0.03,swissmetro,0.66,Swissmetro,2
6981,777,0.04,0.89,0.07,swissmetro,0.84,Car,3
6982,777,0.11,0.87,0.02,swissmetro,0.8,Swissmetro,2
6983,777,0.04,0.9,0.06,swissmetro,0.85,Swissmetro,2
6984,778,0.05,0.91,0.04,swissmetro,0.86,Swissmetro,2
6985,778,0.09,0.9,0.01,swissmetro,0.85,Swissmetro,2
6986,778,0.03,0.9,0.07,swissmetro,0.85,Swissmetro,2
6987,778,0.04,0.95,0.01,swissmetro,0.93,Swissmetro,2
6988,778,0.05,0.93,0.02,swissmetro,0.9,Swissmetro,2
6989,778,0.06,0.93,0.01,swissmetro,0.9,Swissmetro,2
6990,778,0.07,0.92,0.01,swissmetro,0.88,Swissmetro,2
6991,778,0.09,0.89,0.02,swissmetro,0.84,Swissmetro,2
6992,778,0.14,0.74,0.12,swissmetro,0.62,Swissmetro,2
6993,779,0.04,0.93,0.03,swissmetro,0.89,Car,3
6994,779,0.05,0.94,0.01,swissmetro,0.9,Car,3
6995,779,0.05,0.94,0.01,swissmetro,0.91,Car,3
6996,779,0.07,0.92,0.01,swissmetro,0.88,Car,3
6997,779,0.07,0.91,0.02,swissmetro,0.85,Car,3
6998,779,0.06,0.91,0.03,swissmetro,0.87,Car,3
6999,779,0.03,0.93,0.04,swissmetro,0.9,Car,3
7000,779,0.09,0.88,0.03,swissmetro,0.82,Car,3
7001,779,0.07,0.88,0.05,swissmetro,0.82,Car,3
7002,780,0.03,0.79,0.18,swissmetro,0.69,Swissmetro,2
7003,780,0.07,0.83,0.1,swissmetro,0.75,Swissmetro,2
7004,780,0.03,0.67,0.3,swissmetro,0.51,Car,3
7005,780,0.03,0.95,0.02,swissmetro,0.93,Swissmetro,2
7006,780,0.08,0.76,0.16,swissmetro,0.65,Swissmetro,2
7007,780,0.05,0.9,0.05,swissmetro,0.86,Swissmetro,2
7008,780,0.05,0.79,0.16,swissmetro,0.67,Car,3
7009,780,0.06,0.85,0.09,swissmetro,0.79,Swissmetro,2
7010,780,0.1,0.61,0.29,swissmetro,0.42,Train,1
7011,781,0.08,0.79,0.13,swissmetro,0.69,Swissmetro,2
7012,781,0.07,0.88,0.05,swissmetro,0.83,Swissmetro,2
7013,781,0.1,0.58,0.32,swissmetro,0.38,Swissmetro,2
7014,781,0.12,0.6,0.28,swissmetro,0.41,Swissmetro,2
7015,781,0.12,0.83,0.05,swissmetro,0.75,Swissmetro,2
7016,781,0.08,0.75,0.17,swissmetro,0.64,Swissmetro,2
7017,781,0.06,0.7,0.24,swissmetro,0.54,Swissmetro,2
7018,781,0.11,0.76,0.13,swissmetro,0.65,Swissmetro,2
7019,781,0.04,0.78,0.18,swissmetro,0.67,Swissmetro,2
7020,782,0.21,0.78,0.01,swissmetro,0.67,Car,3
7021,782,0.11,0.89,0.0,swissmetro,0.83,Car,3
7022,782,0.13,0.76,0.11,swissmetro,0.63,Car,3
7023,782,0.12,0.78,0.1,swissmetro,0.67,Car,3
7024,782,0.07,0.92,0.01,swissmetro,0.88,Car,3
7025,782,0.07,0.91,0.02,swissmetro,0.87,Car,3
7026,782,0.19,0.65,0.16,swissmetro,0.47,Car,3
7027,782,0.31,0.66,0.03,swissmetro,0.49,Car,3
7028,782,0.04,0.92,0.04,swissmetro,0.87,Car,3
7029,783,0.13,0.78,0.09,swissmetro,0.66,Train,1
7030,783,0.08,0.89,0.03,swissmetro,0.85,Swissmetro,2
7031,783,0.11,0.74,0.15,swissmetro,0.61,Train,1
7032,783,0.08,0.8,0.12,swissmetro,0.7,Train,1
7033,783,0.08,0.63,0.29,swissmetro,0.45,Train,1
7034,783,0.1,0.75,0.15,swissmetro,0.62,Train,1
7035,783,0.07,0.67,0.26,swissmetro,0.5,Swissmetro,2
7036,783,0.07,0.81,0.12,swissmetro,0.72,Train,1
7037,783,0.13,0.65,0.22,swissmetro,0.47,Swissmetro,2
7038,784,0.18,0.61,0.21,swissmetro,0.41,Swissmetro,2
7039,784,0.11,0.81,0.08,swissmetro,0.71,Swissmetro,2
7040,784,0.14,0.74,0.12,swissmetro,0.62,Swissmetro,2
7041,784,0.14,0.5,0.36,swissmetro,0.25,Swissmetro,2
7042,784,0.07,0.92,0.01,swissmetro,0.88,Swissmetro,2
7043,784,0.05,0.9,0.05,swissmetro,0.86,Swissmetro,2
7044,784,0.04,0.77,0.19,swissmetro,0.66,Swissmetro,2
7045,784,0.25,0.72,0.03,swissmetro,0.57,Swissmetro,2
7046,784,0.05,0.82,0.13,swissmetro,0.73,Swissmetro,2
7047,785,0.04,0.9299999999999999,0.03,swissmetro,0.9,Car,3
7048,785,0.06,0.91,0.03,swissmetro,0.86,Swissmetro,2
7049,785,0.05,0.91,0.04,swissmetro,0.86,Swissmetro,2
7050,785,0.05,0.92,0.03,swissmetro,0.88,Swissmetro,2
7051,785,0.05,0.91,0.04,swissmetro,0.87,Swissmetro,2
7052,785,0.05,0.92,0.03,swissmetro,0.88,Swissmetro,2
7053,785,0.05,0.79,0.16,swissmetro,0.68,Swissmetro,2
7054,785,0.07,0.75,0.18,swissmetro,0.62,Swissmetro,2
7055,785,0.07,0.86,0.07,swissmetro,0.78,Train,1
7056,786,0.1,0.89,0.01,swissmetro,0.84,Swissmetro,2
7057,786,0.04,0.96,0.0,swissmetro,0.94,Swissmetro,2
7058,786,0.06,0.92,0.02,swissmetro,0.89,Swissmetro,2
7059,786,0.08,0.91,0.01,swissmetro,0.86,Swissmetro,2
7060,786,0.21,0.77,0.02,swissmetro,0.67,Swissmetro,2
7061,786,0.16,0.76,0.08,swissmetro,0.63,Swissmetro,2
7062,786,0.19,0.69,0.12,swissmetro,0.53,Swissmetro,2
7063,786,0.24,0.75,0.01,swissmetro,0.63,Swissmetro,2
7064,786,0.07,0.91,0.02,swissmetro,0.87,Swissmetro,2
7065,787,0.12,0.67,0.21,swissmetro,0.51,Swissmetro,2
7066,787,0.1,0.88,0.02,swissmetro,0.83,Swissmetro,2
7067,787,0.14,0.59,0.27,swissmetro,0.38,Swissmetro,2
7068,787,0.11,0.45,0.44,swissmetro,0.19,Swissmetro,2
7069,787,0.21,0.71,0.08,swissmetro,0.57,Swissmetro,2
7070,787,0.07,0.8,0.13,swissmetro,0.69,Swissmetro,2
7071,787,0.18,0.3,0.52,car,0.27,Swissmetro,2
7072,787,0.38,0.48,0.14,swissmetro,0.22,Swissmetro,2
7073,787,0.08,0.75,0.17,swissmetro,0.62,Swissmetro,2
7074,788,0.03,0.93,0.04,swissmetro,0.9,Car,3
7075,788,0.03,0.96,0.01,swissmetro,0.94,Swissmetro,2
7076,788,0.1,0.59,0.31,swissmetro,0.39,Car,3
7077,788,0.1,0.69,0.21,swissmetro,0.54,Car,3
7078,788,0.04,0.94,0.02,swissmetro,0.91,Swissmetro,2
7079,788,0.03,0.92,0.05,swissmetro,0.88,Car,3
7080,788,0.05,0.9,0.05,swissmetro,0.86,Swissmetro,2
7081,788,0.09,0.89,0.02,swissmetro,0.83,Car,3
7082,788,0.01,0.96,0.03,swissmetro,0.94,Swissmetro,2
7083,789,0.05,0.86,0.09,swissmetro,0.79,Car,3
7084,789,0.15,0.8,0.05,swissmetro,0.71,Swissmetro,2
7085,789,0.04,0.43,0.53,car,0.3,Car,3
7086,789,0.1,0.85,0.05,swissmetro,0.78,Swissmetro,2
7087,789,0.08,0.62,0.3,swissmetro,0.42,Swissmetro,2
7088,789,0.08,0.8099999999999999,0.11,swissmetro,0.72,Swissmetro,2
7089,789,0.07,0.51,0.42,swissmetro,0.27,Car,3
7090,789,0.18,0.71,0.11,swissmetro,0.57,Swissmetro,2
7091,789,0.1,0.59,0.31,swissmetro,0.38,Swissmetro,2
7092,790,0.03,0.93,0.04,swissmetro,0.89,Swissmetro,2
7093,790,0.02,0.97,0.01,swissmetro,0.95,Swissmetro,2
7094,790,0.03,0.75,0.22,swissmetro,0.62,Car,3
7095,790,0.07,0.75,0.18,swissmetro,0.63,Car,3
7096,790,0.04,0.92,0.04,swissmetro,0.88,Car,3
7097,790,0.04,0.9,0.06,swissmetro,0.85,Car,3
7098,790,0.03,0.84,0.13,swissmetro,0.75,Car,3
7099,790,0.12,0.8,0.08,swissmetro,0.69,Car,3
7100,790,0.04,0.91,0.05,swissmetro,0.87,Car,3
7101,791,0.03,0.9,0.07,swissmetro,0.85,Swissmetro,2
7102,791,0.05,0.94,0.01,swissmetro,0.91,Swissmetro,2
7103,791,0.03,0.91,0.06,swissmetro,0.85,Car,3
7104,791,0.02,0.97,0.01,swissmetro,0.95,Swissmetro,2
7105,791,0.05,0.92,0.03,swissmetro,0.88,Car,3
7106,791,0.03,0.95,0.02,swissmetro,0.92,Swissmetro,2
7107,791,0.05,0.85,0.1,swissmetro,0.78,Car,3
7108,791,0.04,0.92,0.04,swissmetro,0.88,Swissmetro,2
7109,791,0.05,0.79,0.16,swissmetro,0.68,Car,3
7110,792,0.04,0.95,0.01,swissmetro,0.94,Swissmetro,2
7111,792,0.02,0.98,0.0,swissmetro,0.96,Swissmetro,2
7112,792,0.04,0.9,0.06,swissmetro,0.84,Swissmetro,2
7113,792,0.07,0.9,0.03,swissmetro,0.85,Swissmetro,2
7114,792,0.07,0.92,0.01,swissmetro,0.88,Swissmetro,2
7115,792,0.07,0.91,0.02,swissmetro,0.86,Swissmetro,2
7116,792,0.04,0.91,0.05,swissmetro,0.87,Swissmetro,2
7117,792,0.16,0.82,0.02,swissmetro,0.74,Swissmetro,2
7118,792,0.02,0.97,0.01,swissmetro,0.96,Swissmetro,2
7119,793,0.07,0.92,0.01,swissmetro,0.88,Swissmetro,2
7120,793,0.06,0.94,0.0,swissmetro,0.91,Swissmetro,2
7121,793,0.04,0.83,0.13,swissmetro,0.75,Swissmetro,2
7122,793,0.12,0.79,0.09,swissmetro,0.69,Swissmetro,2
7123,793,0.03,0.96,0.01,swissmetro,0.94,Swissmetro,2
7124,793,0.02,0.95,0.03,swissmetro,0.92,Swissmetro,2
7125,793,0.03,0.95,0.02,swissmetro,0.92,Swissmetro,2
7126,793,0.25,0.74,0.01,swissmetro,0.62,Swissmetro,2
7127,793,0.03,0.96,0.01,swissmetro,0.94,Swissmetro,2
7128,794,0.04,0.92,0.04,swissmetro,0.89,Swissmetro,2
7129,794,0.09,0.89,0.02,swissmetro,0.83,Swissmetro,2
7130,794,0.04,0.75,0.21,swissmetro,0.63,Car,3
7131,794,0.07,0.93,0.0,swissmetro,0.89,Swissmetro,2
7132,794,0.15,0.71,0.14,swissmetro,0.56,Swissmetro,2
7133,794,0.22,0.62,0.16,swissmetro,0.42,Swissmetro,2
7134,794,0.1,0.84,0.06,swissmetro,0.76,Car,3
7135,794,0.12,0.85,0.03,swissmetro,0.78,Swissmetro,2
7136,794,0.19,0.78,0.03,swissmetro,0.66,Swissmetro,2
7137,795,0.09,0.87,0.04,swissmetro,0.79,Swissmetro,2
7138,795,0.11,0.84,0.05,swissmetro,0.76,Swissmetro,2
7139,795,0.08,0.84,0.08,swissmetro,0.75,Car,3
7140,795,0.09,0.9,0.01,swissmetro,0.86,Swissmetro,2
7141,795,0.05,0.79,0.16,swissmetro,0.69,Car,3
7142,795,0.14,0.85,0.01,swissmetro,0.77,Swissmetro,2
7143,795,0.06,0.86,0.08,swissmetro,0.78,Swissmetro,2
7144,795,0.06,0.93,0.01,swissmetro,0.89,Swissmetro,2
7145,795,0.06,0.84,0.1,swissmetro,0.76,Car,3
7146,796,0.09,0.88,0.03,swissmetro,0.83,Swissmetro,2
7147,796,0.11,0.88,0.01,swissmetro,0.81,Car,3
7148,796,0.12,0.86,0.02,swissmetro,0.78,Car,3
7149,796,0.09,0.89,0.02,swissmetro,0.84,Car,3
7150,796,0.05,0.94,0.01,swissmetro,0.92,Car,3
7151,796,0.11,0.86,0.03,swissmetro,0.78,Car,3
7152,796,0.12,0.64,0.24,swissmetro,0.46,Car,3
7153,796,0.15,0.6,0.25,swissmetro,0.4,Car,3
7154,796,0.21,0.73,0.06,swissmetro,0.59,Car,3
7155,797,0.05,0.94,0.01,swissmetro,0.92,Train,1
7156,797,0.04,0.96,0.0,swissmetro,0.94,Train,1
7157,797,0.06,0.86,0.08,swissmetro,0.79,Swissmetro,2
7158,797,0.08,0.88,0.04,swissmetro,0.82,Car,3
7159,797,0.04,0.95,0.01,swissmetro,0.92,Swissmetro,2
7160,797,0.11,0.88,0.01,swissmetro,0.82,Swissmetro,2
7161,797,0.12,0.72,0.16,swissmetro,0.58,Car,3
7162,797,0.2,0.8,0.0,swissmetro,0.7,Train,1
7163,797,0.01,0.98,0.01,swissmetro,0.96,Swissmetro,2
7164,798,0.04,0.93,0.03,swissmetro,0.9,Swissmetro,2
7165,798,0.06,0.89,0.05,swissmetro,0.83,Swissmetro,2
7166,798,0.02,0.88,0.1,swissmetro,0.81,Swissmetro,2
7167,798,0.03,0.97,0.0,swissmetro,0.95,Swissmetro,2
7168,798,0.06,0.9,0.04,swissmetro,0.85,Swissmetro,2
7169,798,0.06,0.92,0.02,swissmetro,0.88,Swissmetro,2
7170,798,0.08,0.84,0.08,swissmetro,0.76,Swissmetro,2
7171,798,0.07,0.89,0.04,swissmetro,0.83,Swissmetro,2
7172,798,0.12,0.71,0.17,swissmetro,0.57,Swissmetro,2
7173,799,0.06,0.89,0.05,swissmetro,0.83,Swissmetro,2
7174,799,0.13,0.84,0.03,swissmetro,0.76,Swissmetro,2
7175,799,0.1,0.66,0.24,swissmetro,0.49,Swissmetro,2
7176,799,0.05,0.95,0.0,swissmetro,0.92,Swissmetro,2
7177,799,0.1,0.85,0.05,swissmetro,0.78,Swissmetro,2
7178,799,0.1,0.87,0.03,swissmetro,0.8,Swissmetro,2
7179,799,0.07,0.79,0.14,swissmetro,0.68,Swissmetro,2
7180,799,0.05,0.95,0.0,swissmetro,0.92,Swissmetro,2
7181,799,0.06,0.89,0.05,swissmetro,0.83,Swissmetro,2
7182,800,0.02,0.9,0.08,swissmetro,0.84,Car,3
7183,800,0.06,0.9,0.04,swissmetro,0.85,Swissmetro,2
7184,800,0.05,0.74,0.21,swissmetro,0.61,Car,3
7185,800,0.01,0.97,0.02,swissmetro,0.96,Swissmetro,2
7186,800,0.04,0.88,0.08,swissmetro,0.82,Car,3
7187,800,0.03,0.9,0.07,swissmetro,0.85,Swissmetro,2
7188,800,0.05,0.8099999999999999,0.14,swissmetro,0.72,Swissmetro,2
7189,800,0.04,0.9299999999999999,0.03,swissmetro,0.9,Swissmetro,2
7190,800,0.05,0.9,0.05,swissmetro,0.86,Swissmetro,2
7191,801,0.05,0.92,0.03,swissmetro,0.88,Swissmetro,2
7192,801,0.06,0.93,0.01,swissmetro,0.89,Swissmetro,2
7193,801,0.13,0.69,0.18,swissmetro,0.54,Car,3
7194,801,0.07,0.73,0.2,swissmetro,0.6,Car,3
7195,801,0.05,0.91,0.04,swissmetro,0.86,Swissmetro,2
7196,801,0.04,0.84,0.12,swissmetro,0.75,Car,3
7197,801,0.06,0.88,0.06,swissmetro,0.82,Swissmetro,2
7198,801,0.09,0.84,0.07,swissmetro,0.76,Swissmetro,2
7199,801,0.04,0.92,0.04,swissmetro,0.89,Swissmetro,2
7200,802,0.08,0.91,0.01,swissmetro,0.86,Swissmetro,2
7201,802,0.03,0.97,0.0,swissmetro,0.95,Swissmetro,2
7202,802,0.11,0.88,0.01,swissmetro,0.83,Swissmetro,2
7203,802,0.04,0.88,0.08,swissmetro,0.82,Swissmetro,2
7204,802,0.03,0.96,0.01,swissmetro,0.93,Swissmetro,2
7205,802,0.05,0.93,0.01,swissmetro,0.9,Swissmetro,2
7206,802,0.01,0.91,0.08,swissmetro,0.86,Swissmetro,2
7207,802,0.01,0.86,0.13,swissmetro,0.79,Swissmetro,2
7208,802,0.02,0.95,0.03,swissmetro,0.92,Swissmetro,2
7209,803,0.02,0.95,0.03,swissmetro,0.92,Swissmetro,2
7210,803,0.03,0.96,0.01,swissmetro,0.94,Swissmetro,2
7211,803,0.06,0.93,0.01,swissmetro,0.89,Swissmetro,2
7212,803,0.02,0.89,0.09,swissmetro,0.84,Swissmetro,2
7213,803,0.04,0.95,0.01,swissmetro,0.93,Swissmetro,2
7214,803,0.08,0.91,0.01,swissmetro,0.86,Swissmetro,2
7215,803,0.02,0.86,0.12,swissmetro,0.79,Car,3
7216,803,0.01,0.97,0.02,swissmetro,0.96,Swissmetro,2
7217,803,0.03,0.93,0.04,swissmetro,0.88,Swissmetro,2
7218,804,0.02,0.97,0.01,swissmetro,0.95,Swissmetro,2
7219,804,0.03,0.96,0.01,swissmetro,0.94,Swissmetro,2
7220,804,0.06,0.93,0.01,swissmetro,0.9,Swissmetro,2
7221,804,0.07,0.86,0.07,swissmetro,0.8,Train,1
7222,804,0.04,0.9,0.06,swissmetro,0.84,Swissmetro,2
7223,804,0.03,0.94,0.03,swissmetro,0.91,Swissmetro,2
7224,804,0.06,0.7,0.24,swissmetro,0.56,Car,3
7225,804,0.02,0.87,0.11,swissmetro,0.81,Swissmetro,2
7226,804,0.14,0.75,0.11,swissmetro,0.63,Train,1
7227,805,0.06,0.92,0.02,swissmetro,0.89,Swissmetro,2
7228,805,0.04,0.96,0.0,swissmetro,0.94,Swissmetro,2
7229,805,0.1,0.89,0.01,swissmetro,0.84,Swissmetro,2
7230,805,0.06,0.85,0.09,swissmetro,0.77,Swissmetro,2
7231,805,0.07,0.91,0.02,swissmetro,0.87,Swissmetro,2
7232,805,0.07,0.91,0.02,swissmetro,0.86,Swissmetro,2
7233,805,0.06,0.79,0.15,swissmetro,0.69,Swissmetro,2
7234,805,0.06,0.85,0.09,swissmetro,0.78,Swissmetro,2
7235,805,0.08,0.86,0.06,swissmetro,0.79,Swissmetro,2
7236,806,0.01,0.97,0.02,swissmetro,0.96,Swissmetro,2
7237,806,0.08,0.9,0.02,swissmetro,0.85,Swissmetro,2
7238,806,0.04,0.8,0.16,swissmetro,0.7,Car,3
7239,806,0.04,0.95,0.01,swissmetro,0.93,Swissmetro,2
7240,806,0.09,0.89,0.02,swissmetro,0.84,Car,3
7241,806,0.03,0.96,0.01,swissmetro,0.93,Swissmetro,2
7242,806,0.04,0.93,0.03,swissmetro,0.89,Swissmetro,2
7243,806,0.04,0.96,0.0,swissmetro,0.93,Swissmetro,2
7244,806,0.1,0.88,0.02,swissmetro,0.82,Swissmetro,2
7245,807,0.5,0.31,0.19,train,0.25,Swissmetro,2
7246,807,0.22,0.77,0.01,swissmetro,0.64,Swissmetro,2
7247,807,0.19,0.43,0.38,swissmetro,0.14,Swissmetro,2
7248,807,0.3,0.28,0.42,car,0.14,Car,3
7249,807,0.32,0.65,0.03,swissmetro,0.48,Swissmetro,2
7250,807,0.34,0.52,0.14,swissmetro,0.28,Car,3
7251,807,0.25,0.43,0.32,swissmetro,0.14,Train,1
7252,807,0.44,0.49,0.07,swissmetro,0.23,Train,1
7253,807,0.18,0.71,0.11,swissmetro,0.57,Train,1
7254,808,0.09,0.71,0.2,swissmetro,0.56,Car,3
7255,808,0.09,0.87,0.04,swissmetro,0.8,Swissmetro,2
7256,808,0.1,0.7,0.2,swissmetro,0.56,Swissmetro,2
7257,808,0.15,0.66,0.19,swissmetro,0.5,Car,3
7258,808,0.12,0.78,0.1,swissmetro,0.66,Swissmetro,2
7259,808,0.16,0.66,0.18,swissmetro,0.48,Car,3
7260,808,0.04,0.79,0.17,swissmetro,0.67,Car,3
7261,808,0.05,0.81,0.14,swissmetro,0.72,Car,3
7262,808,0.11,0.63,0.26,swissmetro,0.44,Car,3
7263,809,0.01,0.99,0.0,swissmetro,0.98,Swissmetro,2
7264,809,0.05,0.9,0.05,swissmetro,0.85,Swissmetro,2
7265,809,0.02,0.93,0.05,swissmetro,0.9,Car,3
7266,809,0.01,0.99,0.0,swissmetro,0.97,Swissmetro,2
7267,809,0.03,0.91,0.06,swissmetro,0.87,Swissmetro,2
7268,809,0.04,0.9299999999999999,0.03,swissmetro,0.91,Swissmetro,2
7269,809,0.02,0.92,0.06,swissmetro,0.88,Car,3
7270,809,0.03,0.94,0.03,swissmetro,0.92,Swissmetro,2
7271,809,0.04,0.8,0.16,swissmetro,0.7,Car,3
7272,810,0.04,0.89,0.07,swissmetro,0.83,Swissmetro,2
7273,810,0.03,0.96,0.01,swissmetro,0.95,Swissmetro,2
7274,810,0.04,0.72,0.24,swissmetro,0.58,Swissmetro,2
7275,810,0.07,0.58,0.35,swissmetro,0.37,Car,3
7276,810,0.14,0.83,0.03,swissmetro,0.76,Swissmetro,2
7277,810,0.04,0.81,0.15,swissmetro,0.71,Swissmetro,2
7278,810,0.05,0.75,0.2,swissmetro,0.62,Car,3
7279,810,0.16,0.78,0.06,swissmetro,0.66,Swissmetro,2
7280,810,0.15,0.67,0.18,swissmetro,0.51,Swissmetro,2
7281,811,0.22,0.45,0.33,swissmetro,0.19,Car,3
7282,811,0.18,0.72,0.1,swissmetro,0.58,Car,3
7283,811,0.12,0.74,0.14,swissmetro,0.61,Car,3
7284,811,0.16,0.81,0.03,swissmetro,0.71,Car,3
7285,811,0.11,0.76,0.13,swissmetro,0.64,Car,3
7286,811,0.17,0.74,0.09,swissmetro,0.61,Car,3
7287,811,0.07,0.72,0.21,swissmetro,0.58,Car,3
7288,811,0.09,0.65,0.26,swissmetro,0.47,Car,3
7289,811,0.15,0.69,0.16,swissmetro,0.54,Car,3
7290,812,0.07,0.92,0.01,swissmetro,0.88,Swissmetro,2
7291,812,0.08,0.92,0.0,swissmetro,0.88,Swissmetro,2
7292,812,0.09,0.81,0.1,swissmetro,0.72,Car,3
7293,812,0.12,0.82,0.06,swissmetro,0.72,Car,3
7294,812,0.06,0.93,0.01,swissmetro,0.89,Swissmetro,2
7295,812,0.1,0.88,0.02,swissmetro,0.81,Car,3
7296,812,0.06,0.92,0.02,swissmetro,0.89,Car,3
7297,812,0.14,0.85,0.01,swissmetro,0.77,Swissmetro,2
7298,812,0.07,0.91,0.02,swissmetro,0.87,Swissmetro,2
7299,813,0.12,0.69,0.19,swissmetro,0.54,Car,3
7300,813,0.07,0.82,0.11,swissmetro,0.74,Swissmetro,2
7301,813,0.08,0.8,0.12,swissmetro,0.71,Swissmetro,2
7302,813,0.06,0.78,0.16,swissmetro,0.66,Car,3
7303,813,0.05,0.81,0.14,swissmetro,0.71,Swissmetro,2
7304,813,0.05,0.85,0.1,swissmetro,0.78,Car,3
7305,813,0.05,0.7,0.25,swissmetro,0.55,Car,3
7306,813,0.01,0.73,0.26,swissmetro,0.6,Car,3
7307,813,0.03,0.87,0.1,swissmetro,0.8,Car,3
7308,814,0.03,0.84,0.13,swissmetro,0.77,Car,3
7309,814,0.05,0.88,0.07,swissmetro,0.82,Swissmetro,2
7310,814,0.14,0.78,0.08,swissmetro,0.67,Swissmetro,2
7311,814,0.13,0.76,0.11,swissmetro,0.64,Car,3
7312,814,0.04,0.85,0.11,swissmetro,0.78,Swissmetro,2
7313,814,0.12,0.77,0.11,swissmetro,0.66,Car,3
7314,814,0.03,0.66,0.31,swissmetro,0.49,Car,3
7315,814,0.05,0.82,0.13,swissmetro,0.74,Car,3
7316,814,0.07,0.7,0.23,swissmetro,0.54,Car,3
7317,815,0.06,0.39,0.55,car,0.33,Swissmetro,2
7318,815,0.06,0.86,0.08,swissmetro,0.8,Swissmetro,2
7319,815,0.07,0.34,0.59,car,0.38,Car,3
7320,815,0.14,0.39,0.47,car,0.21,Car,3
7321,815,0.02,0.91,0.07,swissmetro,0.87,Car,3
7322,815,0.04,0.78,0.18,swissmetro,0.67,Car,3
7323,815,0.06,0.39,0.55,car,0.32,Car,3
7324,815,0.27,0.64,0.09,swissmetro,0.47,Car,3
7325,815,0.02,0.78,0.2,swissmetro,0.68,Car,3
7326,816,0.01,0.87,0.12,swissmetro,0.79,Car,3
7327,816,0.05,0.92,0.03,swissmetro,0.88,Swissmetro,2
7328,816,0.01,0.5700000000000001,0.42,swissmetro,0.34,Car,3
7329,816,0.04,0.93,0.03,swissmetro,0.89,Swissmetro,2
7330,816,0.06,0.78,0.16,swissmetro,0.68,Swissmetro,2
7331,816,0.06,0.92,0.02,swissmetro,0.89,Swissmetro,2
7332,816,0.04,0.87,0.09,swissmetro,0.81,Car,3
7333,816,0.05,0.92,0.03,swissmetro,0.88,Swissmetro,2
7334,816,0.1,0.74,0.16,swissmetro,0.61,Car,3
7335,817,0.04,0.93,0.03,swissmetro,0.9,Swissmetro,2
7336,817,0.05,0.93,0.02,swissmetro,0.89,Swissmetro,2
7337,817,0.02,0.93,0.05,swissmetro,0.89,Car,3
7338,817,0.02,0.97,0.01,swissmetro,0.95,Swissmetro,2
7339,817,0.05,0.92,0.03,swissmetro,0.89,Swissmetro,2
7340,817,0.21,0.77,0.02,swissmetro,0.66,Swissmetro,2
7341,817,0.04,0.78,0.18,swissmetro,0.67,Swissmetro,2
7342,817,0.2,0.76,0.04,swissmetro,0.63,Swissmetro,2
7343,817,0.14,0.73,0.13,swissmetro,0.6,Swissmetro,2
7344,818,0.02,0.94,0.04,swissmetro,0.91,Swissmetro,2
7345,818,0.11,0.85,0.04,swissmetro,0.78,Swissmetro,2
7346,818,0.05,0.81,0.14,swissmetro,0.72,Car,3
7347,818,0.08,0.92,0.0,swissmetro,0.88,Swissmetro,2
7348,818,0.07,0.85,0.08,swissmetro,0.77,Swissmetro,2
7349,818,0.08,0.88,0.04,swissmetro,0.81,Swissmetro,2
7350,818,0.04,0.79,0.17,swissmetro,0.67,Swissmetro,2
7351,818,0.06,0.93,0.01,swissmetro,0.89,Swissmetro,2
7352,818,0.1,0.8,0.1,swissmetro,0.69,Swissmetro,2
7353,819,0.04,0.92,0.04,swissmetro,0.88,Swissmetro,2
7354,819,0.1,0.87,0.03,swissmetro,0.82,Swissmetro,2
7355,819,0.05,0.9,0.05,swissmetro,0.85,Swissmetro,2
7356,819,0.05,0.95,0.0,swissmetro,0.93,Swissmetro,2
7357,819,0.06,0.92,0.02,swissmetro,0.87,Swissmetro,2
7358,819,0.05,0.93,0.02,swissmetro,0.9,Swissmetro,2
7359,819,0.05,0.91,0.04,swissmetro,0.86,Swissmetro,2
7360,819,0.07,0.92,0.01,swissmetro,0.89,Swissmetro,2
7361,819,0.12,0.81,0.07,swissmetro,0.71,Swissmetro,2
7362,820,0.02,0.93,0.05,swissmetro,0.89,Car,3
7363,820,0.04,0.95,0.01,swissmetro,0.93,Swissmetro,2
7364,820,0.08,0.86,0.06,swissmetro,0.79,Swissmetro,2
7365,820,0.04,0.82,0.14,swissmetro,0.74,Car,3
7366,820,0.05,0.88,0.07,swissmetro,0.81,Swissmetro,2
7367,820,0.06,0.92,0.02,swissmetro,0.89,Swissmetro,2
7368,820,0.03,0.8,0.17,swissmetro,0.69,Car,3
7369,820,0.02,0.81,0.17,swissmetro,0.71,Swissmetro,2
7370,820,0.06,0.88,0.06,swissmetro,0.82,Swissmetro,2
7371,821,0.04,0.95,0.01,swissmetro,0.92,Swissmetro,2
7372,821,0.04,0.95,0.01,swissmetro,0.92,Swissmetro,2
7373,821,0.07,0.78,0.15,swissmetro,0.67,Car,3
7374,821,0.08,0.82,0.1,swissmetro,0.74,Swissmetro,2
7375,821,0.08,0.9,0.02,swissmetro,0.85,Swissmetro,2
7376,821,0.03,0.89,0.08,swissmetro,0.83,Swissmetro,2
7377,821,0.07,0.89,0.04,swissmetro,0.84,Swissmetro,2
7378,821,0.15,0.82,0.03,swissmetro,0.73,Car,3
7379,821,0.03,0.94,0.03,swissmetro,0.91,Swissmetro,2
7380,822,0.12,0.77,0.11,swissmetro,0.65,Car,3
7381,822,0.07,0.92,0.01,swissmetro,0.88,Car,3
7382,822,0.18,0.79,0.03,swissmetro,0.69,Car,3
7383,822,0.09,0.84,0.07,swissmetro,0.76,Car,3
7384,822,0.07,0.9,0.03,swissmetro,0.84,Car,3
7385,822,0.09,0.86,0.05,swissmetro,0.79,Car,3
7386,822,0.05,0.79,0.16,swissmetro,0.68,Car,3
7387,822,0.07,0.76,0.17,swissmetro,0.63,Car,3
7388,822,0.07,0.85,0.08,swissmetro,0.76,Car,3
7389,823,0.02,0.97,0.01,swissmetro,0.96,Swissmetro,2
7390,823,0.05,0.94,0.01,swissmetro,0.92,Swissmetro,2
7391,823,0.03,0.96,0.01,swissmetro,0.93,Swissmetro,2
7392,823,0.03,0.94,0.03,swissmetro,0.91,Car,3
7393,823,0.03,0.96,0.01,swissmetro,0.94,Swissmetro,2
7394,823,0.07,0.92,0.01,swissmetro,0.89,Swissmetro,2
7395,823,0.04,0.93,0.03,swissmetro,0.89,Car,3
7396,823,0.02,0.97,0.01,swissmetro,0.94,Swissmetro,2
7397,823,0.05,0.93,0.01,swissmetro,0.9,Swissmetro,2
7398,824,0.05,0.92,0.03,swissmetro,0.88,Car,3
7399,824,0.02,0.97,0.01,swissmetro,0.96,Swissmetro,2
7400,824,0.1,0.79,0.11,swissmetro,0.68,Car,3
7401,824,0.11,0.85,0.04,swissmetro,0.77,Car,3
7402,824,0.05,0.95,0.0,swissmetro,0.92,Swissmetro,2
7403,824,0.02,0.96,0.02,swissmetro,0.94,Swissmetro,2
7404,824,0.02,0.95,0.03,swissmetro,0.92,Car,3
7405,824,0.13,0.85,0.02,swissmetro,0.78,Train,1
7406,824,0.02,0.96,0.02,swissmetro,0.94,Swissmetro,2
7407,825,0.03,0.94,0.03,swissmetro,0.91,Swissmetro,2
7408,825,0.07,0.91,0.02,swissmetro,0.88,Swissmetro,2
7409,825,0.03,0.94,0.03,swissmetro,0.91,Car,3
7410,825,0.03,0.96,0.01,swissmetro,0.95,Swissmetro,2
7411,825,0.05,0.93,0.02,swissmetro,0.9,Car,3
7412,825,0.04,0.94,0.02,swissmetro,0.9,Swissmetro,2
7413,825,0.03,0.94,0.03,swissmetro,0.9,Swissmetro,2
7414,825,0.05,0.93,0.02,swissmetro,0.9,Swissmetro,2
7415,825,0.06,0.92,0.02,swissmetro,0.87,Swissmetro,2
7416,826,0.14,0.85,0.01,swissmetro,0.77,Swissmetro,2
7417,826,0.08,0.92,0.0,swissmetro,0.87,Swissmetro,2
7418,826,0.12,0.79,0.09,swissmetro,0.68,Swissmetro,2
7419,826,0.26,0.62,0.12,swissmetro,0.42,Car,3
7420,826,0.12,0.87,0.01,swissmetro,0.8,Swissmetro,2
7421,826,0.05,0.86,0.09,swissmetro,0.79,Swissmetro,2
7422,826,0.15,0.66,0.19,swissmetro,0.49,Car,3
7423,826,0.25,0.74,0.01,swissmetro,0.61,Swissmetro,2
7424,826,0.05,0.93,0.02,swissmetro,0.89,Car,3
7425,827,0.14,0.81,0.05,swissmetro,0.71,Car,3
7426,827,0.13,0.86,0.01,swissmetro,0.8,Swissmetro,2
7427,827,0.19,0.78,0.03,swissmetro,0.66,Swissmetro,2
7428,827,0.12,0.74,0.14,swissmetro,0.61,Car,3
7429,827,0.13,0.81,0.06,swissmetro,0.71,Swissmetro,2
7430,827,0.11,0.86,0.03,swissmetro,0.79,Car,3
7431,827,0.06,0.7,0.24,swissmetro,0.55,Car,3
7432,827,0.05,0.89,0.06,swissmetro,0.83,Swissmetro,2
7433,827,0.12,0.79,0.09,swissmetro,0.68,Car,3
7434,828,0.06,0.91,0.03,swissmetro,0.87,Swissmetro,2
7435,828,0.07,0.91,0.02,swissmetro,0.86,Swissmetro,2
7436,828,0.18,0.8,0.02,swissmetro,0.7,Swissmetro,2
7437,828,0.15,0.82,0.03,swissmetro,0.74,Car,3
7438,828,0.14,0.83,0.03,swissmetro,0.75,Swissmetro,2
7439,828,0.12,0.84,0.04,swissmetro,0.75,Car,3
7440,828,0.08,0.82,0.1,swissmetro,0.73,Car,3
7441,828,0.07,0.91,0.02,swissmetro,0.85,Car,3
7442,828,0.17,0.79,0.04,swissmetro,0.69,Swissmetro,2
7443,829,0.08,0.9,0.02,swissmetro,0.85,Swissmetro,2
7444,829,0.09,0.88,0.03,swissmetro,0.81,Swissmetro,2
7445,829,0.03,0.93,0.04,swissmetro,0.89,Car,3
7446,829,0.03,0.96,0.01,swissmetro,0.94,Swissmetro,2
7447,829,0.06,0.92,0.02,swissmetro,0.88,Car,3
7448,829,0.08,0.91,0.01,swissmetro,0.87,Swissmetro,2
7449,829,0.06,0.9,0.04,swissmetro,0.86,Swissmetro,2
7450,829,0.05,0.92,0.03,swissmetro,0.89,Swissmetro,2
7451,829,0.07,0.87,0.06,swissmetro,0.82,Swissmetro,2
7452,830,0.05,0.88,0.07,swissmetro,0.82,Swissmetro,2
7453,830,0.08,0.87,0.05,swissmetro,0.8,Swissmetro,2
7454,830,0.02,0.83,0.15,swissmetro,0.74,Swissmetro,2
7455,830,0.03,0.96,0.01,swissmetro,0.94,Swissmetro,2
7456,830,0.09,0.83,0.08,swissmetro,0.74,Swissmetro,2
7457,830,0.1,0.88,0.02,swissmetro,0.83,Swissmetro,2
7458,830,0.06,0.92,0.02,swissmetro,0.87,Swissmetro,2
7459,830,0.06,0.92,0.02,swissmetro,0.87,Swissmetro,2
7460,830,0.12,0.8,0.08,swissmetro,0.71,Swissmetro,2
7461,831,0.02,0.15,0.83,car,0.75,Swissmetro,2
7462,831,0.08,0.45,0.47,car,0.21,Swissmetro,2
7463,831,0.03,0.19,0.78,car,0.66,Swissmetro,2
7464,831,0.08,0.32,0.6,car,0.41,Car,3
7465,831,0.09,0.51,0.4,swissmetro,0.27,Swissmetro,2
7466,831,0.07,0.34,0.59,car,0.39,Swissmetro,2
7467,831,0.04,0.28,0.6799999999999999,car,0.53,Car,3
7468,831,0.22,0.47,0.31,swissmetro,0.2,Swissmetro,2
7469,831,0.06,0.4,0.54,car,0.31,Car,3
7470,832,0.04,0.45,0.51,car,0.28,Swissmetro,2
7471,832,0.19,0.53,0.28,swissmetro,0.29,Swissmetro,2
7472,832,0.07,0.48,0.45,swissmetro,0.22,Car,3
7473,832,0.09,0.78,0.13,swissmetro,0.67,Swissmetro,2
7474,832,0.18,0.47000000000000003,0.35,swissmetro,0.19,Swissmetro,2
7475,832,0.22,0.61,0.17,swissmetro,0.42,Swissmetro,2
7476,832,0.09,0.35,0.56,car,0.33,Swissmetro,2
7477,832,0.16,0.67,0.17,swissmetro,0.51,Swissmetro,2
7478,832,0.2,0.24,0.5599999999999999,car,0.35,Swissmetro,2
7479,833,0.07,0.7,0.23,swissmetro,0.55,Car,3
7480,833,0.11,0.85,0.04,swissmetro,0.78,Swissmetro,2
7481,833,0.1,0.5,0.4,swissmetro,0.26,Car,3
7482,833,0.11,0.52,0.37,swissmetro,0.28,Swissmetro,2
7483,833,0.05,0.82,0.13,swissmetro,0.73,Swissmetro,2
7484,833,0.04,0.83,0.13,swissmetro,0.74,Car,3
7485,833,0.05,0.77,0.18,swissmetro,0.65,Car,3
7486,833,0.14,0.76,0.1,swissmetro,0.64,Swissmetro,2
7487,833,0.05,0.79,0.16,swissmetro,0.69,Car,3
7488,834,0.18,0.29,0.53,car,0.28,Car,3
7489,834,0.12,0.6,0.28,swissmetro,0.4,Swissmetro,2
7490,834,0.18,0.46,0.36,swissmetro,0.2,Swissmetro,2
7491,834,0.15,0.54,0.31,swissmetro,0.32,Car,3
7492,834,0.13,0.49,0.38,swissmetro,0.22,Swissmetro,2
7493,834,0.16,0.44,0.4,swissmetro,0.15,Car,3
7494,834,0.03,0.39,0.58,car,0.36,Car,3
7495,834,0.11,0.61,0.28,swissmetro,0.42,Car,3
7496,834,0.13,0.61,0.26,swissmetro,0.43,Car,3
7497,835,0.1,0.74,0.16,swissmetro,0.6,Car,3
7498,835,0.08,0.89,0.03,swissmetro,0.83,Car,3
7499,835,0.11,0.59,0.3,swissmetro,0.39,Car,3
7500,835,0.28,0.27,0.45,car,0.18,Car,3
7501,835,0.06,0.8,0.14,swissmetro,0.69,Car,3
7502,835,0.08,0.66,0.26,swissmetro,0.5,Car,3
7503,835,0.1,0.37,0.53,car,0.29,Car,3
7504,835,0.26,0.48,0.26,swissmetro,0.23,Car,3
7505,835,0.06,0.71,0.23,swissmetro,0.56,Car,3
7506,836,0.02,0.95,0.03,swissmetro,0.94,Car,3
7507,836,0.08,0.91,0.01,swissmetro,0.86,Car,3
7508,836,0.11,0.71,0.18,swissmetro,0.57,Car,3
7509,836,0.12,0.54,0.34,swissmetro,0.31,Car,3
7510,836,0.06,0.86,0.08,swissmetro,0.79,Car,3
7511,836,0.04,0.8,0.16,swissmetro,0.69,Car,3
7512,836,0.04,0.68,0.28,swissmetro,0.52,Car,3
7513,836,0.17,0.77,0.06,swissmetro,0.66,Car,3
7514,836,0.05,0.78,0.17,swissmetro,0.68,Car,3
7515,837,0.02,0.84,0.14,swissmetro,0.77,Swissmetro,2
7516,837,0.1,0.84,0.06,swissmetro,0.76,Swissmetro,2
7517,837,0.04,0.8,0.16,swissmetro,0.69,Car,3
7518,837,0.04,0.95,0.01,swissmetro,0.93,Swissmetro,2
7519,837,0.06,0.84,0.1,swissmetro,0.76,Car,3
7520,837,0.11,0.86,0.03,swissmetro,0.79,Swissmetro,2
7521,837,0.04,0.92,0.04,swissmetro,0.89,Car,3
7522,837,0.06,0.89,0.05,swissmetro,0.84,Swissmetro,2
7523,837,0.17,0.69,0.14,swissmetro,0.55,Car,3
7524,838,0.1,0.88,0.02,swissmetro,0.82,Car,3
7525,838,0.08,0.91,0.01,swissmetro,0.86,Swissmetro,2
7526,838,0.14,0.84,0.02,swissmetro,0.76,Swissmetro,2
7527,838,0.22,0.72,0.06,swissmetro,0.58,Swissmetro,2
7528,838,0.09,0.85,0.06,swissmetro,0.78,Swissmetro,2
7529,838,0.16,0.77,0.07,swissmetro,0.66,Swissmetro,2
7530,838,0.1,0.78,0.12,swissmetro,0.67,Swissmetro,2
7531,838,0.07,0.77,0.16,swissmetro,0.66,Swissmetro,2
7532,838,0.37,0.51,0.12,swissmetro,0.26,Swissmetro,2
7533,839,0.29,0.46,0.25,swissmetro,0.19,Swissmetro,2
7534,839,0.28,0.62,0.1,swissmetro,0.43,Swissmetro,2
7535,839,0.26,0.61,0.13,swissmetro,0.41,Swissmetro,2
7536,839,0.15,0.52,0.33,swissmetro,0.28,Car,3
7537,839,0.18,0.75,0.07,swissmetro,0.63,Swissmetro,2
7538,839,0.18,0.6,0.22,swissmetro,0.39,Car,3
7539,839,0.11,0.62,0.27,swissmetro,0.43,Car,3
7540,839,0.21,0.61,0.18,swissmetro,0.4,Car,3
7541,839,0.18,0.67,0.15,swissmetro,0.5,Swissmetro,2
7542,840,0.02,0.86,0.12,swissmetro,0.79,Swissmetro,2
7543,840,0.06,0.91,0.03,swissmetro,0.86,Swissmetro,2
7544,840,0.01,0.88,0.11,swissmetro,0.82,Swissmetro,2
7545,840,0.03,0.95,0.02,swissmetro,0.91,Swissmetro,2
7546,840,0.04,0.82,0.14,swissmetro,0.73,Car,3
7547,840,0.06,0.9,0.04,swissmetro,0.86,Swissmetro,2
7548,840,0.06,0.85,0.09,swissmetro,0.78,Car,3
7549,840,0.05,0.89,0.06,swissmetro,0.83,Swissmetro,2
7550,840,0.06,0.68,0.26,swissmetro,0.52,Car,3
7551,841,0.03,0.84,0.13,swissmetro,0.75,Swissmetro,2
7552,841,0.07,0.85,0.08,swissmetro,0.78,Swissmetro,2
7553,841,0.08,0.83,0.09,swissmetro,0.74,Swissmetro,2
7554,841,0.05,0.84,0.11,swissmetro,0.75,Car,3
7555,841,0.05,0.87,0.08,swissmetro,0.81,Swissmetro,2
7556,841,0.1,0.76,0.14,swissmetro,0.64,Car,3
7557,841,0.04,0.67,0.29,swissmetro,0.51,Car,3
7558,841,0.04,0.78,0.18,swissmetro,0.66,Car,3
7559,841,0.09,0.77,0.14,swissmetro,0.64,Car,3
7560,842,0.07,0.81,0.12,swissmetro,0.71,Swissmetro,2
7561,842,0.06,0.84,0.1,swissmetro,0.77,Swissmetro,2
7562,842,0.09,0.83,0.08,swissmetro,0.74,Swissmetro,2
7563,842,0.08,0.8099999999999999,0.11,swissmetro,0.73,Swissmetro,2
7564,842,0.08,0.83,0.09,swissmetro,0.75,Swissmetro,2
7565,842,0.12,0.74,0.14,swissmetro,0.62,Car,3
7566,842,0.02,0.68,0.3,swissmetro,0.52,Car,3
7567,842,0.03,0.6,0.37,swissmetro,0.4,Swissmetro,2
7568,842,0.03,0.8,0.17,swissmetro,0.69,Car,3
7569,843,0.03,0.88,0.09,swissmetro,0.82,Car,3
7570,843,0.06,0.9,0.04,swissmetro,0.86,Train,1
7571,843,0.07,0.86,0.07,swissmetro,0.79,Car,3
7572,843,0.05,0.86,0.09,swissmetro,0.78,Train,1
7573,843,0.03,0.91,0.06,swissmetro,0.87,Train,1
7574,843,0.09,0.84,0.07,swissmetro,0.76,Swissmetro,2
7575,843,0.03,0.8,0.17,swissmetro,0.7,Car,3
7576,843,0.04,0.76,0.2,swissmetro,0.65,Car,3
7577,843,0.08,0.79,0.13,swissmetro,0.68,Train,1
7578,844,0.09,0.8,0.11,swissmetro,0.7,Swissmetro,2
7579,844,0.1,0.88,0.02,swissmetro,0.83,Swissmetro,2
7580,844,0.17,0.62,0.21,swissmetro,0.43,Swissmetro,2
7581,844,0.24,0.5,0.26,swissmetro,0.25,Swissmetro,2
7582,844,0.1,0.8,0.1,swissmetro,0.7,Swissmetro,2
7583,844,0.02,0.85,0.13,swissmetro,0.77,Swissmetro,2
7584,844,0.08,0.61,0.31,swissmetro,0.42,Swissmetro,2
7585,844,0.44,0.47,0.09,swissmetro,0.2,Swissmetro,2
7586,844,0.05,0.73,0.22,swissmetro,0.59,Swissmetro,2
7587,845,0.07,0.86,0.07,swissmetro,0.79,Car,3
7588,845,0.07,0.88,0.05,swissmetro,0.83,Swissmetro,2
7589,845,0.11,0.83,0.06,swissmetro,0.74,Car,3
7590,845,0.16,0.52,0.32,swissmetro,0.29,Swissmetro,2
7591,845,0.22,0.65,0.13,swissmetro,0.48,Swissmetro,2
7592,845,0.1,0.7,0.2,swissmetro,0.56,Swissmetro,2
7593,845,0.05,0.52,0.43,swissmetro,0.28,Car,3
7594,845,0.09,0.66,0.25,swissmetro,0.48,Car,3
7595,845,0.19,0.66,0.15,swissmetro,0.48,Car,3
7596,846,0.14,0.73,0.13,swissmetro,0.6,Swissmetro,2
7597,846,0.17,0.81,0.02,swissmetro,0.71,Swissmetro,2
7598,846,0.15,0.55,0.3,swissmetro,0.33,Car,3
7599,846,0.14,0.24,0.62,car,0.44,Car,3
7600,846,0.15,0.63,0.22,swissmetro,0.45,Car,3
7601,846,0.16,0.52,0.32,swissmetro,0.29,Car,3
7602,846,0.06,0.26,0.68,car,0.52,Car,3
7603,846,0.13,0.71,0.16,swissmetro,0.57,Swissmetro,2
7604,846,0.03,0.61,0.36,swissmetro,0.41,Car,3
7605,847,0.04,0.64,0.32,swissmetro,0.46,Car,3
7606,847,0.08,0.71,0.21,swissmetro,0.55,Swissmetro,2
7607,847,0.04,0.72,0.24,swissmetro,0.58,Car,3
7608,847,0.05,0.86,0.09,swissmetro,0.78,Swissmetro,2
7609,847,0.05,0.52,0.43,swissmetro,0.28,Car,3
7610,847,0.12,0.74,0.14,swissmetro,0.62,Swissmetro,2
7611,847,0.06,0.7,0.24,swissmetro,0.54,Car,3
7612,847,0.08,0.72,0.2,swissmetro,0.58,Car,3
7613,847,0.05,0.62,0.33,swissmetro,0.42,Car,3
7614,848,0.03,0.91,0.06,swissmetro,0.87,Swissmetro,2
7615,848,0.02,0.97,0.01,swissmetro,0.94,Swissmetro,2
7616,848,0.01,0.9,0.09,swissmetro,0.84,Swissmetro,2
7617,848,0.05,0.87,0.08,swissmetro,0.81,Car,3
7618,848,0.08,0.88,0.04,swissmetro,0.82,Swissmetro,2
7619,848,0.04,0.91,0.05,swissmetro,0.87,Car,3
7620,848,0.09,0.73,0.18,swissmetro,0.59,Car,3
7621,848,0.12,0.82,0.06,swissmetro,0.73,Car,3
7622,848,0.02,0.89,0.09,swissmetro,0.85,Car,3
7623,849,0.09,0.82,0.09,swissmetro,0.74,Car,3
7624,849,0.08,0.86,0.06,swissmetro,0.78,Swissmetro,2
7625,849,0.07,0.87,0.06,swissmetro,0.82,Swissmetro,2
7626,849,0.06,0.84,0.1,swissmetro,0.76,Car,3
7627,849,0.06,0.75,0.19,swissmetro,0.64,Swissmetro,2
7628,849,0.07,0.84,0.09,swissmetro,0.76,Car,3
7629,849,0.05,0.75,0.2,swissmetro,0.63,Car,3
7630,849,0.06,0.76,0.18,swissmetro,0.63,Car,3
7631,849,0.12,0.69,0.19,swissmetro,0.54,Car,3
7632,850,0.07,0.71,0.22,swissmetro,0.57,Car,3
7633,850,0.13,0.72,0.15,swissmetro,0.58,Car,3
7634,850,0.04,0.53,0.43,swissmetro,0.29,Car,3
7635,850,0.06,0.89,0.05,swissmetro,0.84,Car,3
7636,850,0.15,0.42,0.43,car,0.15,Car,3
7637,850,0.18,0.67,0.15,swissmetro,0.51,Car,3
7638,850,0.1,0.74,0.16,swissmetro,0.6,Car,3
7639,850,0.12,0.77,0.11,swissmetro,0.65,Car,3
7640,850,0.22,0.5700000000000001,0.21,swissmetro,0.34,Car,3
7641,851,0.07,0.91,0.02,swissmetro,0.87,Swissmetro,2
7642,851,0.04,0.91,0.05,swissmetro,0.87,Swissmetro,2
7643,851,0.08,0.89,0.03,swissmetro,0.84,Swissmetro,2
7644,851,0.08,0.84,0.08,swissmetro,0.76,Car,3
7645,851,0.1,0.85,0.05,swissmetro,0.77,Swissmetro,2
7646,851,0.09,0.8200000000000001,0.09,swissmetro,0.72,Car,3
7647,851,0.04,0.8,0.16,swissmetro,0.7,Car,3
7648,851,0.03,0.84,0.13,swissmetro,0.77,Car,3
7649,851,0.05,0.88,0.07,swissmetro,0.81,Car,3
7650,852,0.03,0.94,0.03,swissmetro,0.91,Car,3
7651,852,0.05,0.92,0.03,swissmetro,0.88,Swissmetro,2
7652,852,0.06,0.89,0.05,swissmetro,0.84,Swissmetro,2
7653,852,0.05,0.9,0.05,swissmetro,0.86,Car,3
7654,852,0.05,0.9,0.05,swissmetro,0.85,Swissmetro,2
7655,852,0.06,0.89,0.05,swissmetro,0.83,Car,3
7656,852,0.03,0.8099999999999999,0.16,swissmetro,0.72,Car,3
7657,852,0.03,0.8,0.17,swissmetro,0.7,Car,3
7658,852,0.06,0.89,0.05,swissmetro,0.85,Car,3
7659,853,0.02,0.96,0.02,swissmetro,0.94,Car,3
7660,853,0.08,0.91,0.01,swissmetro,0.88,Swissmetro,2
7661,853,0.08,0.81,0.1,swissmetro,0.72,Car,3
7662,853,0.13,0.75,0.12,swissmetro,0.64,Car,3
7663,853,0.05,0.91,0.04,swissmetro,0.87,Swissmetro,2
7664,853,0.03,0.92,0.05,swissmetro,0.89,Car,3
7665,853,0.08,0.84,0.08,swissmetro,0.76,Car,3
7666,853,0.24,0.71,0.05,swissmetro,0.57,Car,3
7667,853,0.04,0.92,0.04,swissmetro,0.88,Car,3
7668,854,0.01,0.94,0.05,swissmetro,0.91,Car,3
7669,854,0.06,0.91,0.03,swissmetro,0.87,Swissmetro,2
7670,854,0.01,0.91,0.08,swissmetro,0.87,Car,3
7671,854,0.03,0.96,0.01,swissmetro,0.94,Swissmetro,2
7672,854,0.03,0.88,0.09,swissmetro,0.82,Car,3
7673,854,0.04,0.9299999999999999,0.03,swissmetro,0.9,Swissmetro,2
7674,854,0.03,0.93,0.04,swissmetro,0.89,Car,3
7675,854,0.04,0.92,0.04,swissmetro,0.88,Swissmetro,2
7676,854,0.09,0.83,0.08,swissmetro,0.75,Car,3
7677,855,0.01,0.93,0.06,swissmetro,0.89,Car,3
7678,855,0.13,0.84,0.03,swissmetro,0.76,Swissmetro,2
7679,855,0.05,0.75,0.2,swissmetro,0.62,Car,3
7680,855,0.1,0.87,0.03,swissmetro,0.81,Swissmetro,2
7681,855,0.03,0.61,0.36,swissmetro,0.42,Swissmetro,2
7682,855,0.08,0.83,0.09,swissmetro,0.75,Train,1
7683,855,0.04,0.88,0.08,swissmetro,0.83,Car,3
7684,855,0.08,0.84,0.08,swissmetro,0.76,Swissmetro,2
7685,855,0.02,0.83,0.15,swissmetro,0.74,Car,3
7686,856,0.01,0.84,0.15,swissmetro,0.76,Swissmetro,2
7687,856,0.05,0.85,0.1,swissmetro,0.78,Swissmetro,2
7688,856,0.01,0.66,0.33,swissmetro,0.48,Car,3
7689,856,0.02,0.96,0.02,swissmetro,0.93,Swissmetro,2
7690,856,0.03,0.83,0.14,swissmetro,0.74,Swissmetro,2
7691,856,0.04,0.91,0.05,swissmetro,0.86,Swissmetro,2
7692,856,0.03,0.93,0.04,swissmetro,0.9,Swissmetro,2
7693,856,0.04,0.92,0.04,swissmetro,0.89,Swissmetro,2
7694,856,0.04,0.72,0.24,swissmetro,0.58,Swissmetro,2
7695,857,0.02,0.93,0.05,swissmetro,0.89,Swissmetro,2
7696,857,0.04,0.95,0.01,swissmetro,0.93,Swissmetro,2
7697,857,0.01,0.95,0.04,swissmetro,0.91,Swissmetro,2
7698,857,0.01,0.98,0.01,swissmetro,0.98,Swissmetro,2
7699,857,0.03,0.95,0.02,swissmetro,0.92,Swissmetro,2
7700,857,0.12,0.88,0.0,swissmetro,0.81,Swissmetro,2
7701,857,0.05,0.94,0.01,swissmetro,0.91,Swissmetro,2
7702,857,0.05,0.93,0.02,swissmetro,0.89,Swissmetro,2
7703,857,0.15,0.8099999999999999,0.04,swissmetro,0.72,Swissmetro,2
7704,858,0.14,0.77,0.09,swissmetro,0.66,Car,3
7705,858,0.09,0.87,0.04,swissmetro,0.81,Car,3
7706,858,0.15,0.75,0.1,swissmetro,0.63,Swissmetro,2
7707,858,0.12,0.53,0.35,swissmetro,0.3,Car,3
7708,858,0.08,0.76,0.16,swissmetro,0.64,Swissmetro,2
7709,858,0.05,0.7,0.25,swissmetro,0.54,Car,3
7710,858,0.05,0.49,0.46,swissmetro,0.23,Car,3
7711,858,0.03,0.47,0.5,car,0.25,Car,3
7712,858,0.13,0.66,0.21,swissmetro,0.49,Car,3
7713,859,0.06,0.7,0.24,swissmetro,0.54,Car,3
7714,859,0.19,0.7,0.11,swissmetro,0.56,Car,3
7715,859,0.11,0.57,0.32,swissmetro,0.36,Car,3
7716,859,0.13,0.84,0.03,swissmetro,0.77,Car,3
7717,859,0.16,0.64,0.2,swissmetro,0.47,Car,3
7718,859,0.15,0.74,0.11,swissmetro,0.61,Car,3
7719,859,0.16,0.7,0.14,swissmetro,0.55,Car,3
7720,859,0.08,0.77,0.15,swissmetro,0.65,Car,3
7721,859,0.08,0.68,0.23,swissmetro,0.53,Car,3
7722,860,0.03,0.95,0.02,swissmetro,0.92,Swissmetro,2
7723,860,0.03,0.96,0.01,swissmetro,0.95,Swissmetro,2
7724,860,0.02,0.8,0.18,swissmetro,0.69,Car,3
7725,860,0.06,0.85,0.09,swissmetro,0.78,Car,3
7726,860,0.04,0.93,0.03,swissmetro,0.89,Swissmetro,2
7727,860,0.04,0.91,0.05,swissmetro,0.87,Swissmetro,2
7728,860,0.04,0.86,0.1,swissmetro,0.8,Car,3
7729,860,0.06,0.85,0.09,swissmetro,0.77,Swissmetro,2
7730,860,0.01,0.93,0.06,swissmetro,0.89,Swissmetro,2
7731,861,0.04,0.85,0.11,swissmetro,0.77,Car,3
7732,861,0.04,0.89,0.07,swissmetro,0.84,Swissmetro,2
7733,861,0.03,0.78,0.19,swissmetro,0.67,Car,3
7734,861,0.04,0.81,0.15,swissmetro,0.71,Car,3
7735,861,0.05,0.88,0.07,swissmetro,0.83,Swissmetro,2
7736,861,0.03,0.9,0.07,swissmetro,0.86,Car,3
7737,861,0.05,0.75,0.2,swissmetro,0.62,Car,3
7738,861,0.11,0.79,0.1,swissmetro,0.69,Car,3
7739,861,0.02,0.92,0.06,swissmetro,0.88,Car,3
7740,862,0.03,0.88,0.09,swissmetro,0.83,Car,3
7741,862,0.04,0.87,0.09,swissmetro,0.81,Swissmetro,2
7742,862,0.05,0.84,0.11,swissmetro,0.77,Swissmetro,2
7743,862,0.04,0.74,0.22,swissmetro,0.6,Car,3
7744,862,0.03,0.88,0.09,swissmetro,0.82,Swissmetro,2
7745,862,0.03,0.83,0.14,swissmetro,0.73,Car,3
7746,862,0.01,0.76,0.23,swissmetro,0.64,Car,3
7747,862,0.02,0.67,0.31,swissmetro,0.49,Car,3
7748,862,0.02,0.84,0.14,swissmetro,0.76,Swissmetro,2
7749,863,0.09,0.88,0.03,swissmetro,0.82,Swissmetro,2
7750,863,0.06,0.88,0.06,swissmetro,0.82,Swissmetro,2
7751,863,0.04,0.9,0.06,swissmetro,0.85,Swissmetro,2
7752,863,0.11,0.79,0.1,swissmetro,0.69,Car,3
7753,863,0.06,0.89,0.05,swissmetro,0.85,Swissmetro,2
7754,863,0.08,0.85,0.07,swissmetro,0.78,Swissmetro,2
7755,863,0.12,0.81,0.07,swissmetro,0.71,Car,3
7756,863,0.09,0.86,0.05,swissmetro,0.79,Swissmetro,2
7757,863,0.04,0.91,0.05,swissmetro,0.88,Car,3
7758,864,0.03,0.82,0.15,swissmetro,0.74,Car,3
7759,864,0.04,0.87,0.09,swissmetro,0.8,Car,3
7760,864,0.16,0.68,0.16,swissmetro,0.52,Swissmetro,2
7761,864,0.1,0.52,0.38,swissmetro,0.28,Car,3
7762,864,0.05,0.81,0.14,swissmetro,0.72,Swissmetro,2
7763,864,0.06,0.71,0.23,swissmetro,0.57,Car,3
7764,864,0.04,0.64,0.32,swissmetro,0.45,Car,3
7765,864,0.06,0.6,0.34,swissmetro,0.39,Car,3
7766,864,0.08,0.71,0.21,swissmetro,0.56,Car,3
7767,865,0.04,0.95,0.01,swissmetro,0.92,Swissmetro,2
7768,865,0.07,0.92,0.01,swissmetro,0.88,Swissmetro,2
7769,865,0.1,0.83,0.07,swissmetro,0.73,Swissmetro,2
7770,865,0.08,0.79,0.13,swissmetro,0.68,Car,3
7771,865,0.12,0.86,0.02,swissmetro,0.78,Swissmetro,2
7772,865,0.1,0.85,0.05,swissmetro,0.77,Swissmetro,2
7773,865,0.05,0.89,0.06,swissmetro,0.83,Car,3
7774,865,0.21,0.74,0.05,swissmetro,0.61,Car,3
7775,865,0.06,0.86,0.08,swissmetro,0.79,Car,3
7776,866,0.16,0.55,0.29,swissmetro,0.33,Car,3
7777,866,0.1,0.8,0.1,swissmetro,0.7,Car,3
7778,866,0.25,0.64,0.11,swissmetro,0.45,Car,3
7779,866,0.21,0.53,0.26,swissmetro,0.29,Car,3
7780,866,0.27,0.63,0.1,swissmetro,0.45,Car,3
7781,866,0.09,0.71,0.2,swissmetro,0.56,Car,3
7782,866,0.07,0.72,0.21,swissmetro,0.58,Car,3
7783,866,0.04,0.73,0.23,swissmetro,0.6,Car,3
7784,866,0.16,0.65,0.19,swissmetro,0.48,Car,3
7785,867,0.02,0.75,0.23,swissmetro,0.62,Swissmetro,2
7786,867,0.03,0.77,0.2,swissmetro,0.66,Swissmetro,2
7787,867,0.01,0.49,0.5,car,0.25,Swissmetro,2
7788,867,0.04,0.87,0.09,swissmetro,0.79,Swissmetro,2
7789,867,0.03,0.6,0.37,swissmetro,0.4,Swissmetro,2
7790,867,0.04,0.79,0.17,swissmetro,0.68,Swissmetro,2
7791,867,0.08,0.58,0.34,swissmetro,0.37,Car,3
7792,867,0.04,0.8,0.16,swissmetro,0.69,Swissmetro,2
7793,867,0.03,0.64,0.33,swissmetro,0.47,Car,3
7794,868,0.02,0.95,0.03,swissmetro,0.92,Swissmetro,2
7795,868,0.02,0.97,0.01,swissmetro,0.96,Swissmetro,2
7796,868,0.01,0.95,0.04,swissmetro,0.93,Car,3
7797,868,0.01,0.98,0.01,swissmetro,0.97,Swissmetro,2
7798,868,0.02,0.93,0.04,swissmetro,0.9,Swissmetro,2
7799,868,0.04,0.94,0.02,swissmetro,0.92,Swissmetro,2
7800,868,0.06,0.92,0.02,swissmetro,0.87,Car,3
7801,868,0.09,0.89,0.02,swissmetro,0.84,Swissmetro,2
7802,868,0.06,0.82,0.12,swissmetro,0.73,Car,3
7803,869,0.05,0.9,0.05,swissmetro,0.84,Swissmetro,2
7804,869,0.06,0.9,0.04,swissmetro,0.85,Swissmetro,2
7805,869,0.02,0.85,0.13,swissmetro,0.77,Car,3
7806,869,0.03,0.95,0.02,swissmetro,0.93,Swissmetro,2
7807,869,0.02,0.82,0.16,swissmetro,0.73,Car,3
7808,869,0.06,0.9,0.04,swissmetro,0.86,Swissmetro,2
7809,869,0.05,0.9,0.05,swissmetro,0.85,Car,3
7810,869,0.04,0.94,0.02,swissmetro,0.91,Swissmetro,2
7811,869,0.05,0.7,0.25,swissmetro,0.55,Car,3
7812,870,0.06,0.8,0.14,swissmetro,0.7,Car,3
7813,870,0.04,0.93,0.02,swissmetro,0.9,Swissmetro,2
7814,870,0.1,0.82,0.08,swissmetro,0.73,Swissmetro,2
7815,870,0.1,0.59,0.31,swissmetro,0.37,Car,3
7816,870,0.09,0.73,0.18,swissmetro,0.59,Swissmetro,2
7817,870,0.09,0.73,0.18,swissmetro,0.6,Car,3
7818,870,0.07,0.58,0.35,swissmetro,0.37,Car,3
7819,870,0.07,0.64,0.29,swissmetro,0.45,Car,3
7820,870,0.05,0.84,0.11,swissmetro,0.76,Swissmetro,2
7821,871,0.01,0.97,0.02,swissmetro,0.95,Swissmetro,2
7822,871,0.02,0.96,0.02,swissmetro,0.94,Swissmetro,2
7823,871,0.01,0.95,0.04,swissmetro,0.92,Swissmetro,2
7824,871,0.01,0.98,0.01,swissmetro,0.97,Swissmetro,2
7825,871,0.02,0.91,0.07,swissmetro,0.87,Swissmetro,2
7826,871,0.02,0.97,0.01,swissmetro,0.94,Swissmetro,2
7827,871,0.04,0.88,0.08,swissmetro,0.83,Swissmetro,2
7828,871,0.02,0.95,0.03,swissmetro,0.92,Swissmetro,2
7829,871,0.04,0.82,0.14,swissmetro,0.73,Swissmetro,2
7830,872,0.06,0.9,0.04,swissmetro,0.85,Car,3
7831,872,0.04,0.95,0.01,swissmetro,0.93,Swissmetro,2
7832,872,0.04,0.87,0.09,swissmetro,0.81,Car,3
7833,872,0.12,0.7,0.18,swissmetro,0.55,Car,3
7834,872,0.08,0.87,0.05,swissmetro,0.8,Swissmetro,2
7835,872,0.05,0.87,0.08,swissmetro,0.8,Car,3
7836,872,0.05,0.82,0.13,swissmetro,0.73,Car,3
7837,872,0.24,0.69,0.07,swissmetro,0.54,Car,3
7838,872,0.08,0.82,0.1,swissmetro,0.73,Car,3
7839,873,0.1,0.5,0.4,swissmetro,0.25,Car,3
7840,873,0.09,0.74,0.17,swissmetro,0.61,Swissmetro,2
7841,873,0.11,0.38,0.51,car,0.26,Car,3
7842,873,0.14,0.35,0.51,car,0.27,Car,3
7843,873,0.04,0.71,0.25,swissmetro,0.57,Car,3
7844,873,0.1,0.59,0.31,swissmetro,0.4,Car,3
7845,873,0.14,0.39,0.47,car,0.2,Car,3
7846,873,0.26,0.3,0.44,car,0.17,Car,3
7847,873,0.04,0.65,0.31,swissmetro,0.49,Car,3
7848,874,0.02,0.81,0.16,swissmetro,0.72,Car,3
7849,874,0.11,0.81,0.08,swissmetro,0.7,Swissmetro,2
7850,874,0.03,0.71,0.26,swissmetro,0.56,Car,3
7851,874,0.11,0.84,0.05,swissmetro,0.77,Swissmetro,2
7852,874,0.11,0.51,0.38,swissmetro,0.27,Car,3
7853,874,0.21,0.69,0.1,swissmetro,0.54,Swissmetro,2
7854,874,0.12,0.75,0.13,swissmetro,0.62,Swissmetro,2
7855,874,0.21,0.63,0.16,swissmetro,0.44,Swissmetro,2
7856,874,0.3,0.36,0.34,swissmetro,0.03,Swissmetro,2
7857,875,0.13,0.84,0.03,swissmetro,0.76,Car,3
7858,875,0.09,0.89,0.02,swissmetro,0.83,Swissmetro,2
7859,875,0.11,0.86,0.03,swissmetro,0.79,Swissmetro,2
7860,875,0.16,0.74,0.1,swissmetro,0.61,Car,3
7861,875,0.06,0.88,0.06,swissmetro,0.83,Swissmetro,2
7862,875,0.04,0.9,0.06,swissmetro,0.86,Car,3
7863,875,0.04,0.84,0.12,swissmetro,0.76,Car,3
7864,875,0.03,0.84,0.13,swissmetro,0.76,Car,3
7865,875,0.15,0.76,0.09,swissmetro,0.64,Car,3
7866,876,0.02,0.91,0.07,swissmetro,0.87,Car,3
7867,876,0.03,0.94,0.03,swissmetro,0.91,Swissmetro,2
7868,876,0.03,0.92,0.05,swissmetro,0.88,Swissmetro,2
7869,876,0.06,0.86,0.08,swissmetro,0.79,Car,3
7870,876,0.02,0.91,0.07,swissmetro,0.86,Swissmetro,2
7871,876,0.05,0.91,0.04,swissmetro,0.87,Car,3
7872,876,0.04,0.83,0.13,swissmetro,0.75,Car,3
7873,876,0.03,0.87,0.1,swissmetro,0.8,Car,3
7874,876,0.08,0.85,0.07,swissmetro,0.76,Car,3
7875,877,0.09,0.61,0.3,swissmetro,0.4,Car,3
7876,877,0.21,0.49,0.3,swissmetro,0.23,Swissmetro,2
7877,877,0.07,0.43,0.5,car,0.25,Car,3
7878,877,0.07,0.71,0.22,swissmetro,0.58,Swissmetro,2
7879,877,0.12,0.57,0.31,swissmetro,0.35,Car,3
7880,877,0.22,0.48,0.3,swissmetro,0.21,Swissmetro,2
7881,877,0.09,0.53,0.38,swissmetro,0.29,Car,3
7882,877,0.14,0.45,0.41,swissmetro,0.17,Car,3
7883,877,0.09,0.41,0.5,car,0.25,Car,3
7884,878,0.03,0.91,0.06,swissmetro,0.86,Swissmetro,2
7885,878,0.04,0.92,0.04,swissmetro,0.88,Swissmetro,2
7886,878,0.05,0.9,0.05,swissmetro,0.85,Swissmetro,2
7887,878,0.11,0.81,0.08,swissmetro,0.71,Car,3
7888,878,0.1,0.83,0.07,swissmetro,0.74,Swissmetro,2
7889,878,0.07,0.83,0.1,swissmetro,0.75,Car,3
7890,878,0.06,0.74,0.2,swissmetro,0.61,Car,3
7891,878,0.04,0.76,0.2,swissmetro,0.65,Car,3
7892,878,0.1,0.79,0.11,swissmetro,0.68,Swissmetro,2
7893,879,0.02,0.94,0.04,swissmetro,0.91,Swissmetro,2
7894,879,0.09,0.85,0.06,swissmetro,0.76,Swissmetro,2
7895,879,0.05,0.84,0.11,swissmetro,0.77,Swissmetro,2
7896,879,0.05,0.93,0.02,swissmetro,0.9,Swissmetro,2
7897,879,0.06,0.86,0.08,swissmetro,0.79,Swissmetro,2
7898,879,0.1,0.87,0.03,swissmetro,0.8,Swissmetro,2
7899,879,0.06,0.86,0.08,swissmetro,0.79,Swissmetro,2
7900,879,0.1,0.84,0.06,swissmetro,0.76,Swissmetro,2
7901,879,0.1,0.68,0.22,swissmetro,0.52,Swissmetro,2
7902,880,0.02,0.9,0.08,swissmetro,0.85,Swissmetro,2
7903,880,0.07,0.88,0.05,swissmetro,0.82,Swissmetro,2
7904,880,0.02,0.88,0.1,swissmetro,0.82,Car,3
7905,880,0.03,0.96,0.01,swissmetro,0.93,Swissmetro,2
7906,880,0.05,0.8,0.14,swissmetro,0.7,Swissmetro,2
7907,880,0.07,0.89,0.04,swissmetro,0.83,Swissmetro,2
7908,880,0.05,0.87,0.08,swissmetro,0.8,Car,3
7909,880,0.09,0.86,0.05,swissmetro,0.79,Swissmetro,2
7910,880,0.05,0.74,0.21,swissmetro,0.61,Car,3
7911,881,0.08,0.77,0.15,swissmetro,0.66,Car,3
7912,881,0.08,0.83,0.09,swissmetro,0.75,Swissmetro,2
7913,881,0.12,0.78,0.1,swissmetro,0.68,Swissmetro,2
7914,881,0.15,0.54,0.31,swissmetro,0.31,Swissmetro,2
7915,881,0.17,0.65,0.18,swissmetro,0.48,Swissmetro,2
7916,881,0.11,0.67,0.22,swissmetro,0.51,Car,3
7917,881,0.06,0.62,0.32,swissmetro,0.42,Car,3
7918,881,0.04,0.61,0.35,swissmetro,0.41,Car,3
7919,881,0.16,0.68,0.16,swissmetro,0.51,Car,3
7920,882,0.06,0.93,0.01,swissmetro,0.89,Car,3
7921,882,0.06,0.93,0.01,swissmetro,0.9,Swissmetro,2
7922,882,0.05,0.88,0.07,swissmetro,0.82,Car,3
7923,882,0.08,0.78,0.14,swissmetro,0.67,Car,3
7924,882,0.02,0.95,0.03,swissmetro,0.91,Swissmetro,2
7925,882,0.05,0.93,0.02,swissmetro,0.9,Car,3
7926,882,0.08,0.81,0.11,swissmetro,0.71,Car,3
7927,882,0.29,0.68,0.03,swissmetro,0.52,Swissmetro,2
7928,882,0.03,0.87,0.1,swissmetro,0.81,Swissmetro,2
7929,883,0.08,0.91,0.01,swissmetro,0.87,Swissmetro,2
7930,883,0.06,0.93,0.01,swissmetro,0.9,Swissmetro,2
7931,883,0.04,0.93,0.03,swissmetro,0.9,Swissmetro,2
7932,883,0.06,0.87,0.07,swissmetro,0.8,Swissmetro,2
7933,883,0.04,0.91,0.05,swissmetro,0.85,Swissmetro,2
7934,883,0.04,0.94,0.02,swissmetro,0.92,Swissmetro,2
7935,883,0.07,0.85,0.08,swissmetro,0.77,Car,3
7936,883,0.35,0.61,0.04,swissmetro,0.4,Swissmetro,2
7937,883,0.02,0.92,0.06,swissmetro,0.89,Swissmetro,2
7938,884,0.13,0.68,0.19,swissmetro,0.51,Car,3
7939,884,0.25,0.69,0.06,swissmetro,0.53,Car,3
7940,884,0.15,0.41,0.44,car,0.16,Car,3
7941,884,0.05,0.86,0.09,swissmetro,0.8,Car,3
7942,884,0.08,0.56,0.36,swissmetro,0.34,Car,3
7943,884,0.04,0.78,0.18,swissmetro,0.66,Car,3
7944,884,0.05,0.63,0.32,swissmetro,0.44,Car,3
7945,884,0.08,0.69,0.23,swissmetro,0.53,Car,3
7946,884,0.07,0.46,0.47,car,0.2,Car,3
7947,885,0.04,0.79,0.17,swissmetro,0.69,Car,3
7948,885,0.04,0.92,0.04,swissmetro,0.87,Car,3
7949,885,0.06,0.88,0.06,swissmetro,0.81,Car,3
7950,885,0.11,0.8,0.09,swissmetro,0.7,Car,3
7951,885,0.08,0.79,0.13,swissmetro,0.69,Car,3
7952,885,0.07,0.84,0.09,swissmetro,0.76,Car,3
7953,885,0.03,0.69,0.28,swissmetro,0.53,Car,3
7954,885,0.06,0.66,0.28,swissmetro,0.49,Car,3
7955,885,0.12,0.76,0.12,swissmetro,0.63,Car,3
7956,886,0.01,0.99,0.0,swissmetro,0.97,Swissmetro,2
7957,886,0.02,0.98,0.0,swissmetro,0.96,Swissmetro,2
7958,886,0.07,0.89,0.04,swissmetro,0.84,Swissmetro,2
7959,886,0.06,0.92,0.02,swissmetro,0.87,Car,3
7960,886,0.1,0.85,0.05,swissmetro,0.77,Swissmetro,2
7961,886,0.08,0.84,0.08,swissmetro,0.76,Car,3
7962,886,0.1,0.65,0.25,swissmetro,0.47,Car,3
7963,886,0.1,0.84,0.06,swissmetro,0.77,Swissmetro,2
7964,886,0.03,0.92,0.05,swissmetro,0.87,Swissmetro,2
7965,887,0.04,0.9,0.06,swissmetro,0.86,Car,3
7966,887,0.07,0.89,0.04,swissmetro,0.84,Swissmetro,2
7967,887,0.03,0.85,0.12,swissmetro,0.78,Swissmetro,2
7968,887,0.05,0.93,0.02,swissmetro,0.9,Swissmetro,2
7969,887,0.08,0.78,0.14,swissmetro,0.67,Car,3
7970,887,0.08,0.88,0.04,swissmetro,0.82,Swissmetro,2
7971,887,0.07,0.9,0.03,swissmetro,0.84,Swissmetro,2
7972,887,0.06,0.9,0.04,swissmetro,0.84,Swissmetro,2
7973,887,0.15,0.61,0.24,swissmetro,0.42,Train,1
7974,888,0.12,0.72,0.16,swissmetro,0.58,Car,3
7975,888,0.18,0.74,0.08,swissmetro,0.61,Car,3
7976,888,0.1,0.66,0.24,swissmetro,0.49,Car,3
7977,888,0.11,0.87,0.02,swissmetro,0.82,Swissmetro,2
7978,888,0.16,0.72,0.12,swissmetro,0.58,Swissmetro,2
7979,888,0.15,0.78,0.07,swissmetro,0.67,Swissmetro,2
7980,888,0.05,0.89,0.06,swissmetro,0.83,Car,3
7981,888,0.06,0.89,0.05,swissmetro,0.84,Swissmetro,2
7982,888,0.04,0.83,0.13,swissmetro,0.75,Car,3
7983,889,0.01,0.96,0.03,swissmetro,0.95,Car,3
7984,889,0.02,0.94,0.04,swissmetro,0.91,Swissmetro,2
7985,889,0.02,0.96,0.02,swissmetro,0.94,Car,3
7986,889,0.04,0.89,0.07,swissmetro,0.84,Car,3
7987,889,0.03,0.93,0.04,swissmetro,0.89,Swissmetro,2
7988,889,0.03,0.93,0.04,swissmetro,0.9,Car,3
7989,889,0.03,0.84,0.13,swissmetro,0.76,Car,3
7990,889,0.02,0.86,0.12,swissmetro,0.8,Car,3
7991,889,0.06,0.86,0.08,swissmetro,0.78,Car,3
7992,890,0.01,0.95,0.04,swissmetro,0.91,Swissmetro,2
7993,890,0.03,0.94,0.03,swissmetro,0.91,Swissmetro,2
7994,890,0.02,0.96,0.02,swissmetro,0.94,Swissmetro,2
7995,890,0.02,0.96,0.02,swissmetro,0.94,Swissmetro,2
7996,890,0.02,0.96,0.02,swissmetro,0.94,Swissmetro,2
7997,890,0.02,0.96,0.02,swissmetro,0.93,Swissmetro,2
7998,890,0.02,0.92,0.06,swissmetro,0.89,Swissmetro,2
7999,890,0.02,0.94,0.04,swissmetro,0.91,Swissmetro,2
8000,890,0.09,0.87,0.04,swissmetro,0.8,Swissmetro,2
8001,891,0.04,0.94,0.02,swissmetro,0.91,Swissmetro,2
8002,891,0.04,0.95,0.01,swissmetro,0.93,Swissmetro,2
8003,891,0.04,0.93,0.03,swissmetro,0.9,Swissmetro,2
8004,891,0.05,0.89,0.06,swissmetro,0.83,Car,3
8005,891,0.04,0.93,0.02,swissmetro,0.9,Swissmetro,2
8006,891,0.04,0.9299999999999999,0.03,swissmetro,0.91,Swissmetro,2
8007,891,0.04,0.9,0.06,swissmetro,0.85,Car,3
8008,891,0.06,0.92,0.02,swissmetro,0.87,Swissmetro,2
8009,891,0.04,0.92,0.04,swissmetro,0.89,Swissmetro,2
8010,892,0.07,0.79,0.14,swissmetro,0.68,Swissmetro,2
8011,892,0.17,0.74,0.09,swissmetro,0.61,Swissmetro,2
8012,892,0.06,0.65,0.29,swissmetro,0.47,Car,3
8013,892,0.07,0.87,0.06,swissmetro,0.81,Swissmetro,2
8014,892,0.07,0.75,0.18,swissmetro,0.62,Swissmetro,2
8015,892,0.14,0.77,0.09,swissmetro,0.65,Swissmetro,2
8016,892,0.13,0.71,0.16,swissmetro,0.57,Car,3
8017,892,0.15,0.77,0.08,swissmetro,0.66,Swissmetro,2
8018,892,0.06,0.82,0.12,swissmetro,0.73,Car,3
8019,893,0.03,0.95,0.02,swissmetro,0.92,Swissmetro,2
8020,893,0.07,0.92,0.01,swissmetro,0.89,Swissmetro,2
8021,893,0.02,0.89,0.09,swissmetro,0.83,Swissmetro,2
8022,893,0.03,0.96,0.01,swissmetro,0.93,Swissmetro,2
8023,893,0.03,0.91,0.06,swissmetro,0.86,Swissmetro,2
8024,893,0.06,0.92,0.02,swissmetro,0.89,Swissmetro,2
8025,893,0.07,0.9,0.03,swissmetro,0.86,Swissmetro,2
8026,893,0.06,0.92,0.02,swissmetro,0.88,Swissmetro,2
8027,893,0.12,0.76,0.12,swissmetro,0.65,Swissmetro,2
8028,894,0.04,0.88,0.08,swissmetro,0.83,Car,3
8029,894,0.02,0.93,0.05,swissmetro,0.9,Swissmetro,2
8030,894,0.01,0.69,0.3,swissmetro,0.54,Car,3
8031,894,0.08,0.42,0.5,car,0.24,Car,3
8032,894,0.08,0.77,0.15,swissmetro,0.66,Swissmetro,2
8033,894,0.03,0.83,0.14,swissmetro,0.74,Car,3
8034,894,0.03,0.66,0.31,swissmetro,0.5,Car,3
8035,894,0.17,0.66,0.17,swissmetro,0.49,Car,3
8036,894,0.02,0.77,0.21,swissmetro,0.65,Car,3
8037,895,0.03,0.83,0.14,swissmetro,0.75,Car,3
8038,895,0.06,0.82,0.12,swissmetro,0.72,Car,3
8039,895,0.09,0.78,0.13,swissmetro,0.66,Swissmetro,2
8040,895,0.11,0.68,0.21,swissmetro,0.52,Car,3
8041,895,0.05,0.92,0.03,swissmetro,0.88,Car,3
8042,895,0.06,0.85,0.09,swissmetro,0.78,Swissmetro,2
8043,895,0.04,0.82,0.14,swissmetro,0.73,Car,3
8044,895,0.04,0.8,0.16,swissmetro,0.71,Swissmetro,2
8045,895,0.12,0.8,0.08,swissmetro,0.69,Car,3
8046,896,0.12,0.59,0.29,swissmetro,0.38,Car,3
8047,896,0.11,0.8,0.09,swissmetro,0.7,Car,3
8048,896,0.08,0.77,0.15,swissmetro,0.65,Swissmetro,2
8049,896,0.11,0.51,0.38,swissmetro,0.25,Car,3
8050,896,0.1,0.75,0.15,swissmetro,0.62,Swissmetro,2
8051,896,0.1,0.69,0.21,swissmetro,0.54,Car,3
8052,896,0.05,0.54,0.41,swissmetro,0.3,Car,3
8053,896,0.05,0.63,0.32,swissmetro,0.44,Car,3
8054,896,0.1,0.71,0.19,swissmetro,0.57,Car,3
8055,897,0.05,0.87,0.08,swissmetro,0.8,Car,3
8056,897,0.05,0.91,0.04,swissmetro,0.87,Swissmetro,2
8057,897,0.07,0.84,0.09,swissmetro,0.77,Swissmetro,2
8058,897,0.09,0.83,0.08,swissmetro,0.74,Car,3
8059,897,0.07,0.88,0.05,swissmetro,0.81,Swissmetro,2
8060,897,0.08,0.79,0.13,swissmetro,0.69,Car,3
8061,897,0.01,0.83,0.16,swissmetro,0.73,Car,3
8062,897,0.01,0.89,0.1,swissmetro,0.83,Car,3
8063,897,0.05,0.85,0.1,swissmetro,0.78,Car,3
8064,898,0.02,0.96,0.02,swissmetro,0.95,Swissmetro,2
8065,898,0.01,0.97,0.02,swissmetro,0.95,Car,3
8066,898,0.02,0.97,0.01,swissmetro,0.96,Swissmetro,2
8067,898,0.03,0.93,0.04,swissmetro,0.9,Car,3
8068,898,0.01,0.98,0.01,swissmetro,0.96,Swissmetro,2
8069,898,0.02,0.97,0.01,swissmetro,0.94,Swissmetro,2
8070,898,0.03,0.91,0.06,swissmetro,0.86,Car,3
8071,898,0.01,0.9,0.09,swissmetro,0.85,Car,3
8072,898,0.04,0.91,0.05,swissmetro,0.87,Car,3
8073,899,0.04,0.89,0.07,swissmetro,0.83,Car,3
8074,899,0.06,0.88,0.06,swissmetro,0.81,Car,3
8075,899,0.05,0.91,0.04,swissmetro,0.87,Car,3
8076,899,0.06,0.78,0.16,swissmetro,0.68,Car,3
8077,899,0.04,0.88,0.08,swissmetro,0.81,Car,3
8078,899,0.06,0.85,0.09,swissmetro,0.79,Car,3
8079,899,0.04,0.88,0.08,swissmetro,0.82,Car,3
8080,899,0.09,0.8,0.11,swissmetro,0.7,Car,3
8081,899,0.12,0.81,0.07,swissmetro,0.71,Car,3
8082,900,0.05,0.86,0.09,swissmetro,0.78,Swissmetro,2
8083,900,0.03,0.92,0.05,swissmetro,0.88,Swissmetro,2
8084,900,0.04,0.7,0.26,swissmetro,0.56,Car,3
8085,900,0.13,0.42,0.45,car,0.17,Car,3
8086,900,0.05,0.76,0.19,swissmetro,0.64,Swissmetro,2
8087,900,0.03,0.76,0.21,swissmetro,0.64,Swissmetro,2
8088,900,0.05,0.58,0.37,swissmetro,0.36,Car,3
8089,900,0.11,0.64,0.25,swissmetro,0.46,Car,3
8090,900,0.03,0.69,0.28,swissmetro,0.54,Car,3
8091,901,0.03,0.95,0.02,swissmetro,0.91,Car,3
8092,901,0.03,0.96,0.01,swissmetro,0.93,Swissmetro,2
8093,901,0.04,0.95,0.01,swissmetro,0.93,Swissmetro,2
8094,901,0.05,0.9,0.05,swissmetro,0.86,Car,3
8095,901,0.04,0.9299999999999999,0.03,swissmetro,0.9,Swissmetro,2
8096,901,0.05,0.91,0.04,swissmetro,0.87,Car,3
8097,901,0.02,0.9,0.08,swissmetro,0.84,Car,3
8098,901,0.05,0.85,0.1,swissmetro,0.78,Car,3
8099,901,0.07,0.88,0.05,swissmetro,0.82,Car,3
8100,902,0.14,0.69,0.17,swissmetro,0.54,Car,3
8101,902,0.07,0.87,0.06,swissmetro,0.8,Car,3
8102,902,0.03,0.72,0.25,swissmetro,0.58,Car,3
8103,902,0.07,0.4,0.53,car,0.3,Car,3
8104,902,0.03,0.74,0.23,swissmetro,0.62,Swissmetro,2
8105,902,0.04,0.64,0.32,swissmetro,0.45,Car,3
8106,902,0.08,0.4,0.52,car,0.28,Car,3
8107,902,0.15,0.48,0.37,swissmetro,0.22,Car,3
8108,902,0.02,0.66,0.32,swissmetro,0.5,Car,3
8109,903,0.05,0.93,0.02,swissmetro,0.89,Car,3
8110,903,0.08,0.89,0.03,swissmetro,0.83,Car,3
8111,903,0.08,0.91,0.01,swissmetro,0.86,Car,3
8112,903,0.04,0.91,0.05,swissmetro,0.87,Car,3
8113,903,0.07,0.92,0.01,swissmetro,0.87,Car,3
8114,903,0.06,0.87,0.07,swissmetro,0.81,Car,3
8115,903,0.04,0.86,0.1,swissmetro,0.8,Car,3
8116,903,0.04,0.9,0.06,swissmetro,0.85,Car,3
8117,903,0.08,0.84,0.08,swissmetro,0.75,Car,3
8118,904,0.05,0.94,0.01,swissmetro,0.92,Swissmetro,2
8119,904,0.04,0.96,0.0,swissmetro,0.93,Swissmetro,2
8120,904,0.09,0.88,0.03,swissmetro,0.82,Car,3
8121,904,0.13,0.79,0.08,swissmetro,0.69,Car,3
8122,904,0.06,0.93,0.01,swissmetro,0.89,Swissmetro,2
8123,904,0.02,0.95,0.03,swissmetro,0.93,Swissmetro,2
8124,904,0.08,0.84,0.08,swissmetro,0.76,Car,3
8125,904,0.23,0.75,0.02,swissmetro,0.62,Swissmetro,2
8126,904,0.04,0.91,0.05,swissmetro,0.87,Swissmetro,2
8127,905,0.04,0.93,0.03,swissmetro,0.9,Swissmetro,2
8128,905,0.07,0.91,0.02,swissmetro,0.87,Swissmetro,2
8129,905,0.08,0.9,0.02,swissmetro,0.85,Swissmetro,2
8130,905,0.07,0.89,0.04,swissmetro,0.84,Swissmetro,2
8131,905,0.06,0.89,0.05,swissmetro,0.83,Swissmetro,2
8132,905,0.11,0.84,0.05,swissmetro,0.77,Swissmetro,2
8133,905,0.05,0.84,0.11,swissmetro,0.76,Car,3
8134,905,0.06,0.8,0.14,swissmetro,0.7,Swissmetro,2
8135,905,0.14,0.76,0.1,swissmetro,0.64,Swissmetro,2
8136,906,0.05,0.88,0.07,swissmetro,0.82,Car,3
8137,906,0.05,0.93,0.02,swissmetro,0.9,Car,3
8138,906,0.07,0.77,0.16,swissmetro,0.65,Car,3
8139,906,0.14,0.74,0.12,swissmetro,0.62,Car,3
8140,906,0.11,0.85,0.04,swissmetro,0.77,Car,3
8141,906,0.06,0.75,0.19,swissmetro,0.62,Car,3
8142,906,0.1,0.55,0.35,swissmetro,0.33,Car,3
8143,906,0.09,0.85,0.06,swissmetro,0.77,Car,3
8144,906,0.02,0.88,0.1,swissmetro,0.83,Car,3
8145,907,0.04,0.89,0.07,swissmetro,0.84,Swissmetro,2
8146,907,0.06,0.91,0.03,swissmetro,0.87,Swissmetro,2
8147,907,0.07,0.71,0.22,swissmetro,0.57,Car,3
8148,907,0.08,0.8,0.12,swissmetro,0.71,Car,3
8149,907,0.06,0.92,0.02,swissmetro,0.89,Swissmetro,2
8150,907,0.04,0.9,0.06,swissmetro,0.84,Swissmetro,2
8151,907,0.1,0.62,0.28,swissmetro,0.44,Car,3
8152,907,0.23,0.69,0.08,swissmetro,0.53,Car,3
8153,907,0.03,0.89,0.08,swissmetro,0.84,Swissmetro,2
8154,908,0.06,0.84,0.1,swissmetro,0.76,Car,3
8155,908,0.06,0.92,0.02,swissmetro,0.88,Car,3
8156,908,0.07,0.69,0.24,swissmetro,0.54,Car,3
8157,908,0.07,0.48,0.45,swissmetro,0.22,Car,3
8158,908,0.07,0.85,0.08,swissmetro,0.77,Swissmetro,2
8159,908,0.05,0.87,0.08,swissmetro,0.8,Car,3
8160,908,0.06,0.81,0.13,swissmetro,0.72,Car,3
8161,908,0.17,0.74,0.09,swissmetro,0.61,Swissmetro,2
8162,908,0.01,0.9,0.09,swissmetro,0.85,Swissmetro,2
8163,909,0.13,0.81,0.06,swissmetro,0.72,Swissmetro,2
8164,909,0.04,0.94,0.02,swissmetro,0.92,Swissmetro,2
8165,909,0.04,0.84,0.12,swissmetro,0.77,Swissmetro,2
8166,909,0.09,0.59,0.32,swissmetro,0.38,Car,3
8167,909,0.07,0.88,0.05,swissmetro,0.82,Swissmetro,2
8168,909,0.03,0.89,0.08,swissmetro,0.82,Car,3
8169,909,0.06,0.71,0.23,swissmetro,0.56,Car,3
8170,909,0.09,0.83,0.08,swissmetro,0.74,Swissmetro,2
8171,909,0.03,0.85,0.12,swissmetro,0.78,Swissmetro,2
8172,910,0.01,0.96,0.03,swissmetro,0.93,Car,3
8173,910,0.05,0.91,0.04,swissmetro,0.86,Car,3
8174,910,0.06,0.89,0.05,swissmetro,0.84,Car,3
8175,910,0.04,0.92,0.04,swissmetro,0.88,Car,3
8176,910,0.02,0.9,0.08,swissmetro,0.85,Car,3
8177,910,0.03,0.92,0.05,swissmetro,0.88,Car,3
8178,910,0.04,0.83,0.13,swissmetro,0.74,Car,3
8179,910,0.04,0.92,0.04,swissmetro,0.89,Car,3
8180,910,0.05,0.88,0.07,swissmetro,0.82,Car,3
8181,911,0.06,0.89,0.05,swissmetro,0.83,Car,3
8182,911,0.03,0.95,0.02,swissmetro,0.92,Car,3
8183,911,0.07,0.86,0.07,swissmetro,0.79,Car,3
8184,911,0.07,0.84,0.09,swissmetro,0.77,Car,3
8185,911,0.04,0.93,0.03,swissmetro,0.89,Car,3
8186,911,0.03,0.93,0.04,swissmetro,0.9,Car,3
8187,911,0.06,0.83,0.11,swissmetro,0.74,Car,3
8188,911,0.11,0.85,0.04,swissmetro,0.78,Car,3
8189,911,0.03,0.93,0.04,swissmetro,0.89,Car,3
8190,912,0.02,0.92,0.06,swissmetro,0.88,Swissmetro,2
8191,912,0.02,0.92,0.06,swissmetro,0.88,Swissmetro,2
8192,912,0.01,0.89,0.1,swissmetro,0.83,Car,3
8193,912,0.01,0.97,0.02,swissmetro,0.94,Swissmetro,2
8194,912,0.03,0.91,0.06,swissmetro,0.86,Car,3
8195,912,0.05,0.92,0.03,swissmetro,0.87,Swissmetro,2
8196,912,0.03,0.86,0.11,swissmetro,0.78,Swissmetro,2
8197,912,0.03,0.94,0.03,swissmetro,0.91,Swissmetro,2
8198,912,0.04,0.87,0.09,swissmetro,0.81,Swissmetro,2
8199,913,0.04,0.9,0.06,swissmetro,0.84,Car,3
8200,913,0.11,0.87,0.02,swissmetro,0.81,Swissmetro,2
8201,913,0.03,0.49,0.48,swissmetro,0.24,Car,3
8202,913,0.02,0.97,0.01,swissmetro,0.95,Swissmetro,2
8203,913,0.05,0.73,0.22,swissmetro,0.59,Car,3
8204,913,0.04,0.95,0.01,swissmetro,0.93,Swissmetro,2
8205,913,0.07,0.84,0.09,swissmetro,0.77,Car,3
8206,913,0.09,0.87,0.04,swissmetro,0.81,Swissmetro,2
8207,913,0.09,0.59,0.32,swissmetro,0.4,Car,3
8208,914,0.07,0.9,0.03,swissmetro,0.84,Car,3
8209,914,0.09,0.9,0.01,swissmetro,0.85,Swissmetro,2
8210,914,0.1,0.86,0.04,swissmetro,0.79,Swissmetro,2
8211,914,0.15,0.79,0.06,swissmetro,0.69,Swissmetro,2
8212,914,0.09,0.83,0.08,swissmetro,0.75,Swissmetro,2
8213,914,0.13,0.73,0.14,swissmetro,0.6,Swissmetro,2
8214,914,0.05,0.65,0.3,swissmetro,0.48,Car,3
8215,914,0.07,0.66,0.27,swissmetro,0.49,Swissmetro,2
8216,914,0.14,0.69,0.17,swissmetro,0.54,Swissmetro,2
8217,915,0.08,0.87,0.05,swissmetro,0.81,Car,3
8218,915,0.09,0.89,0.02,swissmetro,0.83,Car,3
8219,915,0.1,0.73,0.17,swissmetro,0.6,Car,3
8220,915,0.16,0.72,0.12,swissmetro,0.57,Car,3
8221,915,0.04,0.94,0.02,swissmetro,0.9,Car,3
8222,915,0.03,0.93,0.04,swissmetro,0.9,Car,3
8223,915,0.1,0.71,0.19,swissmetro,0.56,Car,3
8224,915,0.13,0.82,0.05,swissmetro,0.74,Car,3
8225,915,0.02,0.95,0.03,swissmetro,0.92,Car,3
8226,916,0.06,0.83,0.11,swissmetro,0.75,Car,3
8227,916,0.05,0.89,0.06,swissmetro,0.85,Car,3
8228,916,0.13,0.78,0.09,swissmetro,0.67,Car,3
8229,916,0.1,0.79,0.11,swissmetro,0.7,Car,3
8230,916,0.09,0.84,0.07,swissmetro,0.76,Car,3
8231,916,0.08,0.79,0.13,swissmetro,0.69,Car,3
8232,916,0.09,0.72,0.19,swissmetro,0.58,Car,3
8233,916,0.03,0.8,0.17,swissmetro,0.7,Car,3
8234,916,0.1,0.81,0.09,swissmetro,0.71,Car,3
8235,917,0.01,0.94,0.05,swissmetro,0.91,Car,3
8236,917,0.02,0.97,0.01,swissmetro,0.94,Swissmetro,2
8237,917,0.01,0.94,0.05,swissmetro,0.9,Car,3
8238,917,0.01,0.98,0.01,swissmetro,0.97,Swissmetro,2
8239,917,0.02,0.94,0.04,swissmetro,0.91,Car,3
8240,917,0.08,0.9,0.02,swissmetro,0.85,Swissmetro,2
8241,917,0.03,0.89,0.08,swissmetro,0.84,Car,3
8242,917,0.05,0.92,0.03,swissmetro,0.88,Swissmetro,2
8243,917,0.1,0.77,0.13,swissmetro,0.66,Car,3
8244,918,0.15,0.7,0.15,swissmetro,0.54,Car,3
8245,918,0.15,0.8,0.05,swissmetro,0.7,Train,1
8246,918,0.1,0.62,0.28,swissmetro,0.43,Car,3
8247,918,0.1,0.87,0.03,swissmetro,0.8,Swissmetro,2
8248,918,0.08,0.63,0.29,swissmetro,0.44,Car,3
8249,918,0.15,0.74,0.11,swissmetro,0.62,Swissmetro,2
8250,918,0.08,0.79,0.13,swissmetro,0.69,Car,3
8251,918,0.13,0.75,0.12,swissmetro,0.62,Swissmetro,2
8252,918,0.09,0.67,0.24,swissmetro,0.51,Car,3
8253,919,0.04,0.94,0.02,swissmetro,0.92,Car,3
8254,919,0.02,0.97,0.01,swissmetro,0.95,Car,3
8255,919,0.03,0.92,0.05,swissmetro,0.87,Car,3
8256,919,0.05,0.86,0.09,swissmetro,0.79,Car,3
8257,919,0.04,0.93,0.03,swissmetro,0.89,Swissmetro,2
8258,919,0.02,0.94,0.04,swissmetro,0.91,Swissmetro,2
8259,919,0.09,0.79,0.12,swissmetro,0.69,Car,3
8260,919,0.09,0.82,0.09,swissmetro,0.73,Car,3
8261,919,0.01,0.93,0.06,swissmetro,0.9,Car,3
8262,920,0.04,0.86,0.1,swissmetro,0.79,Swissmetro,2
8263,920,0.02,0.96,0.02,swissmetro,0.93,Swissmetro,2
8264,920,0.09,0.86,0.05,swissmetro,0.79,Swissmetro,2
8265,920,0.08,0.84,0.08,swissmetro,0.76,Car,3
8266,920,0.03,0.91,0.06,swissmetro,0.87,Swissmetro,2
8267,920,0.04,0.91,0.05,swissmetro,0.87,Car,3
8268,920,0.03,0.7,0.27,swissmetro,0.54,Car,3
8269,920,0.03,0.81,0.16,swissmetro,0.72,Car,3
8270,920,0.05,0.83,0.12,swissmetro,0.74,Swissmetro,2
8271,921,0.08,0.83,0.09,swissmetro,0.75,Swissmetro,2
8272,921,0.09,0.89,0.02,swissmetro,0.84,Train,1
8273,921,0.12,0.79,0.09,swissmetro,0.68,Swissmetro,2
8274,921,0.09,0.79,0.12,swissmetro,0.68,Swissmetro,2
8275,921,0.11,0.8,0.09,swissmetro,0.7,Swissmetro,2
8276,921,0.06,0.78,0.16,swissmetro,0.67,Swissmetro,2
8277,921,0.05,0.76,0.19,swissmetro,0.65,Car,3
8278,921,0.04,0.8,0.16,swissmetro,0.69,Swissmetro,2
8279,921,0.06,0.8,0.14,swissmetro,0.69,Train,1
8280,922,0.04,0.92,0.04,swissmetro,0.88,Swissmetro,2
8281,922,0.13,0.81,0.06,swissmetro,0.72,Swissmetro,2
8282,922,0.03,0.9,0.07,swissmetro,0.85,Swissmetro,2
8283,922,0.03,0.95,0.02,swissmetro,0.92,Swissmetro,2
8284,922,0.05,0.9,0.05,swissmetro,0.84,Swissmetro,2
8285,922,0.08,0.87,0.05,swissmetro,0.81,Swissmetro,2
8286,922,0.08,0.89,0.03,swissmetro,0.84,Swissmetro,2
8287,922,0.09,0.87,0.04,swissmetro,0.81,Swissmetro,2
8288,922,0.21,0.7,0.09,swissmetro,0.54,Swissmetro,2
8289,923,0.15,0.5,0.35,swissmetro,0.24,Car,3
8290,923,0.25,0.61,0.14,swissmetro,0.43,Car,3
8291,923,0.11,0.54,0.35,swissmetro,0.32,Car,3
8292,923,0.07,0.83,0.1,swissmetro,0.75,Car,3
8293,923,0.16,0.6,0.24,swissmetro,0.4,Car,3
8294,923,0.16,0.69,0.15,swissmetro,0.54,Car,3
8295,923,0.14,0.64,0.22,swissmetro,0.47,Car,3
8296,923,0.17,0.64,0.19,swissmetro,0.45,Car,3
8297,923,0.17,0.58,0.25,swissmetro,0.37,Car,3
8298,924,0.03,0.96,0.01,swissmetro,0.94,Car,3
8299,924,0.02,0.98,0.0,swissmetro,0.96,Swissmetro,2
8300,924,0.06,0.87,0.07,swissmetro,0.81,Car,3
8301,924,0.11,0.83,0.06,swissmetro,0.75,Car,3
8302,924,0.05,0.92,0.03,swissmetro,0.89,Swissmetro,2
8303,924,0.01,0.96,0.03,swissmetro,0.93,Car,3
8304,924,0.04,0.88,0.08,swissmetro,0.82,Car,3
8305,924,0.16,0.82,0.02,swissmetro,0.73,Car,3
8306,924,0.03,0.92,0.05,swissmetro,0.88,Swissmetro,2
8307,925,0.33,0.15,0.52,car,0.29,Car,3
8308,925,0.38,0.26,0.36,train,0.07,Car,3
8309,925,0.38,0.17,0.45,car,0.17,Car,3
8310,925,0.26,0.21,0.53,car,0.29,Car,3
8311,925,0.24,0.29,0.47000000000000003,car,0.19,Car,3
8312,925,0.16,0.28,0.56,car,0.34,Car,3
8313,925,0.1,0.14,0.76,car,0.64,Car,3
8314,925,0.3,0.36,0.34,swissmetro,0.05,Car,3
8315,925,0.23,0.18,0.59,car,0.39,Car,3
8316,926,0.04,0.87,0.09,swissmetro,0.81,Car,3
8317,926,0.15,0.78,0.07,swissmetro,0.68,Swissmetro,2
8318,926,0.06,0.77,0.17,swissmetro,0.66,Swissmetro,2
8319,926,0.1,0.86,0.04,swissmetro,0.8,Swissmetro,2
8320,926,0.1,0.75,0.15,swissmetro,0.63,Swissmetro,2
8321,926,0.08,0.9,0.02,swissmetro,0.86,Swissmetro,2
8322,926,0.06,0.91,0.03,swissmetro,0.87,Car,3
8323,926,0.05,0.93,0.02,swissmetro,0.9,Swissmetro,2
8324,926,0.18,0.7,0.12,swissmetro,0.56,Car,3
8325,927,0.13,0.84,0.03,swissmetro,0.76,Swissmetro,2
8326,927,0.08,0.91,0.01,swissmetro,0.87,Swissmetro,2
8327,927,0.08,0.9,0.02,swissmetro,0.86,Swissmetro,2
8328,927,0.09,0.84,0.07,swissmetro,0.77,Car,3
8329,927,0.07,0.9,0.03,swissmetro,0.84,Swissmetro,2
8330,927,0.07,0.89,0.04,swissmetro,0.83,Car,3
8331,927,0.06,0.8,0.14,swissmetro,0.71,Car,3
8332,927,0.06,0.85,0.09,swissmetro,0.77,Car,3
8333,927,0.07,0.88,0.05,swissmetro,0.82,Swissmetro,2
8334,928,0.04,0.82,0.14,swissmetro,0.74,Car,3
8335,928,0.06,0.9,0.04,swissmetro,0.85,Swissmetro,2
8336,928,0.03,0.63,0.34,swissmetro,0.45,Car,3
8337,928,0.02,0.92,0.06,swissmetro,0.87,Swissmetro,2
8338,928,0.07,0.71,0.22,swissmetro,0.57,Car,3
8339,928,0.08,0.86,0.06,swissmetro,0.79,Car,3
8340,928,0.04,0.83,0.13,swissmetro,0.75,Car,3
8341,928,0.13,0.71,0.16,swissmetro,0.58,Car,3
8342,928,0.06,0.64,0.3,swissmetro,0.45,Car,3
8343,929,0.01,0.97,0.02,swissmetro,0.96,Swissmetro,2
8344,929,0.01,0.96,0.03,swissmetro,0.94,Swissmetro,2
8345,929,0.03,0.93,0.04,swissmetro,0.9,Swissmetro,2
8346,929,0.09,0.84,0.07,swissmetro,0.77,Swissmetro,2
8347,929,0.05,0.9,0.05,swissmetro,0.85,Swissmetro,2
8348,929,0.04,0.9,0.06,swissmetro,0.85,Swissmetro,2
8349,929,0.04,0.82,0.14,swissmetro,0.74,Swissmetro,2
8350,929,0.03,0.84,0.13,swissmetro,0.76,Swissmetro,2
8351,929,0.1,0.77,0.13,swissmetro,0.65,Swissmetro,2
8352,930,0.04,0.89,0.07,swissmetro,0.83,Car,3
8353,930,0.09,0.87,0.04,swissmetro,0.82,Swissmetro,2
8354,930,0.18,0.76,0.06,swissmetro,0.64,Swissmetro,2
8355,930,0.15,0.77,0.08,swissmetro,0.66,Car,3
8356,930,0.07,0.87,0.06,swissmetro,0.81,Swissmetro,2
8357,930,0.1,0.83,0.07,swissmetro,0.75,Car,3
8358,930,0.06,0.77,0.17,swissmetro,0.66,Car,3
8359,930,0.04,0.83,0.13,swissmetro,0.74,Car,3
8360,930,0.12,0.8,0.08,swissmetro,0.7,Swissmetro,2
8361,931,0.12,0.8,0.08,swissmetro,0.69,Car,3
8362,931,0.08,0.88,0.04,swissmetro,0.82,Swissmetro,2
8363,931,0.14,0.82,0.04,swissmetro,0.72,Car,3
8364,931,0.11,0.76,0.13,swissmetro,0.64,Car,3
8365,931,0.15,0.79,0.06,swissmetro,0.68,Car,3
8366,931,0.14,0.78,0.08,swissmetro,0.67,Swissmetro,2
8367,931,0.05,0.78,0.17,swissmetro,0.67,Car,3
8368,931,0.07,0.79,0.14,swissmetro,0.7,Car,3
8369,931,0.08,0.75,0.17,swissmetro,0.62,Car,3
8370,932,0.04,0.8,0.16,swissmetro,0.69,Car,3
8371,932,0.05,0.86,0.09,swissmetro,0.8,Swissmetro,2
8372,932,0.1,0.84,0.06,swissmetro,0.77,Swissmetro,2
8373,932,0.05,0.88,0.07,swissmetro,0.82,Car,3
8374,932,0.05,0.85,0.1,swissmetro,0.77,Swissmetro,2
8375,932,0.07,0.85,0.08,swissmetro,0.78,Car,3
8376,932,0.04,0.76,0.2,swissmetro,0.65,Car,3
8377,932,0.03,0.77,0.2,swissmetro,0.65,Car,3
8378,932,0.07,0.81,0.11,swissmetro,0.72,Car,3
8379,933,0.05,0.88,0.07,swissmetro,0.82,Swissmetro,2
8380,933,0.03,0.95,0.02,swissmetro,0.93,Swissmetro,2
8381,933,0.08,0.68,0.24,swissmetro,0.51,Swissmetro,2
8382,933,0.09,0.6,0.31,swissmetro,0.39,Car,3
8383,933,0.05,0.89,0.06,swissmetro,0.84,Swissmetro,2
8384,933,0.02,0.9,0.08,swissmetro,0.84,Swissmetro,2
8385,933,0.06,0.76,0.18,swissmetro,0.64,Car,3
8386,933,0.23,0.73,0.04,swissmetro,0.58,Swissmetro,2
8387,933,0.02,0.91,0.07,swissmetro,0.86,Car,3
8388,934,0.02,0.98,0.0,swissmetro,0.97,Car,3
8389,934,0.03,0.97,0.0,swissmetro,0.95,Swissmetro,2
8390,934,0.01,0.95,0.04,swissmetro,0.93,Car,3
8391,934,0.07,0.88,0.05,swissmetro,0.81,Car,3
8392,934,0.08,0.9,0.02,swissmetro,0.85,Swissmetro,2
8393,934,0.04,0.93,0.03,swissmetro,0.89,Car,3
8394,934,0.02,0.94,0.04,swissmetro,0.91,Car,3
8395,934,0.09,0.9,0.01,swissmetro,0.85,Swissmetro,2
8396,934,0.03,0.95,0.02,swissmetro,0.94,Car,3
8397,935,0.05,0.62,0.33,swissmetro,0.42,Car,3
8398,935,0.1,0.72,0.18,swissmetro,0.57,Swissmetro,2
8399,935,0.04,0.58,0.38,swissmetro,0.38,Car,3
8400,935,0.08,0.76,0.16,swissmetro,0.63,Swissmetro,2
8401,935,0.03,0.42,0.55,car,0.33,Swissmetro,2
8402,935,0.09,0.55,0.36,swissmetro,0.33,Swissmetro,2
8403,935,0.05,0.63,0.32,swissmetro,0.45,Car,3
8404,935,0.07,0.51,0.42,swissmetro,0.26,Car,3
8405,935,0.06,0.47,0.47,swissmetro,0.22,Car,3
8406,936,0.36,0.45,0.19,swissmetro,0.17,Swissmetro,2
8407,936,0.27,0.64,0.09,swissmetro,0.46,Swissmetro,2
8408,936,0.3,0.5,0.2,swissmetro,0.26,Car,3
8409,936,0.29,0.29,0.42,car,0.13,Car,3
8410,936,0.28,0.46,0.26,swissmetro,0.19,Car,3
8411,936,0.25,0.55,0.2,swissmetro,0.32,Swissmetro,2
8412,936,0.12,0.22,0.66,car,0.48,Car,3
8413,936,0.25,0.36,0.39,car,0.09,Car,3
8414,936,0.34,0.19,0.47,car,0.2,Car,3
8415,937,0.07,0.92,0.01,swissmetro,0.87,Swissmetro,2
8416,937,0.09,0.89,0.02,swissmetro,0.82,Swissmetro,2
8417,937,0.06,0.9,0.04,swissmetro,0.84,Car,3
8418,937,0.03,0.96,0.01,swissmetro,0.94,Car,3
8419,937,0.07,0.91,0.02,swissmetro,0.86,Swissmetro,2
8420,937,0.12,0.88,0.0,swissmetro,0.82,Swissmetro,2
8421,937,0.03,0.96,0.01,swissmetro,0.95,Car,3
8422,937,0.07,0.93,0.0,swissmetro,0.89,Car,3
8423,937,0.05,0.94,0.01,swissmetro,0.92,Car,3
8424,938,0.01,0.98,0.01,swissmetro,0.97,Swissmetro,2
8425,938,0.04,0.96,0.0,swissmetro,0.94,Swissmetro,2
8426,938,0.01,0.85,0.14,swissmetro,0.78,Swissmetro,2
8427,938,0.02,0.98,0.0,swissmetro,0.96,Swissmetro,2
8428,938,0.02,0.93,0.05,swissmetro,0.9,Swissmetro,2
8429,938,0.04,0.96,0.0,swissmetro,0.94,Swissmetro,2
8430,938,0.02,0.97,0.01,swissmetro,0.96,Swissmetro,2
8431,938,0.03,0.96,0.01,swissmetro,0.93,Swissmetro,2
8432,938,0.03,0.92,0.05,swissmetro,0.88,Swissmetro,2
8433,939,0.15,0.79,0.06,swissmetro,0.69,Train,1
8434,939,0.11,0.88,0.01,swissmetro,0.81,Train,1
8435,939,0.12,0.85,0.03,swissmetro,0.78,Train,1
8436,939,0.1,0.69,0.21,swissmetro,0.53,Train,1
8437,939,0.12,0.86,0.02,swissmetro,0.78,Train,1
8438,939,0.09,0.84,0.07,swissmetro,0.76,Train,1
8439,939,0.09,0.77,0.14,swissmetro,0.65,Train,1
8440,939,0.12,0.87,0.01,swissmetro,0.81,Train,1
8441,939,0.23,0.73,0.04,swissmetro,0.6,Train,1
8442,940,0.11,0.79,0.1,swissmetro,0.68,Swissmetro,2
8443,940,0.07,0.91,0.02,swissmetro,0.86,Swissmetro,2
8444,940,0.1,0.88,0.02,swissmetro,0.82,Swissmetro,2
8445,940,0.1,0.88,0.02,swissmetro,0.82,Swissmetro,2
8446,940,0.1,0.81,0.09,swissmetro,0.72,Swissmetro,2
8447,940,0.13,0.83,0.04,swissmetro,0.75,Swissmetro,2
8448,940,0.21,0.56,0.23,swissmetro,0.34,Swissmetro,2
8449,940,0.03,0.7,0.27,swissmetro,0.55,Swissmetro,2
8450,940,0.07,0.85,0.08,swissmetro,0.78,Swissmetro,2
8451,941,0.07,0.4,0.53,car,0.29,Car,3
8452,941,0.14,0.54,0.32,swissmetro,0.31,Car,3
8453,941,0.06,0.27,0.67,car,0.5,Car,3
8454,941,0.06,0.81,0.13,swissmetro,0.71,Car,3
8455,941,0.12,0.44,0.44,car,0.17,Car,3
8456,941,0.09,0.56,0.35,swissmetro,0.34,Car,3
8457,941,0.1,0.2,0.7,car,0.55,Car,3
8458,941,0.12,0.63,0.25,swissmetro,0.45,Car,3
8459,941,0.17,0.26,0.57,car,0.35,Car,3
8460,942,0.14,0.85,0.01,swissmetro,0.77,Swissmetro,2
8461,942,0.08,0.92,0.0,swissmetro,0.88,Swissmetro,2
8462,942,0.11,0.69,0.2,swissmetro,0.54,Swissmetro,2
8463,942,0.05,0.67,0.28,swissmetro,0.51,Swissmetro,2
8464,942,0.08,0.91,0.01,swissmetro,0.87,Swissmetro,2
8465,942,0.03,0.89,0.08,swissmetro,0.84,Swissmetro,2
8466,942,0.03,0.82,0.15,swissmetro,0.74,Swissmetro,2
8467,942,0.24,0.74,0.02,swissmetro,0.62,Swissmetro,2
8468,942,0.02,0.93,0.04,swissmetro,0.9,Swissmetro,2
8469,943,0.07,0.88,0.05,swissmetro,0.82,Swissmetro,2
8470,943,0.03,0.97,0.0,swissmetro,0.95,Swissmetro,2
8471,943,0.06,0.39,0.55,car,0.33,Car,3
8472,943,0.06,0.43,0.51,car,0.26,Train,1
8473,943,0.07,0.9,0.03,swissmetro,0.84,Swissmetro,2
8474,943,0.07,0.81,0.12,swissmetro,0.72,Car,3
8475,943,0.03,0.83,0.14,swissmetro,0.74,Swissmetro,2
8476,943,0.13,0.75,0.12,swissmetro,0.63,Train,1
8477,943,0.05,0.89,0.06,swissmetro,0.84,Swissmetro,2
8478,944,0.02,0.71,0.27,swissmetro,0.56,Swissmetro,2
8479,944,0.11,0.77,0.12,swissmetro,0.65,Swissmetro,2
8480,944,0.05,0.6,0.35,swissmetro,0.39,Car,3
8481,944,0.06,0.93,0.01,swissmetro,0.9,Swissmetro,2
8482,944,0.04,0.9,0.06,swissmetro,0.85,Swissmetro,2
8483,944,0.02,0.94,0.04,swissmetro,0.91,Swissmetro,2
8484,944,0.03,0.83,0.14,swissmetro,0.74,Car,3
8485,944,0.04,0.95,0.01,swissmetro,0.92,Swissmetro,2
8486,944,0.08,0.72,0.2,swissmetro,0.58,Swissmetro,2
8487,945,0.01,0.98,0.01,swissmetro,0.96,Swissmetro,2
8488,945,0.01,0.98,0.01,swissmetro,0.98,Swissmetro,2
8489,945,0.01,0.94,0.05,swissmetro,0.91,Car,3
8490,945,0.02,0.94,0.04,swissmetro,0.92,Swissmetro,2
8491,945,0.02,0.97,0.01,swissmetro,0.95,Swissmetro,2
8492,945,0.01,0.98,0.01,swissmetro,0.97,Swissmetro,2
8493,945,0.01,0.98,0.01,swissmetro,0.97,Car,3
8494,945,0.07,0.92,0.01,swissmetro,0.87,Swissmetro,2
8495,945,0.01,0.95,0.04,swissmetro,0.93,Swissmetro,2
8496,946,0.04,0.92,0.04,swissmetro,0.87,Car,3
8497,946,0.04,0.95,0.01,swissmetro,0.93,Car,3
8498,946,0.1,0.89,0.01,swissmetro,0.84,Train,1
8499,946,0.09,0.85,0.06,swissmetro,0.78,Train,1
8500,946,0.1,0.82,0.08,swissmetro,0.72,Train,1
8501,946,0.04,0.92,0.04,swissmetro,0.88,Swissmetro,2
8502,946,0.01,0.88,0.11,swissmetro,0.83,Swissmetro,2
8503,946,0.03,0.92,0.05,swissmetro,0.88,Swissmetro,2
8504,946,0.06,0.91,0.03,swissmetro,0.86,Car,3
8505,947,0.01,0.95,0.04,swissmetro,0.92,Swissmetro,2
8506,947,0.02,0.96,0.02,swissmetro,0.95,Swissmetro,2
8507,947,0.02,0.69,0.29,swissmetro,0.54,Car,3
8508,947,0.05,0.63,0.32,swissmetro,0.44,Car,3
8509,947,0.08,0.9,0.02,swissmetro,0.84,Swissmetro,2
8510,947,0.02,0.9,0.08,swissmetro,0.86,Swissmetro,2
8511,947,0.03,0.48,0.49,car,0.23,Car,3
8512,947,0.17,0.74,0.09,swissmetro,0.6,Swissmetro,2
8513,947,0.02,0.81,0.17,swissmetro,0.72,Swissmetro,2
8514,948,0.05,0.94,0.01,swissmetro,0.91,Swissmetro,2
8515,948,0.02,0.98,0.0,swissmetro,0.96,Swissmetro,2
8516,948,0.02,0.96,0.02,swissmetro,0.94,Swissmetro,2
8517,948,0.16,0.8,0.04,swissmetro,0.7,Swissmetro,2
8518,948,0.07,0.92,0.01,swissmetro,0.87,Swissmetro,2
8519,948,0.03,0.95,0.02,swissmetro,0.92,Swissmetro,2
8520,948,0.1,0.81,0.09,swissmetro,0.72,Swissmetro,2
8521,948,0.18,0.79,0.03,swissmetro,0.69,Swissmetro,2
8522,948,0.01,0.96,0.03,swissmetro,0.93,Swissmetro,2
8523,949,0.24,0.51,0.25,swissmetro,0.25,Swissmetro,2
8524,949,0.43,0.47,0.1,swissmetro,0.21,Swissmetro,2
8525,949,0.1,0.2,0.7,car,0.54,Swissmetro,2
8526,949,0.17,0.75,0.08,swissmetro,0.63,Swissmetro,2
8527,949,0.16,0.31,0.53,car,0.29,Swissmetro,2
8528,949,0.26,0.63,0.11,swissmetro,0.44,Swissmetro,2
8529,949,0.17,0.3,0.53,car,0.3,Swissmetro,2
8530,949,0.23,0.4,0.37,swissmetro,0.1,Swissmetro,2
8531,949,0.25,0.49,0.26,swissmetro,0.24,Swissmetro,2
8532,950,0.01,0.98,0.01,swissmetro,0.97,Car,3
8533,950,0.01,0.99,0.0,swissmetro,0.98,Swissmetro,2
8534,950,0.03,0.97,0.0,swissmetro,0.96,Train,1
8535,950,0.04,0.93,0.03,swissmetro,0.89,Car,3
8536,950,0.04,0.95,0.01,swissmetro,0.92,Swissmetro,2
8537,950,0.02,0.98,0.0,swissmetro,0.97,Car,3
8538,950,0.02,0.93,0.05,swissmetro,0.9,Swissmetro,2
8539,950,0.02,0.94,0.04,swissmetro,0.9,Train,1
8540,950,0.1,0.89,0.01,swissmetro,0.83,Train,1
8541,951,0.19,0.74,0.07,swissmetro,0.61,Swissmetro,2
8542,951,0.09,0.9,0.01,swissmetro,0.84,Swissmetro,2
8543,951,0.15,0.58,0.27,swissmetro,0.37,Swissmetro,2
8544,951,0.15,0.6,0.25,swissmetro,0.4,Car,3
8545,951,0.16,0.82,0.02,swissmetro,0.73,Swissmetro,2
8546,951,0.11,0.79,0.1,swissmetro,0.68,Swissmetro,2
8547,951,0.04,0.79,0.17,swissmetro,0.68,Car,3
8548,951,0.23,0.74,0.03,swissmetro,0.62,Swissmetro,2
8549,951,0.07,0.81,0.12,swissmetro,0.71,Swissmetro,2
8550,952,0.06,0.24,0.7,car,0.55,Car,3
8551,952,0.08,0.31,0.61,car,0.41,Swissmetro,2
8552,952,0.22,0.39,0.39,car,0.09,Swissmetro,2
8553,952,0.06,0.19,0.75,car,0.62,Car,3
8554,952,0.07,0.36,0.57,car,0.37,Swissmetro,2
8555,952,0.13,0.37,0.5,car,0.26,Car,3
8556,952,0.06,0.21,0.73,car,0.59,Car,3
8557,952,0.09,0.37,0.54,car,0.3,Car,3
8558,952,0.08,0.33,0.59,car,0.39,Car,3
8559,953,0.18,0.75,0.07,swissmetro,0.62,Swissmetro,2
8560,953,0.17,0.82,0.01,swissmetro,0.73,Swissmetro,2
8561,953,0.06,0.75,0.19,swissmetro,0.62,Swissmetro,2
8562,953,0.05,0.94,0.01,swissmetro,0.92,Swissmetro,2
8563,953,0.09,0.87,0.04,swissmetro,0.81,Swissmetro,2
8564,953,0.04,0.95,0.01,swissmetro,0.92,Swissmetro,2
8565,953,0.06,0.88,0.06,swissmetro,0.82,Swissmetro,2
8566,953,0.05,0.93,0.02,swissmetro,0.89,Swissmetro,2
8567,953,0.18,0.67,0.15,swissmetro,0.5,Swissmetro,2
8568,954,0.1,0.83,0.07,swissmetro,0.75,Train,1
8569,954,0.06,0.93,0.01,swissmetro,0.9,Train,1
8570,954,0.11,0.88,0.01,swissmetro,0.82,Train,1
8571,954,0.14,0.78,0.08,swissmetro,0.67,Train,1
8572,954,0.05,0.86,0.09,swissmetro,0.78,Train,1
8573,954,0.09,0.84,0.07,swissmetro,0.76,Train,1
8574,954,0.12,0.64,0.24,swissmetro,0.45,Train,1
8575,954,0.03,0.78,0.19,swissmetro,0.67,Train,1
8576,954,0.08,0.89,0.03,swissmetro,0.84,Train,1
8577,955,0.04,0.83,0.13,swissmetro,0.75,Swissmetro,2
8578,955,0.02,0.95,0.03,swissmetro,0.92,Swissmetro,2
8579,955,0.03,0.68,0.29,swissmetro,0.52,Swissmetro,2
8580,955,0.21,0.23,0.56,car,0.34,Car,3
8581,955,0.08,0.9,0.02,swissmetro,0.86,Swissmetro,2
8582,955,0.04,0.8,0.16,swissmetro,0.7,Swissmetro,2
8583,955,0.12,0.22,0.66,car,0.49,Car,3
8584,955,0.54,0.37,0.09,train,0.31,Swissmetro,2
8585,955,0.03,0.64,0.33,swissmetro,0.46,Car,3
8586,956,0.16,0.79,0.05,swissmetro,0.68,Swissmetro,2
8587,956,0.06,0.93,0.01,swissmetro,0.9,Swissmetro,2
8588,956,0.16,0.81,0.03,swissmetro,0.72,Swissmetro,2
8589,956,0.13,0.51,0.36,swissmetro,0.26,Swissmetro,2
8590,956,0.19,0.79,0.02,swissmetro,0.69,Swissmetro,2
8591,956,0.04,0.82,0.14,swissmetro,0.72,Swissmetro,2
8592,956,0.05,0.69,0.26,swissmetro,0.54,Car,3
8593,956,0.04,0.77,0.19,swissmetro,0.66,Swissmetro,2
8594,956,0.13,0.83,0.04,swissmetro,0.74,Swissmetro,2
8595,957,0.09,0.79,0.12,swissmetro,0.69,Swissmetro,2
8596,957,0.09,0.85,0.06,swissmetro,0.78,Swissmetro,2
8597,957,0.18,0.75,0.07,swissmetro,0.63,Swissmetro,2
8598,957,0.08,0.46,0.46,car,0.19,Car,3
8599,957,0.09,0.76,0.15,swissmetro,0.64,Swissmetro,2
8600,957,0.33,0.56,0.1,swissmetro,0.34,Car,3
8601,957,0.13,0.33,0.54,car,0.3,Car,3
8602,957,0.34,0.55,0.11,swissmetro,0.32,Car,3
8603,957,0.27,0.59,0.14,swissmetro,0.39,Swissmetro,2
8604,958,0.31,0.5,0.19,swissmetro,0.26,Car,3
8605,958,0.22,0.74,0.04,swissmetro,0.62,Train,1
8606,958,0.18,0.27,0.55,car,0.33,Car,3
8607,958,0.07,0.14,0.79,car,0.68,Car,3
8608,958,0.3,0.55,0.15,swissmetro,0.32,Car,3
8609,958,0.21,0.33,0.46,car,0.19,Car,3
8610,958,0.15,0.34,0.51,car,0.26,Car,3
8611,958,0.31,0.32,0.37,car,0.05,Car,3
8612,958,0.12,0.42,0.46,car,0.19,Car,3
8613,959,0.12,0.79,0.09,swissmetro,0.67,Car,3
8614,959,0.22,0.71,0.07,swissmetro,0.56,Car,3
8615,959,0.09,0.69,0.22,swissmetro,0.55,Car,3
8616,959,0.08,0.88,0.04,swissmetro,0.81,Swissmetro,2
8617,959,0.14,0.69,0.17,swissmetro,0.53,Swissmetro,2
8618,959,0.15,0.74,0.11,swissmetro,0.62,Train,1
8619,959,0.13,0.61,0.26,swissmetro,0.41,Car,3
8620,959,0.33,0.61,0.06,swissmetro,0.42,Swissmetro,2
8621,959,0.47,0.41,0.12,train,0.2,Train,1
8622,960,0.08,0.85,0.07,swissmetro,0.77,Car,3
8623,960,0.1,0.86,0.04,swissmetro,0.79,Swissmetro,2
8624,960,0.05,0.86,0.09,swissmetro,0.79,Swissmetro,2
8625,960,0.08,0.91,0.01,swissmetro,0.87,Train,1
8626,960,0.1,0.84,0.06,swissmetro,0.77,Swissmetro,2
8627,960,0.1,0.87,0.03,swissmetro,0.81,Car,3
8628,960,0.13,0.79,0.08,swissmetro,0.69,Car,3
8629,960,0.15,0.82,0.03,swissmetro,0.74,Train,1
8630,960,0.21,0.64,0.15,swissmetro,0.46,Train,1
8631,961,0.05,0.88,0.07,swissmetro,0.82,Swissmetro,2
8632,961,0.04,0.94,0.02,swissmetro,0.92,Swissmetro,2
8633,961,0.05,0.64,0.31,swissmetro,0.46,Car,3
8634,961,0.06,0.79,0.15,swissmetro,0.68,Car,3
8635,961,0.08,0.89,0.03,swissmetro,0.84,Swissmetro,2
8636,961,0.05,0.88,0.07,swissmetro,0.82,Swissmetro,2
8637,961,0.08,0.5599999999999999,0.36,swissmetro,0.35,Car,3
8638,961,0.19,0.71,0.1,swissmetro,0.58,Swissmetro,2
8639,961,0.03,0.87,0.1,swissmetro,0.8,Car,3
8640,962,0.16,0.71,0.13,swissmetro,0.57,Car,3
8641,962,0.52,0.45,0.03,train,0.28,Train,1
8642,962,0.1,0.38,0.52,car,0.29,Car,3
8643,962,0.25,0.74,0.01,swissmetro,0.62,Train,1
8644,962,0.22,0.54,0.24,swissmetro,0.32,Train,1
8645,962,0.24,0.72,0.04,swissmetro,0.58,Car,3
8646,962,0.12,0.78,0.1,swissmetro,0.67,Car,3
8647,962,0.21,0.72,0.07,swissmetro,0.58,Swissmetro,2
8648,962,0.26,0.53,0.21,swissmetro,0.3,Train,1
8649,963,0.01,0.98,0.01,swissmetro,0.98,Swissmetro,2
8650,963,0.01,0.99,0.0,swissmetro,0.98,Swissmetro,2
8651,963,0.01,0.83,0.16,swissmetro,0.74,Swissmetro,2
8652,963,0.03,0.82,0.15,swissmetro,0.72,Swissmetro,2
8653,963,0.07,0.91,0.02,swissmetro,0.87,Swissmetro,2
8654,963,0.02,0.93,0.04,swissmetro,0.9,Swissmetro,2
8655,963,0.02,0.87,0.11,swissmetro,0.8,Swissmetro,2
8656,963,0.13,0.83,0.04,swissmetro,0.76,Swissmetro,2
8657,963,0.01,0.95,0.04,swissmetro,0.93,Swissmetro,2
8658,964,0.13,0.32,0.55,car,0.33,Car,3
8659,964,0.22,0.43,0.35,swissmetro,0.15,Car,3
8660,964,0.19,0.58,0.23,swissmetro,0.37,Car,3
8661,964,0.09,0.22,0.6900000000000001,car,0.53,Car,3
8662,964,0.07,0.37,0.56,car,0.34,Car,3
8663,964,0.1,0.3,0.6,car,0.4,Car,3
8664,964,0.02,0.27,0.71,car,0.57,Car,3
8665,964,0.04,0.3,0.66,car,0.48,Car,3
8666,964,0.1,0.31,0.59,car,0.39,Car,3
8667,965,0.15,0.68,0.17,swissmetro,0.52,Swissmetro,2
8668,965,0.3,0.65,0.05,swissmetro,0.48,Swissmetro,2
8669,965,0.17,0.41,0.42,car,0.14,Car,3
8670,965,0.21,0.76,0.03,swissmetro,0.63,Swissmetro,2
8671,965,0.16,0.47,0.37,swissmetro,0.21,Swissmetro,2
8672,965,0.26,0.63,0.11,swissmetro,0.45,Swissmetro,2
8673,965,0.16,0.62,0.22,swissmetro,0.42,Car,3
8674,965,0.29,0.64,0.07,swissmetro,0.46,Swissmetro,2
8675,965,0.35,0.5,0.15,swissmetro,0.24,Swissmetro,2
8676,966,0.01,0.97,0.02,swissmetro,0.96,Swissmetro,2
8677,966,0.02,0.97,0.01,swissmetro,0.97,Car,3
8678,966,0.04,0.95,0.01,swissmetro,0.92,Swissmetro,2
8679,966,0.07,0.89,0.04,swissmetro,0.83,Car,3
8680,966,0.18,0.8,0.02,swissmetro,0.7,Swissmetro,2
8681,966,0.12,0.87,0.01,swissmetro,0.81,Car,3
8682,966,0.08,0.82,0.1,swissmetro,0.73,Car,3
8683,966,0.05,0.88,0.07,swissmetro,0.83,Car,3
8684,966,0.17,0.8,0.03,swissmetro,0.71,Car,3
8685,967,0.01,0.94,0.05,swissmetro,0.91,Car,3
8686,967,0.07,0.89,0.04,swissmetro,0.83,Swissmetro,2
8687,967,0.01,0.73,0.26,swissmetro,0.59,Car,3
8688,967,0.02,0.95,0.03,swissmetro,0.92,Swissmetro,2
8689,967,0.06,0.78,0.16,swissmetro,0.67,Car,3
8690,967,0.04,0.89,0.07,swissmetro,0.83,Swissmetro,2
8691,967,0.06,0.73,0.21,swissmetro,0.59,Car,3
8692,967,0.05,0.87,0.08,swissmetro,0.81,Swissmetro,2
8693,967,0.09,0.43,0.48,car,0.22,Car,3
8694,968,0.03,0.94,0.03,swissmetro,0.91,Car,3
8695,968,0.24,0.75,0.01,swissmetro,0.62,Car,3
8696,968,0.03,0.32,0.65,car,0.48,Car,3
8697,968,0.07,0.92,0.01,swissmetro,0.88,Swissmetro,2
8698,968,0.12,0.68,0.2,swissmetro,0.51,Swissmetro,2
8699,968,0.12,0.8,0.08,swissmetro,0.71,Swissmetro,2
8700,968,0.15,0.8,0.05,swissmetro,0.69,Car,3
8701,968,0.3,0.66,0.04,swissmetro,0.49,Swissmetro,2
8702,968,0.11,0.81,0.08,swissmetro,0.71,Train,1
8703,969,0.01,0.98,0.01,swissmetro,0.97,Swissmetro,2
8704,969,0.01,0.98,0.01,swissmetro,0.98,Swissmetro,2
8705,969,0.03,0.79,0.18,swissmetro,0.69,Swissmetro,2
8706,969,0.03,0.86,0.11,swissmetro,0.79,Swissmetro,2
8707,969,0.02,0.96,0.02,swissmetro,0.94,Swissmetro,2
8708,969,0.01,0.93,0.06,swissmetro,0.89,Swissmetro,2
8709,969,0.01,0.93,0.06,swissmetro,0.9,Swissmetro,2
8710,969,0.03,0.95,0.02,swissmetro,0.92,Swissmetro,2
8711,969,0.01,0.96,0.03,swissmetro,0.94,Swissmetro,2
8712,970,0.13,0.86,0.01,swissmetro,0.78,Swissmetro,2
8713,970,0.12,0.87,0.01,swissmetro,0.81,Swissmetro,2
8714,970,0.23,0.75,0.02,swissmetro,0.63,Train,1
8715,970,0.07,0.81,0.12,swissmetro,0.72,Train,1
8716,970,0.08,0.86,0.06,swissmetro,0.79,Swissmetro,2
8717,970,0.09,0.8,0.11,swissmetro,0.7,Swissmetro,2
8718,970,0.08,0.53,0.39,swissmetro,0.28,Swissmetro,2
8719,970,0.05,0.87,0.08,swissmetro,0.81,Swissmetro,2
8720,970,0.07,0.85,0.08,swissmetro,0.79,Train,1
8721,971,0.05,0.93,0.02,swissmetro,0.9,Car,3
8722,971,0.05,0.95,0.0,swissmetro,0.92,Train,1
8723,971,0.03,0.89,0.08,swissmetro,0.84,Car,3
8724,971,0.06,0.85,0.09,swissmetro,0.79,Car,3
8725,971,0.02,0.97,0.01,swissmetro,0.95,Car,3
8726,971,0.02,0.94,0.04,swissmetro,0.91,Car,3
8727,971,0.02,0.92,0.06,swissmetro,0.89,Car,3
8728,971,0.17,0.82,0.01,swissmetro,0.73,Car,3
8729,971,0.02,0.95,0.03,swissmetro,0.93,Car,3
8730,972,0.1,0.41,0.49,car,0.23,Swissmetro,2
8731,972,0.13,0.41,0.46,car,0.19,Train,1
8732,972,0.05,0.26,0.69,car,0.54,Car,3
8733,972,0.04,0.64,0.32,swissmetro,0.47,Train,1
8734,972,0.14,0.61,0.25,swissmetro,0.43,Swissmetro,2
8735,972,0.06,0.48,0.46,swissmetro,0.23,Train,1
8736,972,0.06,0.39,0.55,car,0.33,Car,3
8737,972,0.09,0.65,0.26,swissmetro,0.47,Swissmetro,2
8738,972,0.09,0.47,0.44,swissmetro,0.2,Train,1
8739,973,0.02,0.91,0.07,swissmetro,0.85,Car,3
8740,973,0.04,0.94,0.02,swissmetro,0.91,Swissmetro,2
8741,973,0.04,0.94,0.02,swissmetro,0.91,Swissmetro,2
8742,973,0.03,0.9,0.07,swissmetro,0.85,Car,3
8743,973,0.02,0.97,0.01,swissmetro,0.95,Swissmetro,2
8744,973,0.03,0.92,0.05,swissmetro,0.87,Car,3
8745,973,0.03,0.9,0.07,swissmetro,0.85,Car,3
8746,973,0.02,0.91,0.07,swissmetro,0.87,Car,3
8747,973,0.02,0.91,0.07,swissmetro,0.86,Swissmetro,2
8748,974,0.03,0.96,0.01,swissmetro,0.94,Swissmetro,2
8749,974,0.1,0.87,0.03,swissmetro,0.81,Swissmetro,2
8750,974,0.04,0.92,0.04,swissmetro,0.88,Car,3
8751,974,0.03,0.97,0.0,swissmetro,0.95,Swissmetro,2
8752,974,0.08,0.9,0.02,swissmetro,0.85,Swissmetro,2
8753,974,0.05,0.94,0.01,swissmetro,0.91,Swissmetro,2
8754,974,0.05,0.91,0.04,swissmetro,0.87,Swissmetro,2
8755,974,0.06,0.9299999999999999,0.01,swissmetro,0.9,Swissmetro,2
8756,974,0.13,0.85,0.02,swissmetro,0.77,Train,1
8757,975,0.07,0.9,0.03,swissmetro,0.84,Car,3
8758,975,0.02,0.97,0.01,swissmetro,0.95,Car,3
8759,975,0.07,0.7,0.23,swissmetro,0.55,Car,3
8760,975,0.11,0.27,0.62,car,0.44,Car,3
8761,975,0.05,0.86,0.09,swissmetro,0.79,Car,3
8762,975,0.04,0.51,0.45,swissmetro,0.26,Car,3
8763,975,0.04,0.24,0.72,car,0.59,Car,3
8764,975,0.32,0.33,0.35,car,0.02,Car,3
8765,975,0.02,0.64,0.34,swissmetro,0.46,Car,3
8766,976,0.01,0.99,0.0,swissmetro,0.98,Swissmetro,2
8767,976,0.01,0.99,0.0,swissmetro,0.99,Swissmetro,2
8768,976,0.02,0.9,0.08,swissmetro,0.85,Swissmetro,2
8769,976,0.02,0.91,0.07,swissmetro,0.87,Swissmetro,2
8770,976,0.02,0.97,0.01,swissmetro,0.96,Swissmetro,2
8771,976,0.01,0.98,0.01,swissmetro,0.97,Swissmetro,2
8772,976,0.01,0.98,0.01,swissmetro,0.97,Swissmetro,2
8773,976,0.07,0.91,0.02,swissmetro,0.86,Swissmetro,2
8774,976,0.01,0.97,0.02,swissmetro,0.96,Swissmetro,2
8775,977,0.3,0.67,0.03,swissmetro,0.5,Car,3
8776,977,0.22,0.77,0.01,swissmetro,0.66,Car,3
8777,977,0.3,0.6900000000000001,0.01,swissmetro,0.53,Car,3
8778,977,0.2,0.77,0.03,swissmetro,0.66,Car,3
8779,977,0.24,0.74,0.02,swissmetro,0.61,Car,3
8780,977,0.21,0.75,0.04,swissmetro,0.63,Car,3
8781,977,0.03,0.79,0.18,swissmetro,0.69,Car,3
8782,977,0.17,0.78,0.05,swissmetro,0.67,Car,3
8783,977,0.15,0.73,0.12,swissmetro,0.59,Car,3
8784,978,0.07,0.9,0.03,swissmetro,0.84,Car,3
8785,978,0.04,0.95,0.01,swissmetro,0.93,Car,3
8786,978,0.08,0.91,0.01,swissmetro,0.85,Car,3
8787,978,0.07,0.84,0.09,swissmetro,0.76,Car,3
8788,978,0.14,0.83,0.03,swissmetro,0.75,Car,3
8789,978,0.06,0.9,0.04,swissmetro,0.84,Car,3
8790,978,0.03,0.86,0.11,swissmetro,0.8,Car,3
8791,978,0.02,0.84,0.14,swissmetro,0.76,Car,3
8792,978,0.08,0.89,0.03,swissmetro,0.84,Car,3
8793,979,0.16,0.8099999999999999,0.03,swissmetro,0.73,Swissmetro,2
8794,979,0.16,0.82,0.02,swissmetro,0.73,Train,1
8795,979,0.16,0.83,0.01,swissmetro,0.74,Swissmetro,2
8796,979,0.13,0.85,0.02,swissmetro,0.77,Swissmetro,2
8797,979,0.08,0.9,0.02,swissmetro,0.84,Swissmetro,2
8798,979,0.09,0.89,0.02,swissmetro,0.84,Swissmetro,2
8799,979,0.07,0.85,0.08,swissmetro,0.77,Swissmetro,2
8800,979,0.17,0.8,0.03,swissmetro,0.69,Swissmetro,2
8801,979,0.11,0.81,0.08,swissmetro,0.72,Train,1
8802,980,0.28,0.56,0.16,swissmetro,0.34,Swissmetro,2
8803,980,0.22,0.73,0.05,swissmetro,0.6,Swissmetro,2
8804,980,0.28,0.59,0.13,swissmetro,0.39,Swissmetro,2
8805,980,0.32,0.37,0.31,swissmetro,0.05,Swissmetro,2
8806,980,0.22,0.69,0.09,swissmetro,0.54,Swissmetro,2
8807,980,0.22,0.35,0.43,car,0.14,Swissmetro,2
8808,980,0.15,0.3,0.55,car,0.33,Car,3
8809,980,0.08,0.32,0.6,car,0.4,Car,3
8810,980,0.18,0.25,0.5700000000000001,car,0.34,Swissmetro,2
8811,981,0.06,0.92,0.02,swissmetro,0.88,Swissmetro,2
8812,981,0.04,0.95,0.01,swissmetro,0.92,Swissmetro,2
8813,981,0.11,0.87,0.02,swissmetro,0.81,Swissmetro,2
8814,981,0.04,0.9299999999999999,0.03,swissmetro,0.9,Swissmetro,2
8815,981,0.07,0.91,0.02,swissmetro,0.86,Swissmetro,2
8816,981,0.05,0.94,0.01,swissmetro,0.91,Swissmetro,2
8817,981,0.02,0.84,0.14,swissmetro,0.77,Swissmetro,2
8818,981,0.02,0.96,0.02,swissmetro,0.93,Swissmetro,2
8819,981,0.07,0.89,0.04,swissmetro,0.83,Swissmetro,2
8820,982,0.02,0.89,0.09,swissmetro,0.83,Swissmetro,2
8821,982,0.09,0.9,0.01,swissmetro,0.84,Swissmetro,2
8822,982,0.04,0.81,0.15,swissmetro,0.72,Swissmetro,2
8823,982,0.02,0.98,0.0,swissmetro,0.96,Swissmetro,2
8824,982,0.03,0.94,0.03,swissmetro,0.91,Swissmetro,2
8825,982,0.03,0.95,0.02,swissmetro,0.92,Swissmetro,2
8826,982,0.02,0.92,0.06,swissmetro,0.88,Swissmetro,2
8827,982,0.03,0.95,0.02,swissmetro,0.93,Swissmetro,2
8828,982,0.08,0.88,0.04,swissmetro,0.82,Swissmetro,2
8829,983,0.04,0.54,0.42,swissmetro,0.31,Swissmetro,2
8830,983,0.13,0.79,0.08,swissmetro,0.69,Swissmetro,2
8831,983,0.02,0.14,0.84,car,0.75,Car,3
8832,983,0.05,0.82,0.13,swissmetro,0.72,Swissmetro,2
8833,983,0.08,0.54,0.38,swissmetro,0.31,Swissmetro,2
8834,983,0.06,0.64,0.3,swissmetro,0.46,Swissmetro,2
8835,983,0.03,0.43,0.54,car,0.31,Car,3
8836,983,0.08,0.6799999999999999,0.24,swissmetro,0.53,Swissmetro,2
8837,983,0.15,0.54,0.31,swissmetro,0.31,Swissmetro,2
8838,984,0.01,0.99,0.0,swissmetro,0.98,Swissmetro,2
8839,984,0.01,0.99,0.0,swissmetro,0.99,Swissmetro,2
8840,984,0.17,0.8099999999999999,0.02,swissmetro,0.72,Car,3
8841,984,0.14,0.74,0.12,swissmetro,0.61,Car,3
8842,984,0.14,0.86,0.0,swissmetro,0.78,Swissmetro,2
8843,984,0.06,0.93,0.01,swissmetro,0.89,Swissmetro,2
8844,984,0.09,0.75,0.16,swissmetro,0.63,Car,3
8845,984,0.43,0.5599999999999999,0.01,swissmetro,0.35,Swissmetro,2
8846,984,0.05,0.89,0.06,swissmetro,0.83,Swissmetro,2
8847,985,0.08,0.24,0.68,car,0.52,Swissmetro,2
8848,985,0.16,0.61,0.23,swissmetro,0.42,Train,1
8849,985,0.06,0.15,0.79,car,0.68,Swissmetro,2
8850,985,0.21,0.64,0.15,swissmetro,0.46,Swissmetro,2
8851,985,0.14,0.3,0.56,car,0.35,Swissmetro,2
8852,985,0.09,0.52,0.39,swissmetro,0.27,Swissmetro,2
8853,985,0.04,0.18,0.78,car,0.67,Car,3
8854,985,0.19,0.45,0.36,swissmetro,0.17,Swissmetro,2
8855,985,0.11,0.28,0.61,car,0.41,Swissmetro,2
8856,986,0.03,0.96,0.01,swissmetro,0.95,Swissmetro,2
8857,986,0.03,0.96,0.01,swissmetro,0.94,Swissmetro,2
8858,986,0.03,0.97,0.0,swissmetro,0.96,Swissmetro,2
8859,986,0.07,0.91,0.02,swissmetro,0.87,Swissmetro,2
8860,986,0.09,0.9,0.01,swissmetro,0.86,Swissmetro,2
8861,986,0.06,0.93,0.01,swissmetro,0.9,Swissmetro,2
8862,986,0.04,0.92,0.04,swissmetro,0.88,Swissmetro,2
8863,986,0.03,0.9,0.07,swissmetro,0.86,Swissmetro,2
8864,986,0.2,0.78,0.02,swissmetro,0.67,Swissmetro,2
8865,987,0.02,0.95,0.03,swissmetro,0.93,Swissmetro,2
8866,987,0.06,0.9400000000000001,0.0,swissmetro,0.9,Swissmetro,2
8867,987,0.03,0.88,0.09,swissmetro,0.81,Swissmetro,2
8868,987,0.03,0.96,0.01,swissmetro,0.94,Swissmetro,2
8869,987,0.03,0.85,0.12,swissmetro,0.78,Swissmetro,2
8870,987,0.05,0.92,0.03,swissmetro,0.89,Swissmetro,2
8871,987,0.02,0.93,0.05,swissmetro,0.89,Swissmetro,2
8872,987,0.05,0.93,0.02,swissmetro,0.9,Swissmetro,2
8873,987,0.08,0.8,0.12,swissmetro,0.69,Swissmetro,2
8874,988,0.18,0.65,0.17,swissmetro,0.48,Swissmetro,2
8875,988,0.07,0.93,0.0,swissmetro,0.88,Swissmetro,2
8876,988,0.05,0.51,0.44,swissmetro,0.26,Car,3
8877,988,0.14,0.19,0.67,car,0.51,Car,3
8878,988,0.21,0.71,0.08,swissmetro,0.57,Swissmetro,2
8879,988,0.08,0.73,0.19,swissmetro,0.59,Swissmetro,2
8880,988,0.07,0.23,0.7,car,0.55,Swissmetro,2
8881,988,0.43,0.51,0.06,swissmetro,0.27,Swissmetro,2
8882,988,0.04,0.7,0.26,swissmetro,0.56,Swissmetro,2
8883,989,0.16,0.41,0.43,car,0.15,Car,3
8884,989,0.3,0.65,0.05,swissmetro,0.48,Swissmetro,2
8885,989,0.2,0.76,0.04,swissmetro,0.64,Swissmetro,2
8886,989,0.17,0.42,0.41,swissmetro,0.12,Car,3
8887,989,0.21,0.61,0.18,swissmetro,0.41,Swissmetro,2
8888,989,0.08,0.49,0.43,swissmetro,0.22,Swissmetro,2
8889,989,0.08,0.27,0.65,car,0.47,Car,3
8890,989,0.11,0.27,0.62,car,0.43,Swissmetro,2
8891,989,0.23,0.27,0.5,car,0.25,Train,1
8892,990,0.04,0.93,0.03,swissmetro,0.89,Car,3
8893,990,0.09,0.89,0.02,swissmetro,0.85,Swissmetro,2
8894,990,0.08,0.89,0.03,swissmetro,0.84,Swissmetro,2
8895,990,0.04,0.88,0.08,swissmetro,0.82,Car,3
8896,990,0.06,0.93,0.01,swissmetro,0.89,Swissmetro,2
8897,990,0.02,0.93,0.05,swissmetro,0.89,Car,3
8898,990,0.09,0.69,0.22,swissmetro,0.55,Car,3
8899,990,0.02,0.85,0.13,swissmetro,0.77,Car,3
8900,990,0.11,0.83,0.06,swissmetro,0.74,Swissmetro,2
8901,991,0.09,0.87,0.04,swissmetro,0.81,Car,3
8902,991,0.08,0.91,0.01,swissmetro,0.87,Car,3
8903,991,0.07,0.8,0.13,swissmetro,0.7,Car,3
8904,991,0.1,0.75,0.15,swissmetro,0.64,Car,3
8905,991,0.06,0.93,0.01,swissmetro,0.89,Car,3
8906,991,0.05,0.91,0.04,swissmetro,0.87,Car,3
8907,991,0.04,0.9,0.06,swissmetro,0.85,Car,3
8908,991,0.15,0.83,0.02,swissmetro,0.73,Car,3
8909,991,0.03,0.9,0.07,swissmetro,0.85,Car,3
8910,992,0.02,0.98,0.0,swissmetro,0.96,Swissmetro,2
8911,992,0.01,0.99,0.0,swissmetro,0.97,Swissmetro,2
8912,992,0.03,0.92,0.05,swissmetro,0.88,Swissmetro,2
8913,992,0.04,0.87,0.09,swissmetro,0.8,Swissmetro,2
8914,992,0.04,0.95,0.01,swissmetro,0.92,Swissmetro,2
8915,992,0.02,0.96,0.02,swissmetro,0.94,Swissmetro,2
8916,992,0.01,0.94,0.05,swissmetro,0.91,Swissmetro,2
8917,992,0.11,0.86,0.03,swissmetro,0.79,Swissmetro,2
8918,992,0.01,0.97,0.02,swissmetro,0.94,Swissmetro,2
8919,993,0.01,0.6,0.39,swissmetro,0.39,Car,3
8920,993,0.11,0.87,0.02,swissmetro,0.81,Swissmetro,2
8921,993,0.01,0.35,0.64,car,0.45,Car,3
8922,993,0.03,0.94,0.03,swissmetro,0.92,Swissmetro,2
8923,993,0.02,0.72,0.26,swissmetro,0.57,Car,3
8924,993,0.03,0.94,0.03,swissmetro,0.92,Swissmetro,2
8925,993,0.03,0.59,0.38,swissmetro,0.4,Car,3
8926,993,0.04,0.81,0.15,swissmetro,0.72,Swissmetro,2
8927,993,0.04,0.54,0.42,swissmetro,0.32,Car,3
8928,994,0.04,0.95,0.01,swissmetro,0.93,Car,3
8929,994,0.06,0.93,0.01,swissmetro,0.89,Swissmetro,2
8930,994,0.02,0.96,0.02,swissmetro,0.93,Car,3
8931,994,0.03,0.97,0.0,swissmetro,0.94,Swissmetro,2
8932,994,0.06,0.92,0.02,swissmetro,0.88,Car,3
8933,994,0.05,0.94,0.01,swissmetro,0.92,Swissmetro,2
8934,994,0.06,0.92,0.02,swissmetro,0.87,Car,3
8935,994,0.04,0.95,0.01,swissmetro,0.92,Swissmetro,2
8936,994,0.04,0.92,0.04,swissmetro,0.88,Car,3
8937,995,0.06,0.93,0.01,swissmetro,0.9,Car,3
8938,995,0.04,0.96,0.0,swissmetro,0.94,Swissmetro,2
8939,995,0.04,0.94,0.02,swissmetro,0.91,Car,3
8940,995,0.44,0.52,0.04,swissmetro,0.29,Car,3
8941,995,0.11,0.88,0.01,swissmetro,0.83,Swissmetro,2
8942,995,0.13,0.86,0.01,swissmetro,0.8,Train,1
8943,995,0.17,0.78,0.05,swissmetro,0.67,Car,3
8944,995,0.4,0.59,0.01,swissmetro,0.39,Swissmetro,2
8945,995,0.03,0.94,0.03,swissmetro,0.9,Swissmetro,2
8946,996,0.4,0.57,0.03,swissmetro,0.35,Swissmetro,2
8947,996,0.26,0.72,0.02,swissmetro,0.59,Swissmetro,2
8948,996,0.57,0.41,0.02,train,0.35,Swissmetro,2
8949,996,0.38,0.57,0.05,swissmetro,0.36,Swissmetro,2
8950,996,0.33,0.63,0.04,swissmetro,0.44,Swissmetro,2
8951,996,0.19,0.67,0.14,swissmetro,0.5,Swissmetro,2
8952,996,0.12,0.57,0.31,swissmetro,0.35,Swissmetro,2
8953,996,0.15,0.71,0.14,swissmetro,0.57,Swissmetro,2
8954,996,0.14,0.79,0.07,swissmetro,0.68,Swissmetro,2
8955,997,0.19,0.51,0.3,swissmetro,0.26,Swissmetro,2
8956,997,0.13,0.75,0.12,swissmetro,0.63,Swissmetro,2
8957,997,0.24,0.6900000000000001,0.07,swissmetro,0.53,Swissmetro,2
8958,997,0.08,0.37,0.55,car,0.33,Swissmetro,2
8959,997,0.15,0.65,0.2,swissmetro,0.48,Swissmetro,2
8960,997,0.15,0.49,0.36,swissmetro,0.25,Swissmetro,2
8961,997,0.01,0.23,0.76,car,0.63,Car,3
8962,997,0.07,0.24,0.69,car,0.54,Car,3
8963,997,0.13,0.34,0.53,car,0.29,Swissmetro,2
8964,998,0.01,0.95,0.04,swissmetro,0.92,Swissmetro,2
8965,998,0.16,0.81,0.03,swissmetro,0.72,Swissmetro,2
8966,998,0.07,0.7,0.23,swissmetro,0.55,Car,3
8967,998,0.08,0.9,0.02,swissmetro,0.85,Swissmetro,2
8968,998,0.06,0.84,0.1,swissmetro,0.76,Swissmetro,2
8969,998,0.09,0.86,0.05,swissmetro,0.79,Train,1
8970,998,0.03,0.9,0.07,swissmetro,0.85,Car,3
8971,998,0.1,0.85,0.05,swissmetro,0.77,Swissmetro,2
8972,998,0.18,0.58,0.24,swissmetro,0.37,Train,1
8973,999,0.05,0.65,0.3,swissmetro,0.47,Swissmetro,2
8974,999,0.07,0.86,0.07,swissmetro,0.78,Train,1
8975,999,0.15,0.6,0.25,swissmetro,0.39,Train,1
8976,999,0.03,0.44,0.53,car,0.3,Train,1
8977,999,0.08,0.59,0.33,swissmetro,0.39,Swissmetro,2
8978,999,0.05,0.52,0.43,swissmetro,0.29,Car,3
8979,999,0.02,0.33,0.65,car,0.46,Car,3
8980,999,0.08,0.41,0.51,car,0.26,Swissmetro,2
8981,999,0.05,0.59,0.36,swissmetro,0.38,Train,1
8982,1000,0.02,0.98,0.0,swissmetro,0.97,Swissmetro,2
8983,1000,0.01,0.99,0.0,swissmetro,0.98,Swissmetro,2
8984,1000,0.02,0.9,0.08,swissmetro,0.86,Swissmetro,2
8985,1000,0.06,0.91,0.03,swissmetro,0.86,Car,3
8986,1000,0.02,0.97,0.01,swissmetro,0.95,Swissmetro,2
8987,1000,0.03,0.96,0.01,swissmetro,0.94,Swissmetro,2
8988,1000,0.01,0.95,0.04,swissmetro,0.92,Swissmetro,2
8989,1000,0.11,0.88,0.01,swissmetro,0.83,Swissmetro,2
8990,1000,0.02,0.92,0.06,swissmetro,0.88,Swissmetro,2
8991,1001,0.02,0.67,0.31,swissmetro,0.51,Swissmetro,2
8992,1001,0.05,0.85,0.1,swissmetro,0.77,Swissmetro,2
8993,1001,0.05,0.81,0.14,swissmetro,0.72,Swissmetro,2
8994,1001,0.05,0.54,0.41,swissmetro,0.31,Car,3
8995,1001,0.03,0.77,0.2,swissmetro,0.65,Swissmetro,2
8996,1001,0.05,0.58,0.37,swissmetro,0.36,Car,3
8997,1001,0.04,0.46,0.5,car,0.24,Car,3
8998,1001,0.05,0.45,0.5,car,0.26,Car,3
8999,1001,0.06,0.5599999999999999,0.38,swissmetro,0.35,Swissmetro,2
9000,1002,0.06,0.44,0.5,car,0.25,Swissmetro,2
9001,1002,0.02,0.56,0.42,swissmetro,0.33,Swissmetro,2
9002,1002,0.03,0.24,0.73,car,0.59,Car,3
9003,1002,0.02,0.13,0.85,car,0.78,Car,3
9004,1002,0.06,0.51,0.43,swissmetro,0.28,Swissmetro,2
9005,1002,0.04,0.39,0.57,car,0.36,Car,3
9006,1002,0.02,0.24,0.74,car,0.62,Car,3
9007,1002,0.08,0.26,0.66,car,0.5,Car,3
9008,1002,0.01,0.41,0.58,car,0.37,Swissmetro,2
9009,1003,0.04,0.94,0.02,swissmetro,0.91,Car,3
9010,1003,0.03,0.96,0.01,swissmetro,0.95,Car,3
9011,1003,0.05,0.79,0.16,swissmetro,0.69,Car,3
9012,1003,0.05,0.72,0.23,swissmetro,0.59,Car,3
9013,1003,0.04,0.91,0.05,swissmetro,0.86,Swissmetro,2
9014,1003,0.06,0.84,0.1,swissmetro,0.77,Car,3
9015,1003,0.02,0.74,0.24,swissmetro,0.61,Car,3
9016,1003,0.08,0.81,0.11,swissmetro,0.71,Car,3
9017,1003,0.01,0.87,0.12,swissmetro,0.8,Car,3
9018,1004,0.26,0.69,0.05,swissmetro,0.53,Swissmetro,2
9019,1004,0.14,0.82,0.04,swissmetro,0.73,Swissmetro,2
9020,1004,0.34,0.17,0.49,car,0.23,Swissmetro,2
9021,1004,0.23,0.14,0.63,car,0.46,Car,3
9022,1004,0.45,0.49,0.06,swissmetro,0.23,Swissmetro,2
9023,1004,0.17,0.39,0.44,car,0.16,Car,3
9024,1004,0.21,0.25,0.54,car,0.31,Car,3
9025,1004,0.41,0.34,0.25,train,0.11,Train,1
9026,1004,0.1,0.32,0.58,car,0.36,Car,3
9027,1005,0.12,0.82,0.06,swissmetro,0.74,Train,1
9028,1005,0.07,0.9,0.03,swissmetro,0.84,Train,1
9029,1005,0.17,0.47,0.36,swissmetro,0.2,Car,3
9030,1005,0.15,0.47,0.38,swissmetro,0.2,Car,3
9031,1005,0.32,0.64,0.04,swissmetro,0.46,Train,1
9032,1005,0.11,0.7,0.19,swissmetro,0.55,Train,1
9033,1005,0.05,0.69,0.26,swissmetro,0.54,Train,1
9034,1005,0.37,0.54,0.09,swissmetro,0.32,Train,1
9035,1005,0.14,0.73,0.13,swissmetro,0.59,Train,1
9036,1006,0.1,0.86,0.04,swissmetro,0.79,Swissmetro,2
9037,1006,0.16,0.83,0.01,swissmetro,0.75,Swissmetro,2
9038,1006,0.15,0.55,0.3,swissmetro,0.33,Car,3
9039,1006,0.22,0.25,0.53,car,0.29,Swissmetro,2
9040,1006,0.36,0.62,0.02,swissmetro,0.43,Swissmetro,2
9041,1006,0.25,0.62,0.13,swissmetro,0.44,Swissmetro,2
9042,1006,0.23,0.29,0.48,car,0.22,Swissmetro,2
9043,1006,0.41,0.56,0.03,swissmetro,0.33,Swissmetro,2
9044,1006,0.13,0.6900000000000001,0.18,swissmetro,0.53,Swissmetro,2
9045,1007,0.2,0.79,0.01,swissmetro,0.68,Swissmetro,2
9046,1007,0.13,0.87,0.0,swissmetro,0.8,Swissmetro,2
9047,1007,0.2,0.76,0.04,swissmetro,0.64,Swissmetro,2
9048,1007,0.12,0.84,0.04,swissmetro,0.76,Swissmetro,2
9049,1007,0.12,0.83,0.05,swissmetro,0.75,Swissmetro,2
9050,1007,0.12,0.84,0.04,swissmetro,0.77,Swissmetro,2
9051,1007,0.05,0.67,0.27,swissmetro,0.51,Car,3
9052,1007,0.04,0.77,0.19,swissmetro,0.66,Car,3
9053,1007,0.09,0.87,0.04,swissmetro,0.81,Swissmetro,2
9054,1008,0.03,0.96,0.01,swissmetro,0.95,Swissmetro,2
9055,1008,0.06,0.9299999999999999,0.01,swissmetro,0.9,Train,1
9056,1008,0.02,0.9,0.08,swissmetro,0.86,Swissmetro,2
9057,1008,0.03,0.97,0.0,swissmetro,0.95,Swissmetro,2
9058,1008,0.06,0.92,0.02,swissmetro,0.88,Swissmetro,2
9059,1008,0.05,0.94,0.01,swissmetro,0.91,Swissmetro,2
9060,1008,0.06,0.93,0.01,swissmetro,0.89,Swissmetro,2
9061,1008,0.14,0.83,0.03,swissmetro,0.74,Swissmetro,2
9062,1008,0.05,0.86,0.09,swissmetro,0.8,Swissmetro,2
9063,1009,0.0,1.0,0.0,swissmetro,0.99,Swissmetro,2
9064,1009,0.02,0.97,0.01,swissmetro,0.95,Swissmetro,2
9065,1009,0.01,0.95,0.04,swissmetro,0.92,Car,3
9066,1009,0.02,0.97,0.01,swissmetro,0.96,Swissmetro,2
9067,1009,0.02,0.92,0.06,swissmetro,0.88,Swissmetro,2
9068,1009,0.04,0.94,0.02,swissmetro,0.92,Swissmetro,2
9069,1009,0.02,0.92,0.06,swissmetro,0.88,Swissmetro,2
9070,1009,0.01,0.97,0.02,swissmetro,0.96,Swissmetro,2
9071,1009,0.12,0.56,0.32,swissmetro,0.34,Swissmetro,2
9072,1010,0.01,0.2,0.79,car,0.69,Car,3
9073,1010,0.07,0.68,0.25,swissmetro,0.52,Swissmetro,2
9074,1010,0.01,0.19,0.8,car,0.7,Car,3
9075,1010,0.02,0.83,0.15,swissmetro,0.74,Swissmetro,2
9076,1010,0.04,0.35,0.61,car,0.41,Car,3
9077,1010,0.05,0.71,0.24,swissmetro,0.56,Swissmetro,2
9078,1010,0.02,0.62,0.36,swissmetro,0.43,Car,3
9079,1010,0.09,0.69,0.22,swissmetro,0.54,Swissmetro,2
9080,1010,0.21,0.54,0.25,swissmetro,0.31,Car,3
9081,1011,0.18,0.27,0.55,car,0.32,Car,3
9082,1011,0.08,0.81,0.11,swissmetro,0.71,Swissmetro,2
9083,1011,0.12,0.54,0.34,swissmetro,0.31,Car,3
9084,1011,0.19,0.4,0.41,car,0.12,Car,3
9085,1011,0.11,0.46,0.43,swissmetro,0.19,Car,3
9086,1011,0.09,0.58,0.33,swissmetro,0.37,Car,3
9087,1011,0.01,0.2,0.79,car,0.67,Car,3
9088,1011,0.03,0.31,0.66,car,0.49,Car,3
9089,1011,0.03,0.42,0.55,car,0.33,Car,3
9090,1012,0.07,0.86,0.07,swissmetro,0.79,Swissmetro,2
9091,1012,0.13,0.85,0.02,swissmetro,0.78,Swissmetro,2
9092,1012,0.05,0.7,0.25,swissmetro,0.55,Car,3
9093,1012,0.1,0.87,0.03,swissmetro,0.81,Swissmetro,2
9094,1012,0.19,0.5,0.31,swissmetro,0.26,Car,3
9095,1012,0.16,0.81,0.03,swissmetro,0.71,Swissmetro,2
9096,1012,0.08,0.81,0.11,swissmetro,0.72,Swissmetro,2
9097,1012,0.2,0.77,0.03,swissmetro,0.65,Swissmetro,2
9098,1012,0.17,0.75,0.08,swissmetro,0.63,Swissmetro,2
9099,1013,0.07,0.85,0.08,swissmetro,0.78,Car,3
9100,1013,0.06,0.84,0.1,swissmetro,0.76,Car,3
9101,1013,0.06,0.81,0.13,swissmetro,0.72,Car,3
9102,1013,0.21,0.49,0.3,swissmetro,0.23,Car,3
9103,1013,0.04,0.73,0.23,swissmetro,0.6,Car,3
9104,1013,0.07,0.57,0.36,swissmetro,0.36,Car,3
9105,1013,0.03,0.28,0.69,car,0.54,Car,3
9106,1013,0.01,0.44,0.55,car,0.33,Car,3
9107,1013,0.03,0.79,0.18,swissmetro,0.69,Car,3
9108,1014,0.11,0.86,0.03,swissmetro,0.79,Car,3
9109,1014,0.14,0.83,0.03,swissmetro,0.74,Car,3
9110,1014,0.11,0.72,0.17,swissmetro,0.58,Car,3
9111,1014,0.05,0.93,0.02,swissmetro,0.9,Car,3
9112,1014,0.12,0.82,0.06,swissmetro,0.74,Car,3
9113,1014,0.13,0.83,0.04,swissmetro,0.75,Car,3
9114,1014,0.15,0.75,0.1,swissmetro,0.63,Car,3
9115,1014,0.17,0.8,0.02,swissmetro,0.71,Car,3
9116,1014,0.14,0.78,0.08,swissmetro,0.67,Car,3
9117,1015,0.12,0.84,0.04,swissmetro,0.77,Swissmetro,2
9118,1015,0.01,0.98,0.01,swissmetro,0.97,Swissmetro,2
9119,1015,0.05,0.62,0.33,swissmetro,0.44,Car,3
9120,1015,0.07,0.18,0.75,car,0.62,Car,3
9121,1015,0.04,0.87,0.09,swissmetro,0.8,Swissmetro,2
9122,1015,0.02,0.44,0.54,car,0.31,Car,3
9123,1015,0.03,0.19,0.78,car,0.68,Car,3
9124,1015,0.17,0.3,0.53,car,0.3,Swissmetro,2
9125,1015,0.01,0.49,0.5,car,0.26,Car,3
9126,1016,0.0,1.0,0.0,swissmetro,0.99,Swissmetro,2
9127,1016,0.01,0.98,0.01,swissmetro,0.98,Swissmetro,2
9128,1016,0.0,0.97,0.03,swissmetro,0.95,Car,3
9129,1016,0.0,0.99,0.01,swissmetro,0.98,Swissmetro,2
9130,1016,0.01,0.98,0.01,swissmetro,0.97,Car,3
9131,1016,0.01,0.99,0.0,swissmetro,0.98,Swissmetro,2
9132,1016,0.01,0.95,0.04,swissmetro,0.92,Swissmetro,2
9133,1016,0.01,0.98,0.01,swissmetro,0.97,Swissmetro,2
9134,1016,0.03,0.95,0.02,swissmetro,0.93,Swissmetro,2
9135,1017,0.02,0.98,0.0,swissmetro,0.96,Train,1
9136,1017,0.01,0.99,0.0,swissmetro,0.98,Swissmetro,2
9137,1017,0.03,0.96,0.01,swissmetro,0.93,Train,1
9138,1017,0.05,0.93,0.02,swissmetro,0.9,Train,1
9139,1017,0.03,0.97,0.0,swissmetro,0.95,Swissmetro,2
9140,1017,0.07,0.92,0.01,swissmetro,0.88,Swissmetro,2
9141,1017,0.12,0.75,0.13,swissmetro,0.63,Train,1
9142,1017,0.31,0.68,0.01,swissmetro,0.53,Swissmetro,2
9143,1017,0.03,0.96,0.01,swissmetro,0.94,Swissmetro,2
9144,1018,0.23,0.74,0.03,swissmetro,0.62,Car,3
9145,1018,0.16,0.82,0.02,swissmetro,0.73,Swissmetro,2
9146,1018,0.28,0.69,0.03,swissmetro,0.53,Swissmetro,2
9147,1018,0.11,0.83,0.06,swissmetro,0.76,Swissmetro,2
9148,1018,0.25,0.71,0.04,swissmetro,0.57,Car,3
9149,1018,0.18,0.8,0.02,swissmetro,0.7,Swissmetro,2
9150,1018,0.1,0.78,0.12,swissmetro,0.67,Swissmetro,2
9151,1018,0.05,0.9,0.05,swissmetro,0.85,Train,1
9152,1018,0.09,0.87,0.04,swissmetro,0.81,Swissmetro,2
9153,1019,0.06,0.92,0.02,swissmetro,0.88,Swissmetro,2
9154,1019,0.06,0.89,0.05,swissmetro,0.83,Swissmetro,2
9155,1019,0.06,0.87,0.07,swissmetro,0.8,Swissmetro,2
9156,1019,0.05,0.94,0.01,swissmetro,0.91,Swissmetro,2
9157,1019,0.06,0.92,0.02,swissmetro,0.89,Swissmetro,2
9158,1019,0.08,0.9,0.02,swissmetro,0.85,Swissmetro,2
9159,1019,0.04,0.88,0.08,swissmetro,0.82,Swissmetro,2
9160,1019,0.09,0.89,0.02,swissmetro,0.83,Swissmetro,2
9161,1019,0.1,0.88,0.02,swissmetro,0.82,Swissmetro,2
9162,1020,0.14,0.74,0.12,swissmetro,0.6,Car,3
9163,1020,0.13,0.81,0.05,swissmetro,0.72,Swissmetro,2
9164,1020,0.16,0.77,0.07,swissmetro,0.64,Swissmetro,2
9165,1020,0.1,0.41,0.49,car,0.24,Car,3
9166,1020,0.12,0.82,0.06,swissmetro,0.74,Swissmetro,2
9167,1020,0.1,0.56,0.34,swissmetro,0.34,Car,3
9168,1020,0.12,0.62,0.26,swissmetro,0.44,Car,3
9169,1020,0.08,0.6,0.32,swissmetro,0.39,Car,3
9170,1020,0.16,0.66,0.18,swissmetro,0.5,Car,3
9171,1021,0.05,0.92,0.03,swissmetro,0.89,Swissmetro,2
9172,1021,0.16,0.78,0.06,swissmetro,0.68,Swissmetro,2
9173,1021,0.09,0.81,0.1,swissmetro,0.71,Car,3
9174,1021,0.05,0.9299999999999999,0.02,swissmetro,0.9,Train,1
9175,1021,0.09,0.86,0.05,swissmetro,0.8,Swissmetro,2
9176,1021,0.09,0.88,0.03,swissmetro,0.81,Swissmetro,2
9177,1021,0.07,0.88,0.05,swissmetro,0.83,Car,3
9178,1021,0.08,0.9,0.02,swissmetro,0.85,Swissmetro,2
9179,1021,0.14,0.82,0.04,swissmetro,0.73,Train,1
9180,1022,0.03,0.43,0.54,car,0.31,Car,3
9181,1022,0.14,0.7,0.16,swissmetro,0.55,Swissmetro,2
9182,1022,0.06,0.49,0.45,swissmetro,0.25,Car,3
9183,1022,0.08,0.91,0.01,swissmetro,0.87,Swissmetro,2
9184,1022,0.06,0.64,0.3,swissmetro,0.46,Car,3
9185,1022,0.08,0.8,0.12,swissmetro,0.7,Car,3
9186,1022,0.03,0.61,0.36,swissmetro,0.41,Car,3
9187,1022,0.09,0.67,0.24,swissmetro,0.5,Swissmetro,2
9188,1022,0.06,0.28,0.66,car,0.49,Car,3
9189,1023,0.02,0.94,0.04,swissmetro,0.92,Swissmetro,2
9190,1023,0.04,0.95,0.01,swissmetro,0.93,Swissmetro,2
9191,1023,0.01,0.95,0.04,swissmetro,0.91,Car,3
9192,1023,0.02,0.96,0.02,swissmetro,0.94,Swissmetro,2
9193,1023,0.03,0.94,0.03,swissmetro,0.91,Swissmetro,2
9194,1023,0.03,0.95,0.02,swissmetro,0.92,Swissmetro,2
9195,1023,0.03,0.91,0.06,swissmetro,0.87,Car,3
9196,1023,0.03,0.95,0.02,swissmetro,0.92,Swissmetro,2
9197,1023,0.08,0.82,0.1,swissmetro,0.72,Swissmetro,2
9198,1024,0.04,0.84,0.12,swissmetro,0.76,Swissmetro,2
9199,1024,0.08,0.88,0.04,swissmetro,0.82,Swissmetro,2
9200,1024,0.06,0.71,0.23,swissmetro,0.56,Swissmetro,2
9201,1024,0.05,0.75,0.2,swissmetro,0.62,Car,3
9202,1024,0.05,0.78,0.17,swissmetro,0.67,Swissmetro,2
9203,1024,0.03,0.86,0.11,swissmetro,0.8,Car,3
9204,1024,0.01,0.65,0.34,swissmetro,0.47,Swissmetro,2
9205,1024,0.01,0.74,0.25,swissmetro,0.62,Car,3
9206,1024,0.06,0.73,0.21,swissmetro,0.59,Car,3
9207,1025,0.05,0.06,0.89,car,0.83,Car,3
9208,1025,0.31,0.16,0.53,car,0.3,Train,1
9209,1025,0.07,0.02,0.91,car,0.86,Car,3
9210,1025,0.26,0.57,0.17,swissmetro,0.35,Train,1
9211,1025,0.31,0.21,0.48,car,0.22,Car,3
9212,1025,0.14,0.36,0.5,car,0.26,Train,1
9213,1025,0.03,0.08,0.89,car,0.84,Car,3
9214,1025,0.33,0.23,0.44,car,0.16,Car,3
9215,1025,0.12,0.23,0.65,car,0.49,Car,3
9216,1026,0.02,0.67,0.31,swissmetro,0.49,Swissmetro,2
9217,1026,0.05,0.89,0.06,swissmetro,0.83,Car,3
9218,1026,0.07,0.74,0.19,swissmetro,0.62,Swissmetro,2
9219,1026,0.13,0.61,0.26,swissmetro,0.41,Train,1
9220,1026,0.15,0.64,0.21,swissmetro,0.46,Car,3
9221,1026,0.03,0.87,0.1,swissmetro,0.8,Car,3
9222,1026,0.02,0.69,0.29,swissmetro,0.53,Swissmetro,2
9223,1026,0.01,0.77,0.22,swissmetro,0.66,Swissmetro,2
9224,1026,0.07,0.67,0.26,swissmetro,0.51,Car,3
9225,1027,0.02,0.93,0.05,swissmetro,0.9,Swissmetro,2
9226,1027,0.02,0.96,0.02,swissmetro,0.94,Swissmetro,2
9227,1027,0.02,0.84,0.14,swissmetro,0.77,Swissmetro,2
9228,1027,0.02,0.86,0.12,swissmetro,0.79,Car,3
9229,1027,0.04,0.9,0.06,swissmetro,0.85,Swissmetro,2
9230,1027,0.01,0.9,0.09,swissmetro,0.85,Swissmetro,2
9231,1027,0.02,0.87,0.11,swissmetro,0.8,Car,3
9232,1027,0.05,0.88,0.07,swissmetro,0.83,Swissmetro,2
9233,1027,0.01,0.92,0.07,swissmetro,0.88,Swissmetro,2
9234,1028,0.16,0.43,0.41,swissmetro,0.14,Car,3
9235,1028,0.09,0.75,0.16,swissmetro,0.64,Swissmetro,2
9236,1028,0.05,0.38,0.57,car,0.36,Car,3
9237,1028,0.11,0.39,0.5,car,0.25,Car,3
9238,1028,0.07,0.83,0.1,swissmetro,0.73,Swissmetro,2
9239,1028,0.06,0.69,0.25,swissmetro,0.54,Car,3
9240,1028,0.01,0.28,0.71,car,0.56,Car,3
9241,1028,0.3,0.46,0.24,swissmetro,0.19,Car,3
9242,1028,0.02,0.6,0.38,swissmetro,0.41,Car,3
9243,1029,0.12,0.78,0.1,swissmetro,0.68,Car,3
9244,1029,0.04,0.92,0.04,swissmetro,0.88,Train,1
9245,1029,0.04,0.64,0.32,swissmetro,0.46,Car,3
9246,1029,0.05,0.66,0.29,swissmetro,0.5,Car,3
9247,1029,0.07,0.8099999999999999,0.12,swissmetro,0.72,Swissmetro,2
9248,1029,0.06,0.79,0.15,swissmetro,0.69,Train,1
9249,1029,0.06,0.68,0.26,swissmetro,0.52,Car,3
9250,1029,0.1,0.76,0.14,swissmetro,0.64,Swissmetro,2
9251,1029,0.04,0.84,0.12,swissmetro,0.76,Swissmetro,2
9252,1030,0.08,0.81,0.11,swissmetro,0.72,Swissmetro,2
9253,1030,0.05,0.93,0.02,swissmetro,0.88,Swissmetro,2
9254,1030,0.04,0.55,0.41,swissmetro,0.32,Car,3
9255,1030,0.12,0.51,0.37,swissmetro,0.27,Car,3
9256,1030,0.1,0.77,0.13,swissmetro,0.66,Swissmetro,2
9257,1030,0.08,0.75,0.17,swissmetro,0.62,Car,3
9258,1030,0.07,0.66,0.27,swissmetro,0.5,Car,3
9259,1030,0.23,0.58,0.19,swissmetro,0.38,Swissmetro,2
9260,1030,0.06,0.64,0.3,swissmetro,0.47,Swissmetro,2
9261,1031,0.02,0.17,0.8099999999999999,car,0.72,Car,3
9262,1031,0.04,0.46,0.5,car,0.26,Car,3
9263,1031,0.02,0.22,0.76,car,0.65,Car,3
9264,1031,0.06,0.81,0.13,swissmetro,0.71,Car,3
9265,1031,0.07,0.41,0.52,car,0.29,Car,3
9266,1031,0.05,0.56,0.39,swissmetro,0.34,Car,3
9267,1031,0.02,0.19,0.79,car,0.68,Car,3
9268,1031,0.06,0.49,0.45,swissmetro,0.24,Car,3
9269,1031,0.03,0.17,0.8,car,0.7,Car,3
9270,1032,0.1,0.85,0.05,swissmetro,0.78,Swissmetro,2
9271,1032,0.08,0.91,0.01,swissmetro,0.86,Swissmetro,2
9272,1032,0.08,0.89,0.03,swissmetro,0.84,Swissmetro,2
9273,1032,0.09,0.85,0.06,swissmetro,0.78,Swissmetro,2
9274,1032,0.07,0.84,0.09,swissmetro,0.76,Swissmetro,2
9275,1032,0.07,0.87,0.06,swissmetro,0.8,Swissmetro,2
9276,1032,0.02,0.71,0.27,swissmetro,0.56,Swissmetro,2
9277,1032,0.04,0.78,0.18,swissmetro,0.66,Swissmetro,2
9278,1032,0.1,0.76,0.14,swissmetro,0.65,Swissmetro,2
9279,1033,0.04,0.55,0.41,swissmetro,0.33,Car,3
9280,1033,0.12,0.35,0.53,car,0.29,Car,3
9281,1033,0.01,0.14,0.85,car,0.77,Car,3
9282,1033,0.02,0.92,0.06,swissmetro,0.87,Car,3
9283,1033,0.08,0.51,0.41,swissmetro,0.26,Car,3
9284,1033,0.03,0.67,0.3,swissmetro,0.51,Car,3
9285,1033,0.03,0.31,0.66,car,0.49,Car,3
9286,1033,0.08,0.5,0.42,swissmetro,0.26,Car,3
9287,1033,0.02,0.13,0.85,car,0.77,Car,3
9288,1034,0.09,0.79,0.12,swissmetro,0.7,Car,3
9289,1034,0.24,0.57,0.19,swissmetro,0.35,Car,3
9290,1034,0.09,0.62,0.29,swissmetro,0.43,Car,3
9291,1034,0.09,0.84,0.07,swissmetro,0.76,Swissmetro,2
9292,1034,0.11,0.75,0.14,swissmetro,0.63,Car,3
9293,1034,0.13,0.8,0.07,swissmetro,0.7,Car,3
9294,1034,0.09,0.74,0.17,swissmetro,0.61,Car,3
9295,1034,0.13,0.79,0.08,swissmetro,0.68,Car,3
9296,1034,0.2,0.52,0.28,swissmetro,0.28,Car,3
9297,1035,0.17,0.71,0.12,swissmetro,0.57,Car,3
9298,1035,0.11,0.84,0.05,swissmetro,0.75,Swissmetro,2
9299,1035,0.12,0.73,0.15,swissmetro,0.6,Swissmetro,2
9300,1035,0.09,0.62,0.29,swissmetro,0.42,Car,3
9301,1035,0.03,0.73,0.24,swissmetro,0.59,Car,3
9302,1035,0.01,0.88,0.11,swissmetro,0.82,Swissmetro,2
9303,1035,0.01,0.72,0.27,swissmetro,0.58,Car,3
9304,1035,0.01,0.82,0.17,swissmetro,0.74,Car,3
9305,1035,0.06,0.74,0.2,swissmetro,0.61,Car,3
9306,1036,0.06,0.65,0.29,swissmetro,0.48,Swissmetro,2
9307,1036,0.11,0.83,0.06,swissmetro,0.74,Swissmetro,2
9308,1036,0.02,0.78,0.2,swissmetro,0.68,Car,3
9309,1036,0.03,0.95,0.02,swissmetro,0.92,Swissmetro,2
9310,1036,0.04,0.91,0.05,swissmetro,0.86,Swissmetro,2
9311,1036,0.05,0.9,0.05,swissmetro,0.86,Swissmetro,2
9312,1036,0.04,0.8,0.16,swissmetro,0.7,Car,3
9313,1036,0.08,0.87,0.05,swissmetro,0.8,Swissmetro,2
9314,1036,0.07,0.7,0.23,swissmetro,0.54,Car,3
9315,1037,0.14,0.49,0.37,swissmetro,0.23,Swissmetro,2
9316,1037,0.17,0.78,0.05,swissmetro,0.68,Swissmetro,2
9317,1037,0.03,0.42,0.55,car,0.32,Car,3
9318,1037,0.04,0.89,0.07,swissmetro,0.83,Swissmetro,2
9319,1037,0.14,0.63,0.23,swissmetro,0.44,Car,3
9320,1037,0.27,0.68,0.05,swissmetro,0.52,Swissmetro,2
9321,1037,0.05,0.37,0.58,car,0.37,Car,3
9322,1037,0.27,0.68,0.04,swissmetro,0.52,Swissmetro,2
9323,1037,0.11,0.76,0.13,swissmetro,0.64,Car,3
9324,1038,0.08,0.48,0.44,swissmetro,0.23,Swissmetro,2
9325,1038,0.15,0.59,0.26,swissmetro,0.39,Swissmetro,2
9326,1038,0.07,0.46,0.47,car,0.22,Swissmetro,2
9327,1038,0.11,0.87,0.02,swissmetro,0.81,Swissmetro,2
9328,1038,0.13,0.67,0.2,swissmetro,0.5,Swissmetro,2
9329,1038,0.15,0.64,0.21,swissmetro,0.45,Swissmetro,2
9330,1038,0.07,0.43,0.5,car,0.24,Swissmetro,2
9331,1038,0.14,0.64,0.22,swissmetro,0.46,Swissmetro,2
9332,1038,0.17,0.33,0.5,car,0.26,Swissmetro,2
9333,1039,0.02,0.04,0.94,car,0.9,Car,3
9334,1039,0.04,0.04,0.92,car,0.89,Car,3
9335,1039,0.02,0.03,0.95,car,0.92,Car,3
9336,1039,0.03,0.11,0.86,car,0.79,Swissmetro,2
9337,1039,0.02,0.05,0.93,car,0.89,Car,3
9338,1039,0.02,0.05,0.93,car,0.89,Swissmetro,2
9339,1039,0.02,0.05,0.9299999999999999,car,0.91,Car,3
9340,1039,0.01,0.09,0.9,car,0.85,Car,3
9341,1039,0.01,0.02,0.97,car,0.96,Car,3
9342,1040,0.05,0.54,0.41,swissmetro,0.31,Swissmetro,2
9343,1040,0.15,0.77,0.08,swissmetro,0.66,Swissmetro,2
9344,1040,0.03,0.72,0.25,swissmetro,0.57,Car,3
9345,1040,0.04,0.93,0.03,swissmetro,0.88,Swissmetro,2
9346,1040,0.08,0.7,0.22,swissmetro,0.56,Swissmetro,2
9347,1040,0.1,0.75,0.15,swissmetro,0.62,Swissmetro,2
9348,1040,0.03,0.79,0.18,swissmetro,0.69,Car,3
9349,1040,0.07,0.79,0.14,swissmetro,0.68,Car,3
9350,1040,0.05,0.66,0.29,swissmetro,0.5,Car,3
9351,1041,0.04,0.63,0.33,swissmetro,0.45,Car,3
9352,1041,0.06,0.67,0.27,swissmetro,0.5,Swissmetro,2
9353,1041,0.04,0.52,0.44,swissmetro,0.29,Car,3
9354,1041,0.05,0.85,0.1,swissmetro,0.77,Swissmetro,2
9355,1041,0.05,0.56,0.39,swissmetro,0.34,Car,3
9356,1041,0.04,0.79,0.17,swissmetro,0.69,Swissmetro,2
9357,1041,0.02,0.67,0.31,swissmetro,0.5,Car,3
9358,1041,0.03,0.79,0.18,swissmetro,0.68,Car,3
9359,1041,0.03,0.68,0.29,swissmetro,0.52,Car,3
9360,1042,0.15,0.34,0.51,car,0.27,Car,3
9361,1042,0.21,0.65,0.14,swissmetro,0.48,Swissmetro,2
9362,1042,0.04,0.3,0.66,car,0.49,Car,3
9363,1042,0.06,0.08,0.86,car,0.8,Car,3
9364,1042,0.09,0.83,0.08,swissmetro,0.74,Swissmetro,2
9365,1042,0.06,0.46,0.48,car,0.21,Car,3
9366,1042,0.06,0.14,0.8,car,0.7,Car,3
9367,1042,0.39,0.25,0.36,train,0.08,Car,3
9368,1042,0.02,0.75,0.23,swissmetro,0.63,Car,3
9369,1043,0.06,0.63,0.31,swissmetro,0.44,Car,3
9370,1043,0.05,0.58,0.37,swissmetro,0.36,Swissmetro,2
9371,1043,0.02,0.38,0.6,car,0.41,Car,3
9372,1043,0.02,0.84,0.14,swissmetro,0.76,Swissmetro,2
9373,1043,0.03,0.6,0.37,swissmetro,0.39,Car,3
9374,1043,0.02,0.78,0.2,swissmetro,0.67,Swissmetro,2
9375,1043,0.03,0.48,0.49,car,0.23,Car,3
9376,1043,0.07,0.77,0.16,swissmetro,0.66,Swissmetro,2
9377,1043,0.04,0.33,0.63,car,0.45,Car,3
9378,1044,0.05,0.75,0.2,swissmetro,0.64,Car,3
9379,1044,0.07,0.72,0.21,swissmetro,0.59,Train,1
9380,1044,0.12,0.47,0.41,swissmetro,0.2,Car,3
9381,1044,0.05,0.65,0.3,swissmetro,0.48,Car,3
9382,1044,0.04,0.47,0.49,car,0.23,Car,3
9383,1044,0.02,0.84,0.14,swissmetro,0.75,Car,3
9384,1044,0.02,0.51,0.47,swissmetro,0.27,Car,3
9385,1044,0.01,0.47,0.52,car,0.28,Car,3
9386,1044,0.01,0.69,0.3,swissmetro,0.53,Car,3
9387,1045,0.03,0.9299999999999999,0.04,swissmetro,0.91,Car,3
9388,1045,0.02,0.96,0.02,swissmetro,0.94,Car,3
9389,1045,0.02,0.77,0.21,swissmetro,0.65,Car,3
9390,1045,0.03,0.77,0.2,swissmetro,0.65,Car,3
9391,1045,0.04,0.88,0.08,swissmetro,0.81,Car,3
9392,1045,0.02,0.87,0.11,swissmetro,0.81,Car,3
9393,1045,0.02,0.75,0.23,swissmetro,0.62,Car,3
9394,1045,0.06,0.83,0.11,swissmetro,0.75,Car,3
9395,1045,0.01,0.86,0.13,swissmetro,0.79,Car,3
9396,1046,0.02,0.69,0.29,swissmetro,0.54,Car,3
9397,1046,0.06,0.7,0.24,swissmetro,0.55,Car,3
9398,1046,0.01,0.49,0.5,car,0.25,Car,3
9399,1046,0.05,0.84,0.11,swissmetro,0.77,Swissmetro,2
9400,1046,0.07,0.18,0.75,car,0.63,Swissmetro,2
9401,1046,0.07,0.82,0.11,swissmetro,0.73,Car,3
9402,1046,0.04,0.58,0.38,swissmetro,0.36,Car,3
9403,1046,0.05,0.85,0.1,swissmetro,0.78,Swissmetro,2
9404,1046,0.02,0.27,0.71,car,0.56,Car,3
9405,1047,0.01,0.94,0.05,swissmetro,0.92,Swissmetro,2
9406,1047,0.05,0.91,0.04,swissmetro,0.87,Swissmetro,2
9407,1047,0.01,0.87,0.12,swissmetro,0.81,Swissmetro,2
9408,1047,0.02,0.93,0.05,swissmetro,0.89,Swissmetro,2
9409,1047,0.05,0.85,0.1,swissmetro,0.77,Swissmetro,2
9410,1047,0.03,0.93,0.04,swissmetro,0.88,Swissmetro,2
9411,1047,0.03,0.87,0.1,swissmetro,0.8,Swissmetro,2
9412,1047,0.05,0.88,0.07,swissmetro,0.82,Swissmetro,2
9413,1047,0.07,0.6,0.33,swissmetro,0.4,Swissmetro,2
9414,1048,0.02,0.88,0.1,swissmetro,0.81,Swissmetro,2
9415,1048,0.13,0.84,0.03,swissmetro,0.76,Car,3
9416,1048,0.1,0.84,0.06,swissmetro,0.76,Swissmetro,2
9417,1048,0.08,0.82,0.1,swissmetro,0.73,Train,1
9418,1048,0.08,0.87,0.05,swissmetro,0.82,Swissmetro,2
9419,1048,0.06,0.88,0.06,swissmetro,0.81,Swissmetro,2
9420,1048,0.06,0.49,0.45,swissmetro,0.23,Car,3
9421,1048,0.11,0.73,0.16,swissmetro,0.59,Car,3
9422,1048,0.14,0.68,0.18,swissmetro,0.52,Car,3
9423,1049,0.02,0.45,0.53,car,0.29,Car,3
9424,1049,0.08,0.42,0.5,car,0.25,Car,3
9425,1049,0.03,0.27,0.7,car,0.55,Car,3
9426,1049,0.05,0.83,0.12,swissmetro,0.75,Car,3
9427,1049,0.07,0.66,0.27,swissmetro,0.49,Car,3
9428,1049,0.04,0.61,0.35,swissmetro,0.43,Car,3
9429,1049,0.05,0.29,0.66,car,0.5,Car,3
9430,1049,0.13,0.56,0.31,swissmetro,0.34,Car,3
9431,1049,0.05,0.36,0.59,car,0.39,Car,3
9432,1050,0.01,0.11,0.88,car,0.82,Car,3
9433,1050,0.14,0.26,0.6,car,0.41,Car,3
9434,1050,0.03,0.04,0.93,car,0.89,Car,3
9435,1050,0.06,0.85,0.09,swissmetro,0.77,Car,3
9436,1050,0.06,0.38,0.56,car,0.34,Car,3
9437,1050,0.04,0.48,0.48,car,0.22,Car,3
9438,1050,0.03,0.19,0.78,car,0.68,Car,3
9439,1050,0.07,0.57,0.36,swissmetro,0.35,Car,3
9440,1050,0.09,0.1,0.81,car,0.71,Car,3
9441,1051,0.01,0.88,0.11,swissmetro,0.82,Swissmetro,2
9442,1051,0.03,0.9,0.07,swissmetro,0.86,Train,1
9443,1051,0.03,0.95,0.02,swissmetro,0.93,Train,1
9444,1051,0.04,0.88,0.08,swissmetro,0.82,Swissmetro,2
9445,1051,0.02,0.82,0.16,swissmetro,0.73,Swissmetro,2
9446,1051,0.04,0.9,0.06,swissmetro,0.85,Swissmetro,2
9447,1051,0.01,0.68,0.31,swissmetro,0.51,Car,3
9448,1051,0.03,0.82,0.15,swissmetro,0.73,Car,3
9449,1051,0.12,0.57,0.31,swissmetro,0.35,Car,3
9450,1052,0.08,0.69,0.23,swissmetro,0.53,Car,3
9451,1052,0.05,0.89,0.06,swissmetro,0.83,Swissmetro,2
9452,1052,0.13,0.74,0.13,swissmetro,0.62,Swissmetro,2
9453,1052,0.08,0.46,0.45999999999999996,car,0.2,Car,3
9454,1052,0.07,0.61,0.32,swissmetro,0.4,Car,3
9455,1052,0.13,0.5,0.37,swissmetro,0.24,Car,3
9456,1052,0.02,0.25,0.73,car,0.59,Car,3
9457,1052,0.02,0.55,0.43,swissmetro,0.32,Car,3
9458,1052,0.07,0.49,0.44,swissmetro,0.24,Car,3
9459,1053,0.05,0.84,0.11,swissmetro,0.76,Swissmetro,2
9460,1053,0.13,0.85,0.02,swissmetro,0.78,Swissmetro,2
9461,1053,0.01,0.24,0.75,car,0.61,Car,3
9462,1053,0.14,0.32,0.54,car,0.31,Car,3
9463,1053,0.07,0.85,0.08,swissmetro,0.77,Swissmetro,2
9464,1053,0.05,0.81,0.14,swissmetro,0.72,Swissmetro,2
9465,1053,0.05,0.64,0.31,swissmetro,0.46,Car,3
9466,1053,0.27,0.65,0.08,swissmetro,0.49,Swissmetro,2
9467,1053,0.02,0.88,0.1,swissmetro,0.81,Car,3
9468,1054,0.0,0.94,0.06,swissmetro,0.9,Car,3
9469,1054,0.05,0.88,0.07,swissmetro,0.82,Swissmetro,2
9470,1054,0.03,0.73,0.24,swissmetro,0.59,Car,3
9471,1054,0.04,0.93,0.03,swissmetro,0.9,Swissmetro,2
9472,1054,0.03,0.72,0.25,swissmetro,0.57,Swissmetro,2
9473,1054,0.06,0.88,0.06,swissmetro,0.83,Swissmetro,2
9474,1054,0.09,0.78,0.13,swissmetro,0.66,Car,3
9475,1054,0.03,0.93,0.04,swissmetro,0.9,Swissmetro,2
9476,1054,0.06,0.72,0.22,swissmetro,0.58,Car,3
9477,1055,0.01,0.9,0.09,swissmetro,0.84,Car,3
9478,1055,0.08,0.85,0.07,swissmetro,0.78,Car,3
9479,1055,0.03,0.66,0.31,swissmetro,0.49,Car,3
9480,1055,0.11,0.88,0.01,swissmetro,0.81,Car,3
9481,1055,0.02,0.8,0.18,swissmetro,0.7,Car,3
9482,1055,0.05,0.74,0.21,swissmetro,0.6,Car,3
9483,1055,0.03,0.59,0.38,swissmetro,0.38,Car,3
9484,1055,0.04,0.9,0.06,swissmetro,0.84,Car,3
9485,1055,0.15,0.57,0.28,swissmetro,0.35,Car,3
9486,1056,0.01,0.92,0.07,swissmetro,0.89,Swissmetro,2
9487,1056,0.02,0.97,0.01,swissmetro,0.96,Swissmetro,2
9488,1056,0.04,0.93,0.03,swissmetro,0.9,Swissmetro,2
9489,1056,0.05,0.89,0.06,swissmetro,0.84,Car,3
9490,1056,0.05,0.89,0.06,swissmetro,0.82,Swissmetro,2
9491,1056,0.04,0.94,0.02,swissmetro,0.92,Car,3
9492,1056,0.02,0.77,0.21,swissmetro,0.65,Car,3
9493,1056,0.02,0.85,0.13,swissmetro,0.79,Swissmetro,2
9494,1056,0.07,0.85,0.08,swissmetro,0.78,Swissmetro,2
9495,1057,0.07,0.07,0.86,car,0.79,Car,3
9496,1057,0.19,0.2,0.61,car,0.42,Swissmetro,2
9497,1057,0.12,0.14,0.74,car,0.61,Car,3
9498,1057,0.06,0.1,0.84,car,0.76,Car,3
9499,1057,0.06,0.19,0.75,car,0.62,Car,3
9500,1057,0.03,0.08,0.89,car,0.85,Car,3
9501,1057,0.0,0.03,0.97,car,0.96,Car,3
9502,1057,0.01,0.08,0.91,car,0.87,Car,3
9503,1057,0.04,0.08,0.88,car,0.82,Car,3
9504,1058,0.04,0.41,0.55,car,0.33,Car,3
9505,1058,0.04,0.74,0.22,swissmetro,0.61,Swissmetro,2
9506,1058,0.02,0.15,0.83,car,0.75,Car,3
9507,1058,0.03,0.19,0.78,car,0.67,Car,3
9508,1058,0.08,0.57,0.35,swissmetro,0.36,Car,3
9509,1058,0.05,0.17,0.78,car,0.68,Car,3
9510,1058,0.02,0.18,0.8,car,0.69,Car,3
9511,1058,0.13,0.3,0.57,car,0.35,Car,3
9512,1058,0.05,0.36,0.59,car,0.39,Car,3
9513,1059,0.04,0.84,0.12,swissmetro,0.75,Swissmetro,2
9514,1059,0.05,0.94,0.01,swissmetro,0.91,Swissmetro,2
9515,1059,0.04,0.79,0.17,swissmetro,0.69,Swissmetro,2
9516,1059,0.07,0.53,0.4,swissmetro,0.3,Car,3
9517,1059,0.08,0.83,0.09,swissmetro,0.76,Swissmetro,2
9518,1059,0.04,0.78,0.18,swissmetro,0.67,Swissmetro,2
9519,1059,0.02,0.72,0.26,swissmetro,0.58,Car,3
9520,1059,0.43,0.54,0.03,swissmetro,0.31,Swissmetro,2
9521,1059,0.01,0.92,0.07,swissmetro,0.88,Car,3
9522,1060,0.02,0.05,0.93,car,0.9,Car,3
9523,1060,0.13,0.26,0.61,car,0.42,Swissmetro,2
9524,1060,0.1,0.09,0.81,car,0.71,Car,3
9525,1060,0.11,0.12,0.77,car,0.65,Swissmetro,2
9526,1060,0.04,0.06,0.9,car,0.85,Car,3
9527,1060,0.07,0.13,0.8,car,0.69,Swissmetro,2
9528,1060,0.02,0.1,0.88,car,0.83,Car,3
9529,1060,0.03,0.28,0.69,car,0.54,Swissmetro,2
9530,1060,0.08,0.05,0.87,car,0.8,Car,3
9531,1061,0.02,0.89,0.09,swissmetro,0.84,Car,3
9532,1061,0.05,0.8,0.15,swissmetro,0.71,Swissmetro,2
9533,1061,0.02,0.59,0.39,swissmetro,0.39,Car,3
9534,1061,0.06,0.88,0.06,swissmetro,0.81,Swissmetro,2
9535,1061,0.05,0.65,0.3,swissmetro,0.48,Car,3
9536,1061,0.08,0.86,0.06,swissmetro,0.8,Swissmetro,2
9537,1061,0.07,0.72,0.21,swissmetro,0.59,Car,3
9538,1061,0.13,0.77,0.1,swissmetro,0.65,Car,3
9539,1061,0.16,0.52,0.32,swissmetro,0.29,Car,3
9540,1062,0.02,0.75,0.23,swissmetro,0.63,Car,3
9541,1062,0.02,0.85,0.13,swissmetro,0.78,Swissmetro,2
9542,1062,0.05,0.89,0.06,swissmetro,0.83,Swissmetro,2
9543,1062,0.04,0.7,0.26,swissmetro,0.55,Car,3
9544,1062,0.02,0.91,0.07,swissmetro,0.85,Swissmetro,2
9545,1062,0.05,0.85,0.1,swissmetro,0.79,Car,3
9546,1062,0.0,0.71,0.29,swissmetro,0.55,Car,3
9547,1062,0.01,0.61,0.38,swissmetro,0.42,Car,3
9548,1062,0.01,0.85,0.14,swissmetro,0.78,Car,3
9549,1063,0.02,0.21,0.77,car,0.65,Car,3
9550,1063,0.02,0.85,0.13,swissmetro,0.77,Swissmetro,2
9551,1063,0.01,0.25,0.74,car,0.61,Car,3
9552,1063,0.06,0.3,0.64,car,0.47,Car,3
9553,1063,0.05,0.81,0.14,swissmetro,0.72,Swissmetro,2
9554,1063,0.01,0.47,0.52,car,0.27,Car,3
9555,1063,0.02,0.21,0.77,car,0.66,Car,3
9556,1063,0.13,0.5,0.37,swissmetro,0.26,Swissmetro,2
9557,1063,0.03,0.61,0.36,swissmetro,0.42,Car,3
9558,1064,0.01,0.86,0.13,swissmetro,0.8,Car,3
9559,1064,0.08,0.85,0.07,swissmetro,0.78,Car,3
9560,1064,0.07,0.54,0.39,swissmetro,0.32,Car,3
9561,1064,0.06,0.94,0.0,swissmetro,0.91,Swissmetro,2
9562,1064,0.08,0.86,0.06,swissmetro,0.79,Swissmetro,2
9563,1064,0.03,0.9,0.07,swissmetro,0.84,Car,3
9564,1064,0.04,0.81,0.15,swissmetro,0.71,Car,3
9565,1064,0.08,0.91,0.01,swissmetro,0.86,Car,3
9566,1064,0.14,0.65,0.21,swissmetro,0.48,Car,3
9567,1065,0.05,0.21,0.74,car,0.61,Car,3
9568,1065,0.19,0.66,0.15,swissmetro,0.5,Car,3
9569,1065,0.16,0.41,0.43,car,0.14,Car,3
9570,1065,0.22,0.56,0.22,swissmetro,0.34,Car,3
9571,1065,0.05,0.22,0.73,car,0.6,Car,3
9572,1065,0.07,0.3,0.63,car,0.44,Car,3
9573,1065,0.02,0.17,0.81,car,0.71,Car,3
9574,1065,0.06,0.36,0.58,car,0.36,Car,3
9575,1065,0.14,0.16,0.7,car,0.54,Car,3
9576,1066,0.05,0.92,0.03,swissmetro,0.88,Car,3
9577,1066,0.03,0.97,0.0,swissmetro,0.95,Car,3
9578,1066,0.1,0.75,0.15,swissmetro,0.63,Car,3
9579,1066,0.08,0.83,0.09,swissmetro,0.74,Car,3
9580,1066,0.15,0.77,0.08,swissmetro,0.65,Car,3
9581,1066,0.07,0.62,0.31,swissmetro,0.43,Car,3
9582,1066,0.1,0.45,0.45,swissmetro,0.17,Car,3
9583,1066,0.2,0.77,0.03,swissmetro,0.66,Car,3
9584,1066,0.03,0.88,0.09,swissmetro,0.81,Car,3
9585,1067,0.07,0.66,0.27,swissmetro,0.48,Swissmetro,2
9586,1067,0.05,0.81,0.14,swissmetro,0.72,Swissmetro,2
9587,1067,0.06,0.45,0.49,car,0.23,Car,3
9588,1067,0.04,0.2,0.76,car,0.64,Car,3
9589,1067,0.13,0.65,0.22,swissmetro,0.47,Swissmetro,2
9590,1067,0.06,0.54,0.4,swissmetro,0.3,Car,3
9591,1067,0.04,0.42,0.54,car,0.31,Car,3
9592,1067,0.15,0.63,0.22,swissmetro,0.45,Swissmetro,2
9593,1067,0.05,0.51,0.44,swissmetro,0.26,Car,3
9594,1068,0.04,0.28,0.68,car,0.51,Car,3
9595,1068,0.2,0.52,0.28,swissmetro,0.28,Car,3
9596,1068,0.08,0.34,0.58,car,0.37,Car,3
9597,1068,0.14,0.81,0.05,swissmetro,0.72,Swissmetro,2
9598,1068,0.2,0.53,0.27,swissmetro,0.3,Car,3
9599,1068,0.2,0.51,0.29,swissmetro,0.27,Swissmetro,2
9600,1068,0.1,0.12,0.78,car,0.67,Car,3
9601,1068,0.39,0.52,0.09,swissmetro,0.27,Swissmetro,2
9602,1068,0.17,0.15,0.68,car,0.51,Car,3
9603,1069,0.06,0.4,0.54,car,0.32,Car,3
9604,1069,0.09,0.5,0.41,swissmetro,0.24,Swissmetro,2
9605,1069,0.04,0.16,0.8,car,0.71,Car,3
9606,1069,0.1,0.83,0.07,swissmetro,0.75,Swissmetro,2
9607,1069,0.04,0.41,0.55,car,0.33,Car,3
9608,1069,0.07,0.56,0.37,swissmetro,0.33,Swissmetro,2
9609,1069,0.02,0.23,0.75,car,0.63,Car,3
9610,1069,0.04,0.53,0.43,swissmetro,0.3,Swissmetro,2
9611,1069,0.05,0.2,0.75,car,0.62,Car,3
9612,1070,0.15,0.75,0.1,swissmetro,0.62,Car,3
9613,1070,0.27,0.65,0.08,swissmetro,0.49,Car,3
9614,1070,0.28,0.48,0.24,swissmetro,0.22,Car,3
9615,1070,0.19,0.67,0.14,swissmetro,0.5,Car,3
9616,1070,0.24,0.55,0.21,swissmetro,0.33,Car,3
9617,1070,0.15,0.75,0.1,swissmetro,0.61,Car,3
9618,1070,0.12,0.59,0.29,swissmetro,0.39,Car,3
9619,1070,0.09,0.78,0.13,swissmetro,0.67,Car,3
9620,1070,0.24,0.43,0.33,swissmetro,0.14,Car,3
9621,1071,0.14,0.27,0.59,car,0.39,Car,3
9622,1071,0.15,0.5,0.35,swissmetro,0.25,Swissmetro,2
9623,1071,0.13,0.73,0.14,swissmetro,0.59,Swissmetro,2
9624,1071,0.23,0.73,0.04,swissmetro,0.6,Swissmetro,2
9625,1071,0.08,0.71,0.21,swissmetro,0.57,Swissmetro,2
9626,1071,0.14,0.7,0.16,swissmetro,0.55,Swissmetro,2
9627,1071,0.02,0.52,0.46,swissmetro,0.28,Car,3
9628,1071,0.04,0.71,0.25,swissmetro,0.56,Car,3
9629,1071,0.16,0.41,0.43,car,0.14,Car,3
9630,1072,0.06,0.36,0.58,car,0.38,Car,3
9631,1072,0.07,0.75,0.18,swissmetro,0.63,Swissmetro,2
9632,1072,0.2,0.29,0.51,car,0.27,Swissmetro,2
9633,1072,0.09,0.22,0.69,car,0.54,Swissmetro,2
9634,1072,0.06,0.34,0.6,car,0.41,Car,3
9635,1072,0.1,0.28,0.62,car,0.43,Swissmetro,2
9636,1072,0.01,0.18,0.81,car,0.72,Car,3
9637,1072,0.03,0.52,0.45,swissmetro,0.28,Swissmetro,2
9638,1072,0.13,0.42,0.45,car,0.18,Car,3
9639,1073,0.04,0.8,0.16,swissmetro,0.7,Swissmetro,2
9640,1073,0.14,0.73,0.13,swissmetro,0.6,Swissmetro,2
9641,1073,0.02,0.39,0.59,car,0.4,Car,3
9642,1073,0.05,0.94,0.01,swissmetro,0.92,Swissmetro,2
9643,1073,0.05,0.84,0.11,swissmetro,0.76,Car,3
9644,1073,0.03,0.94,0.03,swissmetro,0.92,Swissmetro,2
9645,1073,0.03,0.63,0.34,swissmetro,0.45,Swissmetro,2
9646,1073,0.05,0.9,0.05,swissmetro,0.86,Swissmetro,2
9647,1073,0.27,0.47,0.26,swissmetro,0.2,Car,3
9648,1074,0.01,0.85,0.14,swissmetro,0.79,Car,3
9649,1074,0.02,0.83,0.15,swissmetro,0.75,Swissmetro,2
9650,1074,0.06,0.82,0.12,swissmetro,0.73,Swissmetro,2
9651,1074,0.04,0.7,0.26,swissmetro,0.55,Car,3
9652,1074,0.02,0.65,0.33,swissmetro,0.48,Swissmetro,2
9653,1074,0.05,0.7,0.25,swissmetro,0.54,Car,3
9654,1074,0.02,0.28,0.7,car,0.55,Car,3
9655,1074,0.02,0.61,0.37,swissmetro,0.42,Car,3
9656,1074,0.05,0.51,0.44,swissmetro,0.27,Car,3
9657,1075,0.01,0.07,0.92,car,0.88,Car,3
9658,1075,0.01,0.31,0.68,car,0.51,Swissmetro,2
9659,1075,0.01,0.05,0.94,car,0.92,Car,3
9660,1075,0.05,0.0,0.95,car,0.91,Car,3
9661,1075,0.04,0.79,0.17,swissmetro,0.68,Swissmetro,2
9662,1075,0.05,0.07,0.88,car,0.82,Car,3
9663,1075,0.03,0.01,0.96,car,0.94,Car,3
9664,1075,0.12,0.02,0.86,car,0.79,Car,3
9665,1075,0.01,0.14,0.85,car,0.78,Car,3
9666,1076,0.0,0.99,0.01,swissmetro,0.97,Car,3
9667,1076,0.01,0.98,0.01,swissmetro,0.97,Swissmetro,2
9668,1076,0.01,0.72,0.27,swissmetro,0.58,Car,3
9669,1076,0.04,0.6799999999999999,0.28,swissmetro,0.53,Car,3
9670,1076,0.04,0.87,0.09,swissmetro,0.8,Swissmetro,2
9671,1076,0.02,0.87,0.11,swissmetro,0.81,Car,3
9672,1076,0.02,0.82,0.16,swissmetro,0.73,Car,3
9673,1076,0.06,0.83,0.11,swissmetro,0.73,Car,3
9674,1076,0.01,0.86,0.13,swissmetro,0.78,Car,3
9675,1077,0.01,0.95,0.04,swissmetro,0.93,Swissmetro,2
9676,1077,0.02,0.96,0.02,swissmetro,0.95,Swissmetro,2
9677,1077,0.01,0.78,0.21,swissmetro,0.66,Car,3
9678,1077,0.07,0.61,0.32,swissmetro,0.42,Car,3
9679,1077,0.1,0.79,0.11,swissmetro,0.68,Swissmetro,2
9680,1077,0.07,0.57,0.36,swissmetro,0.35,Car,3
9681,1077,0.02,0.36,0.62,car,0.43,Car,3
9682,1077,0.19,0.65,0.16,swissmetro,0.47,Swissmetro,2
9683,1077,0.01,0.82,0.17,swissmetro,0.73,Car,3
9684,1078,0.05,0.92,0.03,swissmetro,0.88,Swissmetro,2
9685,1078,0.06,0.9,0.04,swissmetro,0.85,Swissmetro,2
9686,1078,0.1,0.87,0.03,swissmetro,0.8,Swissmetro,2
9687,1078,0.04,0.92,0.04,swissmetro,0.88,Swissmetro,2
9688,1078,0.03,0.93,0.04,swissmetro,0.89,Swissmetro,2
9689,1078,0.07,0.88,0.05,swissmetro,0.82,Swissmetro,2
9690,1078,0.03,0.85,0.12,swissmetro,0.77,Swissmetro,2
9691,1078,0.03,0.87,0.1,swissmetro,0.81,Swissmetro,2
9692,1078,0.06,0.85,0.09,swissmetro,0.77,Swissmetro,2
9693,1079,0.1,0.77,0.13,swissmetro,0.66,Car,3
9694,1079,0.06,0.91,0.03,swissmetro,0.86,Swissmetro,2
9695,1079,0.11,0.53,0.36,swissmetro,0.29,Car,3
9696,1079,0.14,0.55,0.31,swissmetro,0.32,Car,3
9697,1079,0.14,0.78,0.08,swissmetro,0.66,Swissmetro,2
9698,1079,0.1,0.7,0.2,swissmetro,0.54,Car,3
9699,1079,0.08,0.56,0.36,swissmetro,0.34,Car,3
9700,1079,0.18,0.54,0.28,swissmetro,0.31,Car,3
9701,1079,0.0,0.8,0.2,swissmetro,0.69,Car,3
9702,1080,0.06,0.02,0.92,car,0.88,Car,3
9703,1080,0.21,0.22,0.57,car,0.36,Car,3
9704,1080,0.21,0.13,0.66,car,0.49,Car,3
9705,1080,0.19,0.13,0.68,car,0.51,Car,3
9706,1080,0.05,0.11,0.84,car,0.75,Car,3
9707,1080,0.09,0.2,0.71,car,0.56,Car,3
9708,1080,0.01,0.07,0.92,car,0.88,Car,3
9709,1080,0.03,0.11,0.86,car,0.78,Car,3
9710,1080,0.1,0.12,0.78,car,0.67,Car,3
9711,1081,0.04,0.87,0.09,swissmetro,0.81,Car,3
9712,1081,0.04,0.92,0.04,swissmetro,0.89,Swissmetro,2
9713,1081,0.03,0.78,0.19,swissmetro,0.68,Car,3
9714,1081,0.13,0.61,0.26,swissmetro,0.41,Car,3
9715,1081,0.07,0.86,0.07,swissmetro,0.78,Swissmetro,2
9716,1081,0.06,0.77,0.17,swissmetro,0.66,Car,3
9717,1081,0.03,0.8,0.17,swissmetro,0.71,Car,3
9718,1081,0.15,0.76,0.09,swissmetro,0.64,Swissmetro,2
9719,1081,0.03,0.88,0.09,swissmetro,0.83,Swissmetro,2
9720,1082,0.02,0.75,0.23,swissmetro,0.63,Car,3
9721,1082,0.14,0.65,0.21,swissmetro,0.48,Swissmetro,2
9722,1082,0.01,0.44,0.55,car,0.32,Car,3
9723,1082,0.06,0.92,0.02,swissmetro,0.87,Swissmetro,2
9724,1082,0.06,0.78,0.16,swissmetro,0.66,Car,3
9725,1082,0.07,0.83,0.1,swissmetro,0.74,Swissmetro,2
9726,1082,0.02,0.66,0.32,swissmetro,0.49,Car,3
9727,1082,0.03,0.9,0.07,swissmetro,0.85,Swissmetro,2
9728,1082,0.05,0.52,0.43,swissmetro,0.28,Car,3
9729,1083,0.03,0.52,0.45,swissmetro,0.28,Swissmetro,2
9730,1083,0.13,0.56,0.31,swissmetro,0.34,Swissmetro,2
9731,1083,0.01,0.26,0.73,car,0.59,Car,3
9732,1083,0.03,0.81,0.16,swissmetro,0.72,Swissmetro,2
9733,1083,0.07,0.73,0.2,swissmetro,0.59,Car,3
9734,1083,0.04,0.75,0.21,swissmetro,0.63,Swissmetro,2
9735,1083,0.05,0.3,0.65,car,0.48,Car,3
9736,1083,0.07,0.72,0.21,swissmetro,0.59,Swissmetro,2
9737,1083,0.05,0.36,0.59,car,0.38,Swissmetro,2
9738,1084,0.03,0.96,0.01,swissmetro,0.95,Swissmetro,2
9739,1084,0.01,0.99,0.0,swissmetro,0.98,Swissmetro,2
9740,1084,0.11,0.48,0.41,swissmetro,0.21,Car,3
9741,1084,0.12,0.66,0.22,swissmetro,0.5,Car,3
9742,1084,0.05,0.94,0.01,swissmetro,0.91,Swissmetro,2
9743,1084,0.01,0.93,0.06,swissmetro,0.9,Car,3
9744,1084,0.05,0.73,0.22,swissmetro,0.59,Car,3
9745,1084,0.17,0.79,0.04,swissmetro,0.68,Swissmetro,2
9746,1084,0.03,0.89,0.08,swissmetro,0.85,Swissmetro,2
9747,1085,0.38,0.1,0.52,car,0.28,Car,3
9748,1085,0.44,0.16,0.4,train,0.16,Car,3
9749,1085,0.34,0.13,0.53,car,0.29,Car,3
9750,1085,0.31,0.14,0.55,car,0.32,Car,3
9751,1085,0.29,0.14,0.57,car,0.36,Car,3
9752,1085,0.23,0.18,0.59,car,0.39,Swissmetro,2
9753,1085,0.08,0.05,0.87,car,0.8,Car,3
9754,1085,0.17,0.08,0.75,car,0.61,Car,3
9755,1085,0.19,0.07,0.74,car,0.61,Car,3
9756,1086,0.07,0.9,0.03,swissmetro,0.86,Car,3
9757,1086,0.11,0.88,0.01,swissmetro,0.81,Swissmetro,2
9758,1086,0.12,0.75,0.13,swissmetro,0.62,Car,3
9759,1086,0.18,0.64,0.18,swissmetro,0.46,Car,3
9760,1086,0.32,0.6,0.08,swissmetro,0.4,Swissmetro,2
9761,1086,0.18,0.34,0.48,car,0.22,Car,3
9762,1086,0.2,0.24,0.56,car,0.34,Car,3
9763,1086,0.35,0.61,0.04,swissmetro,0.42,Swissmetro,2
9764,1086,0.15,0.7,0.15,swissmetro,0.55,Car,3
9765,1087,0.07,0.92,0.01,swissmetro,0.87,Car,3
9766,1087,0.1,0.9,0.0,swissmetro,0.84,Swissmetro,2
9767,1087,0.15,0.69,0.16,swissmetro,0.54,Car,3
9768,1087,0.21,0.61,0.18,swissmetro,0.42,Car,3
9769,1087,0.13,0.86,0.01,swissmetro,0.79,Swissmetro,2
9770,1087,0.17,0.78,0.05,swissmetro,0.67,Car,3
9771,1087,0.1,0.8,0.1,swissmetro,0.69,Car,3
9772,1087,0.26,0.68,0.06,swissmetro,0.53,Swissmetro,2
9773,1087,0.15,0.81,0.04,swissmetro,0.71,Car,3
9774,1088,0.18,0.6,0.22,swissmetro,0.4,Car,3
9775,1088,0.12,0.78,0.1,swissmetro,0.66,Swissmetro,2
9776,1088,0.07,0.35,0.58,car,0.37,Car,3
9777,1088,0.14,0.4,0.45999999999999996,car,0.2,Car,3
9778,1088,0.13,0.78,0.09,swissmetro,0.67,Swissmetro,2
9779,1088,0.12,0.62,0.26,swissmetro,0.43,Car,3
9780,1088,0.19,0.21,0.6,car,0.4,Car,3
9781,1088,0.28,0.27,0.45,car,0.18,Swissmetro,2
9782,1088,0.05,0.55,0.39,swissmetro,0.33,Car,3
9783,1089,0.07,0.34,0.59,car,0.39,Car,3
9784,1089,0.11,0.62,0.27,swissmetro,0.43,Car,3
9785,1089,0.08,0.51,0.41,swissmetro,0.28,Car,3
9786,1089,0.06,0.31,0.63,car,0.44,Car,3
9787,1089,0.06,0.57,0.37,swissmetro,0.35,Car,3
9788,1089,0.15,0.36,0.49,car,0.24,Car,3
9789,1089,0.03,0.2,0.77,car,0.64,Car,3
9790,1089,0.04,0.4,0.56,car,0.33,Car,3
9791,1089,0.1,0.43,0.47,car,0.2,Car,3
9792,1090,0.07,0.62,0.31,swissmetro,0.44,Car,3
9793,1090,0.24,0.48,0.28,swissmetro,0.22,Swissmetro,2
9794,1090,0.11,0.13,0.76,car,0.65,Car,3
9795,1090,0.14,0.84,0.02,swissmetro,0.76,Swissmetro,2
9796,1090,0.19,0.44,0.37,swissmetro,0.16,Car,3
9797,1090,0.16,0.65,0.19,swissmetro,0.47,Car,3
9798,1090,0.03,0.58,0.39,swissmetro,0.37,Car,3
9799,1090,0.22,0.64,0.14,swissmetro,0.46,Swissmetro,2
9800,1090,0.25,0.47,0.28,swissmetro,0.2,Car,3
9801,1091,0.01,0.85,0.14,swissmetro,0.76,Car,3
9802,1091,0.04,0.88,0.08,swissmetro,0.82,Swissmetro,2
9803,1091,0.09,0.84,0.07,swissmetro,0.77,Swissmetro,2
9804,1091,0.16,0.78,0.06,swissmetro,0.67,Car,3
9805,1091,0.02,0.88,0.1,swissmetro,0.82,Car,3
9806,1091,0.07,0.78,0.15,swissmetro,0.67,Car,3
9807,1091,0.01,0.28,0.71,car,0.56,Car,3
9808,1091,0.02,0.48,0.5,car,0.26,Car,3
9809,1091,0.06,0.84,0.1,swissmetro,0.77,Car,3
9810,1092,0.01,0.96,0.03,swissmetro,0.95,Car,3
9811,1092,0.11,0.84,0.05,swissmetro,0.77,Swissmetro,2
9812,1092,0.03,0.82,0.15,swissmetro,0.73,Car,3
9813,1092,0.04,0.94,0.02,swissmetro,0.92,Swissmetro,2
9814,1092,0.15,0.71,0.14,swissmetro,0.56,Car,3
9815,1092,0.12,0.82,0.06,swissmetro,0.74,Swissmetro,2
9816,1092,0.03,0.87,0.1,swissmetro,0.82,Car,3
9817,1092,0.04,0.93,0.03,swissmetro,0.89,Swissmetro,2
9818,1092,0.17,0.55,0.28,swissmetro,0.32,Swissmetro,2
9819,1093,0.02,0.93,0.05,swissmetro,0.89,Car,3
9820,1093,0.04,0.93,0.03,swissmetro,0.9,Swissmetro,2
9821,1093,0.04,0.39,0.57,car,0.36,Car,3
9822,1093,0.05,0.53,0.42,swissmetro,0.3,Car,3
9823,1093,0.04,0.89,0.07,swissmetro,0.83,Swissmetro,2
9824,1093,0.02,0.79,0.19,swissmetro,0.68,Car,3
9825,1093,0.02,0.63,0.35,swissmetro,0.43,Car,3
9826,1093,0.23,0.66,0.11,swissmetro,0.49,Swissmetro,2
9827,1093,0.03,0.84,0.13,swissmetro,0.77,Car,3
9828,1094,0.02,0.1,0.88,car,0.83,Car,3
9829,1094,0.05,0.55,0.4,swissmetro,0.33,Swissmetro,2
9830,1094,0.01,0.1,0.89,car,0.83,Car,3
9831,1094,0.03,0.06,0.91,car,0.87,Car,3
9832,1094,0.06,0.33,0.61,car,0.41,Swissmetro,2
9833,1094,0.02,0.22,0.76,car,0.64,Car,3
9834,1094,0.02,0.15,0.83,car,0.74,Car,3
9835,1094,0.13,0.14,0.73,car,0.6,Car,3
9836,1094,0.02,0.23,0.75,car,0.62,Car,3
9837,1095,0.15,0.78,0.07,swissmetro,0.67,Car,3
9838,1095,0.17,0.82,0.01,swissmetro,0.73,Car,3
9839,1095,0.23,0.48,0.29,swissmetro,0.23,Car,3
9840,1095,0.2,0.33,0.47,car,0.21,Car,3
9841,1095,0.04,0.94,0.02,swissmetro,0.91,Car,3
9842,1095,0.05,0.77,0.18,swissmetro,0.65,Car,3
9843,1095,0.09,0.26,0.65,car,0.47,Car,3
9844,1095,0.34,0.62,0.04,swissmetro,0.43,Car,3
9845,1095,0.02,0.91,0.07,swissmetro,0.86,Car,3
9846,1096,0.02,0.83,0.15,swissmetro,0.75,Car,3
9847,1096,0.06,0.89,0.05,swissmetro,0.83,Car,3
9848,1096,0.04,0.36,0.6,car,0.4,Car,3
9849,1096,0.07,0.44,0.49,car,0.23,Car,3
9850,1096,0.11,0.72,0.17,swissmetro,0.59,Car,3
9851,1096,0.09,0.7,0.21,swissmetro,0.55,Car,3
9852,1096,0.11,0.62,0.27,swissmetro,0.44,Car,3
9853,1096,0.18,0.57,0.25,swissmetro,0.35,Car,3
9854,1096,0.07,0.65,0.28,swissmetro,0.48,Car,3
9855,1097,0.22,0.13,0.65,car,0.47,Car,3
9856,1097,0.24,0.15,0.61,car,0.42,Car,3
9857,1097,0.09,0.16,0.75,car,0.63,Car,3
9858,1097,0.23,0.61,0.16,swissmetro,0.42,Car,3
9859,1097,0.12,0.19,0.69,car,0.54,Car,3
9860,1097,0.29,0.28,0.43,car,0.14,Car,3
9861,1097,0.03,0.09,0.88,car,0.83,Car,3
9862,1097,0.27,0.41,0.32,swissmetro,0.11,Car,3
9863,1097,0.17,0.18,0.65,car,0.47,Car,3
9864,1098,0.03,0.95,0.02,swissmetro,0.93,Swissmetro,2
9865,1098,0.02,0.97,0.01,swissmetro,0.96,Swissmetro,2
9866,1098,0.02,0.76,0.22,swissmetro,0.64,Swissmetro,2
9867,1098,0.04,0.82,0.14,swissmetro,0.73,Car,3
9868,1098,0.06,0.87,0.07,swissmetro,0.8,Swissmetro,2
9869,1098,0.04,0.78,0.18,swissmetro,0.68,Swissmetro,2
9870,1098,0.02,0.86,0.12,swissmetro,0.8,Car,3
9871,1098,0.18,0.69,0.13,swissmetro,0.54,Swissmetro,2
9872,1098,0.02,0.87,0.11,swissmetro,0.8,Swissmetro,2
9873,1099,0.07,0.27,0.66,car,0.49,Car,3
9874,1099,0.08,0.58,0.34,swissmetro,0.37,Car,3
9875,1099,0.05,0.14,0.8,car,0.7,Car,3
9876,1099,0.02,0.07,0.91,car,0.86,Car,3
9877,1099,0.27,0.52,0.21,swissmetro,0.28,Car,3
9878,1099,0.05,0.3,0.65,car,0.47,Car,3
9879,1099,0.04,0.25,0.71,car,0.58,Car,3
9880,1099,0.07,0.06,0.87,car,0.81,Car,3
9881,1099,0.0,0.36,0.64,car,0.46,Swissmetro,2
9882,1100,0.02,0.2,0.78,car,0.67,Swissmetro,2
9883,1100,0.03,0.89,0.08,swissmetro,0.84,Swissmetro,2
9884,1100,0.01,0.33,0.66,car,0.49,Swissmetro,2
9885,1100,0.03,0.18,0.79,car,0.69,Car,3
9886,1100,0.1,0.74,0.16,swissmetro,0.62,Swissmetro,2
9887,1100,0.01,0.6,0.39,swissmetro,0.4,Swissmetro,2
9888,1100,0.01,0.33,0.66,car,0.49,Car,3
9889,1100,0.13,0.43,0.44,swissmetro,0.16,Swissmetro,2
9890,1100,0.03,0.56,0.41,swissmetro,0.34,Car,3
9891,1101,0.07,0.66,0.27,swissmetro,0.49,Car,3
9892,1101,0.05,0.76,0.19,swissmetro,0.64,Swissmetro,2
9893,1101,0.14,0.68,0.18,swissmetro,0.52,Swissmetro,2
9894,1101,0.15,0.68,0.17,swissmetro,0.53,Car,3
9895,1101,0.06,0.76,0.18,swissmetro,0.64,Swissmetro,2
9896,1101,0.08,0.69,0.23,swissmetro,0.53,Car,3
9897,1101,0.03,0.49,0.48,swissmetro,0.24,Car,3
9898,1101,0.04,0.68,0.28,swissmetro,0.52,Car,3
9899,1101,0.07,0.65,0.28,swissmetro,0.48,Car,3
9900,1102,0.04,0.74,0.22,swissmetro,0.61,Swissmetro,2
9901,1102,0.03,0.96,0.01,swissmetro,0.94,Swissmetro,2
9902,1102,0.12,0.82,0.06,swissmetro,0.73,Swissmetro,2
9903,1102,0.04,0.74,0.22,swissmetro,0.61,Car,3
9904,1102,0.02,0.92,0.06,swissmetro,0.89,Car,3
9905,1102,0.05,0.93,0.02,swissmetro,0.89,Swissmetro,2
9906,1102,0.01,0.67,0.32,swissmetro,0.51,Car,3
9907,1102,0.02,0.67,0.31,swissmetro,0.5,Car,3
9908,1102,0.01,0.92,0.07,swissmetro,0.87,Car,3
9909,1103,0.18,0.46,0.36,swissmetro,0.19,Car,3
9910,1103,0.12,0.79,0.09,swissmetro,0.68,Car,3
9911,1103,0.3,0.45,0.25,swissmetro,0.18,Car,3
9912,1103,0.09,0.29,0.62,car,0.43,Car,3
9913,1103,0.16,0.6,0.24,swissmetro,0.4,Car,3
9914,1103,0.11,0.67,0.22,swissmetro,0.5,Car,3
9915,1103,0.03,0.25,0.72,car,0.58,Car,3
9916,1103,0.05,0.59,0.36,swissmetro,0.38,Car,3
9917,1103,0.17,0.48,0.35,swissmetro,0.23,Car,3
9918,1104,0.02,0.88,0.1,swissmetro,0.83,Swissmetro,2
9919,1104,0.03,0.92,0.05,swissmetro,0.88,Swissmetro,2
9920,1104,0.05,0.81,0.14,swissmetro,0.71,Swissmetro,2
9921,1104,0.03,0.85,0.12,swissmetro,0.77,Swissmetro,2
9922,1104,0.05,0.8,0.15,swissmetro,0.69,Swissmetro,2
9923,1104,0.02,0.9,0.08,swissmetro,0.86,Swissmetro,2
9924,1104,0.01,0.57,0.42,swissmetro,0.36,Car,3
9925,1104,0.01,0.72,0.27,swissmetro,0.58,Swissmetro,2
9926,1104,0.03,0.73,0.24,swissmetro,0.59,Swissmetro,2
9927,1105,0.01,0.93,0.06,swissmetro,0.9,Swissmetro,2
9928,1105,0.09,0.8,0.11,swissmetro,0.7,Swissmetro,2
9929,1105,0.04,0.64,0.32,swissmetro,0.46,Car,3
9930,1105,0.05,0.92,0.03,swissmetro,0.89,Swissmetro,2
9931,1105,0.05,0.85,0.1,swissmetro,0.77,Car,3
9932,1105,0.05,0.9,0.05,swissmetro,0.86,Swissmetro,2
9933,1105,0.03,0.84,0.13,swissmetro,0.76,Car,3
9934,1105,0.05,0.88,0.07,swissmetro,0.81,Swissmetro,2
9935,1105,0.06,0.73,0.21,swissmetro,0.59,Swissmetro,2
9936,1106,0.05,0.78,0.17,swissmetro,0.67,Swissmetro,2
9937,1106,0.08,0.85,0.07,swissmetro,0.77,Swissmetro,2
9938,1106,0.13,0.83,0.04,swissmetro,0.75,Swissmetro,2
9939,1106,0.16,0.8,0.04,swissmetro,0.71,Car,3
9940,1106,0.1,0.85,0.05,swissmetro,0.77,Train,1
9941,1106,0.03,0.94,0.03,swissmetro,0.91,Swissmetro,2
9942,1106,0.02,0.77,0.21,swissmetro,0.64,Car,3
9943,1106,0.03,0.93,0.04,swissmetro,0.89,Swissmetro,2
9944,1106,0.15,0.74,0.11,swissmetro,0.61,Car,3
9945,1107,0.09,0.88,0.03,swissmetro,0.82,Swissmetro,2
9946,1107,0.09,0.83,0.08,swissmetro,0.76,Swissmetro,2
9947,1107,0.06,0.62,0.32,swissmetro,0.42,Swissmetro,2
9948,1107,0.07,0.9,0.03,swissmetro,0.85,Swissmetro,2
9949,1107,0.07,0.74,0.19,swissmetro,0.62,Swissmetro,2
9950,1107,0.06,0.84,0.1,swissmetro,0.75,Swissmetro,2
9951,1107,0.05,0.85,0.1,swissmetro,0.77,Swissmetro,2
9952,1107,0.1,0.8099999999999999,0.09,swissmetro,0.73,Swissmetro,2
9953,1107,0.04,0.86,0.1,swissmetro,0.79,Swissmetro,2
9954,1108,0.08,0.89,0.03,swissmetro,0.84,Swissmetro,2
9955,1108,0.1,0.89,0.01,swissmetro,0.84,Swissmetro,2
9956,1108,0.03,0.84,0.13,swissmetro,0.75,Car,3
9957,1108,0.11,0.28,0.61,car,0.41,Car,3
9958,1108,0.06,0.85,0.09,swissmetro,0.78,Swissmetro,2
9959,1108,0.06,0.85,0.09,swissmetro,0.77,Train,1
9960,1108,0.15,0.73,0.12,swissmetro,0.61,Car,3
9961,1108,0.18,0.73,0.09,swissmetro,0.59,Train,1
9962,1108,0.02,0.9,0.08,swissmetro,0.85,Swissmetro,2
9963,1109,0.02,0.98,0.0,swissmetro,0.97,Swissmetro,2
9964,1109,0.02,0.97,0.01,swissmetro,0.96,Swissmetro,2
9965,1109,0.02,0.94,0.04,swissmetro,0.92,Car,3
9966,1109,0.02,0.97,0.01,swissmetro,0.96,Swissmetro,2
9967,1109,0.04,0.94,0.02,swissmetro,0.91,Car,3
9968,1109,0.04,0.96,0.0,swissmetro,0.94,Swissmetro,2
9969,1109,0.02,0.95,0.03,swissmetro,0.92,Swissmetro,2
9970,1109,0.04,0.95,0.01,swissmetro,0.93,Swissmetro,2
9971,1109,0.09,0.9,0.01,swissmetro,0.84,Car,3
9972,1110,0.23,0.44,0.33,swissmetro,0.15,Car,3
9973,1110,0.15,0.71,0.14,swissmetro,0.58,Swissmetro,2
9974,1110,0.19,0.63,0.18,swissmetro,0.45,Swissmetro,2
9975,1110,0.11,0.8099999999999999,0.08,swissmetro,0.72,Train,1
9976,1110,0.06,0.78,0.16,swissmetro,0.67,Car,3
9977,1110,0.1,0.75,0.15,swissmetro,0.62,Swissmetro,2
9978,1110,0.05,0.72,0.23,swissmetro,0.57,Car,3
9979,1110,0.11,0.72,0.17,swissmetro,0.59,Train,1
9980,1110,0.17,0.58,0.25,swissmetro,0.37,Swissmetro,2
9981,1111,0.01,0.9,0.09,swissmetro,0.85,Swissmetro,2
9982,1111,0.08,0.8099999999999999,0.11,swissmetro,0.73,Swissmetro,2
9983,1111,0.02,0.82,0.16,swissmetro,0.73,Car,3
9984,1111,0.04,0.95,0.01,swissmetro,0.92,Swissmetro,2
9985,1111,0.07,0.88,0.05,swissmetro,0.83,Swissmetro,2
9986,1111,0.05,0.94,0.01,swissmetro,0.91,Swissmetro,2
9987,1111,0.09,0.78,0.13,swissmetro,0.67,Swissmetro,2
9988,1111,0.03,0.92,0.05,swissmetro,0.87,Swissmetro,2
9989,1111,0.14,0.68,0.18,swissmetro,0.52,Swissmetro,2
9990,1112,0.22,0.23,0.55,car,0.33,Swissmetro,2
9991,1112,0.52,0.11,0.37,train,0.28,Car,3
9992,1112,0.06,0.11,0.83,car,0.75,Swissmetro,2
9993,1112,0.23,0.23,0.54,car,0.31,Car,3
9994,1112,0.23,0.17,0.6,car,0.41,Car,3
9995,1112,0.28,0.12,0.6,car,0.4,Car,3
9996,1112,0.1,0.09,0.81,car,0.71,Car,3
9997,1112,0.16,0.19,0.65,car,0.48,Car,3
9998,1112,0.23,0.14,0.63,car,0.45,Car,3
9999,1113,0.13,0.86,0.01,swissmetro,0.8,Swissmetro,2
10000,1113,0.2,0.8,0.0,swissmetro,0.7,Swissmetro,2
10001,1113,0.2,0.48,0.32,swissmetro,0.21,Car,3
10002,1113,0.21,0.59,0.2,swissmetro,0.39,Car,3
10003,1113,0.12,0.87,0.01,swissmetro,0.8,Swissmetro,2
10004,1113,0.07,0.86,0.07,swissmetro,0.79,Swissmetro,2
10005,1113,0.05,0.85,0.1,swissmetro,0.78,Car,3
10006,1113,0.33,0.66,0.01,swissmetro,0.49,Swissmetro,2
10007,1113,0.07,0.86,0.07,swissmetro,0.79,Swissmetro,2
10008,1114,0.15,0.65,0.2,swissmetro,0.47,Swissmetro,2
10009,1114,0.21,0.66,0.13,swissmetro,0.5,Swissmetro,2
10010,1114,0.09,0.23,0.68,car,0.51,Swissmetro,2
10011,1114,0.09,0.9,0.01,swissmetro,0.84,Swissmetro,2
10012,1114,0.15,0.61,0.24,swissmetro,0.41,Swissmetro,2
10013,1114,0.2,0.74,0.06,swissmetro,0.61,Swissmetro,2
10014,1114,0.17,0.66,0.17,swissmetro,0.5,Swissmetro,2
10015,1114,0.13,0.81,0.06,swissmetro,0.72,Swissmetro,2
10016,1114,0.25,0.22,0.53,car,0.3,Swissmetro,2
10017,1115,0.01,0.84,0.15,swissmetro,0.75,Car,3
10018,1115,0.08,0.86,0.06,swissmetro,0.79,Swissmetro,2
10019,1115,0.04,0.6,0.36,swissmetro,0.4,Car,3
10020,1115,0.14,0.85,0.01,swissmetro,0.77,Swissmetro,2
10021,1115,0.04,0.79,0.17,swissmetro,0.7,Swissmetro,2
10022,1115,0.1,0.79,0.11,swissmetro,0.7,Swissmetro,2
10023,1115,0.07,0.55,0.38,swissmetro,0.32,Car,3
10024,1115,0.11,0.88,0.01,swissmetro,0.81,Swissmetro,2
10025,1115,0.13,0.6,0.27,swissmetro,0.39,Train,1
10026,1116,0.06,0.89,0.05,swissmetro,0.83,Car,3
10027,1116,0.06,0.93,0.01,swissmetro,0.89,Swissmetro,2
10028,1116,0.07,0.9,0.03,swissmetro,0.85,Swissmetro,2
10029,1116,0.08,0.77,0.15,swissmetro,0.67,Car,3
10030,1116,0.06,0.82,0.12,swissmetro,0.74,Swissmetro,2
10031,1116,0.07,0.9,0.03,swissmetro,0.85,Car,3
10032,1116,0.04,0.69,0.27,swissmetro,0.54,Car,3
10033,1116,0.05,0.9,0.05,swissmetro,0.85,Car,3
10034,1116,0.07,0.82,0.11,swissmetro,0.73,Car,3
10035,1117,0.08,0.9,0.02,swissmetro,0.85,Train,1
10036,1117,0.06,0.94,0.0,swissmetro,0.9,Train,1
10037,1117,0.13,0.69,0.18,swissmetro,0.53,Car,3
10038,1117,0.12,0.78,0.1,swissmetro,0.67,Car,3
10039,1117,0.13,0.85,0.02,swissmetro,0.79,Train,1
10040,1117,0.08,0.87,0.05,swissmetro,0.8,Train,1
10041,1117,0.09,0.53,0.38,swissmetro,0.3,Train,1
10042,1117,0.18,0.81,0.01,swissmetro,0.71,Train,1
10043,1117,0.01,0.97,0.02,swissmetro,0.95,Car,3
10044,1118,0.06,0.24,0.7,car,0.54,Car,3
10045,1118,0.12,0.78,0.1,swissmetro,0.68,Swissmetro,2
10046,1118,0.03,0.17,0.8,car,0.7,Car,3
10047,1118,0.09,0.12,0.79,car,0.68,Car,3
10048,1118,0.15,0.61,0.24,swissmetro,0.4,Swissmetro,2
10049,1118,0.1,0.28,0.62,car,0.44,Car,3
10050,1118,0.08,0.22,0.7,car,0.56,Car,3
10051,1118,0.25,0.28,0.47,car,0.21,Swissmetro,2
10052,1118,0.08,0.44,0.48,car,0.21,Car,3
10053,1119,0.08,0.45,0.47000000000000003,car,0.2,Car,3
10054,1119,0.1,0.65,0.25,swissmetro,0.47,Car,3
10055,1119,0.05,0.12,0.83,car,0.74,Car,3
10056,1119,0.09,0.1,0.81,car,0.72,Car,3
10057,1119,0.18,0.44,0.38,swissmetro,0.17,Swissmetro,2
10058,1119,0.12,0.41,0.47,car,0.2,Car,3
10059,1119,0.06,0.16,0.78,car,0.68,Car,3
10060,1119,0.16,0.27,0.57,car,0.36,Car,3
10061,1119,0.01,0.6,0.39,swissmetro,0.41,Car,3
10062,1120,0.03,0.87,0.1,swissmetro,0.8,Car,3
10063,1120,0.03,0.94,0.03,swissmetro,0.92,Swissmetro,2
10064,1120,0.04,0.67,0.29,swissmetro,0.52,Car,3
10065,1120,0.07,0.41,0.52,car,0.28,Car,3
10066,1120,0.1,0.79,0.11,swissmetro,0.69,Swissmetro,2
10067,1120,0.05,0.8,0.15,swissmetro,0.7,Car,3
10068,1120,0.03,0.6,0.37,swissmetro,0.41,Car,3
10069,1120,0.16,0.66,0.18,swissmetro,0.5,Car,3
10070,1120,0.03,0.79,0.18,swissmetro,0.69,Car,3
10071,1121,0.01,0.94,0.05,swissmetro,0.91,Car,3
10072,1121,0.04,0.92,0.04,swissmetro,0.89,Swissmetro,2
10073,1121,0.09,0.86,0.05,swissmetro,0.79,Swissmetro,2
10074,1121,0.05,0.83,0.12,swissmetro,0.74,Car,3
10075,1121,0.02,0.89,0.09,swissmetro,0.84,Swissmetro,2
10076,1121,0.05,0.88,0.07,swissmetro,0.83,Car,3
10077,1121,0.03,0.73,0.24,swissmetro,0.6,Car,3
10078,1121,0.03,0.83,0.14,swissmetro,0.75,Car,3
10079,1121,0.03,0.82,0.15,swissmetro,0.73,Swissmetro,2
10080,1122,0.2,0.62,0.18,swissmetro,0.43,Car,3
10081,1122,0.09,0.88,0.03,swissmetro,0.83,Swissmetro,2
10082,1122,0.04,0.51,0.45,swissmetro,0.26,Car,3
10083,1122,0.1,0.55,0.35,swissmetro,0.32,Car,3
10084,1122,0.1,0.87,0.03,swissmetro,0.81,Swissmetro,2
10085,1122,0.07,0.83,0.1,swissmetro,0.75,Train,1
10086,1122,0.11,0.53,0.36,swissmetro,0.29,Car,3
10087,1122,0.32,0.56,0.12,swissmetro,0.34,Swissmetro,2
10088,1122,0.05,0.88,0.07,swissmetro,0.81,Car,3
10089,1123,0.14,0.54,0.32,swissmetro,0.31,Car,3
10090,1123,0.19,0.63,0.18,swissmetro,0.44,Car,3
10091,1123,0.04,0.39,0.56,car,0.35,Car,3
10092,1123,0.07,0.77,0.16,swissmetro,0.65,Swissmetro,2
10093,1123,0.13,0.62,0.25,swissmetro,0.44,Swissmetro,2
10094,1123,0.1,0.7,0.2,swissmetro,0.55,Train,1
10095,1123,0.14,0.48,0.38,swissmetro,0.22,Car,3
10096,1123,0.16,0.65,0.19,swissmetro,0.47,Swissmetro,2
10097,1123,0.17,0.45999999999999996,0.37,swissmetro,0.2,Train,1
10098,1124,0.03,0.93,0.04,swissmetro,0.89,Car,3
10099,1124,0.04,0.95,0.01,swissmetro,0.93,Swissmetro,2
10100,1124,0.12,0.63,0.25,swissmetro,0.45,Car,3
10101,1124,0.13,0.71,0.16,swissmetro,0.56,Car,3
10102,1124,0.09,0.9,0.01,swissmetro,0.86,Swissmetro,2
10103,1124,0.05,0.87,0.08,swissmetro,0.8,Car,3
10104,1124,0.04,0.83,0.13,swissmetro,0.74,Car,3
10105,1124,0.32,0.65,0.03,swissmetro,0.48,Car,3
10106,1124,0.03,0.87,0.1,swissmetro,0.8,Car,3
10107,1125,0.07,0.81,0.12,swissmetro,0.72,Car,3
10108,1125,0.18,0.77,0.05,swissmetro,0.66,Car,3
10109,1125,0.05,0.31,0.64,car,0.45,Car,3
10110,1125,0.16,0.83,0.01,swissmetro,0.74,Car,3
10111,1125,0.21,0.71,0.08,swissmetro,0.57,Car,3
10112,1125,0.19,0.73,0.08,swissmetro,0.6,Car,3
10113,1125,0.05,0.76,0.19,swissmetro,0.64,Car,3
10114,1125,0.13,0.78,0.09,swissmetro,0.68,Car,3
10115,1125,0.22,0.68,0.1,swissmetro,0.53,Car,3
10116,1126,0.05,0.94,0.01,swissmetro,0.9,Swissmetro,2
10117,1126,0.03,0.97,0.0,swissmetro,0.95,Swissmetro,2
10118,1126,0.06,0.81,0.13,swissmetro,0.72,Car,3
10119,1126,0.11,0.83,0.06,swissmetro,0.76,Car,3
10120,1126,0.09,0.89,0.02,swissmetro,0.83,Swissmetro,2
10121,1126,0.06,0.81,0.13,swissmetro,0.71,Swissmetro,2
10122,1126,0.2,0.59,0.21,swissmetro,0.39,Car,3
10123,1126,0.11,0.87,0.02,swissmetro,0.82,Swissmetro,2
10124,1126,0.04,0.93,0.03,swissmetro,0.9,Swissmetro,2
10125,1127,0.09,0.9,0.01,swissmetro,0.85,Swissmetro,2
10126,1127,0.06,0.94,0.0,swissmetro,0.91,Swissmetro,2
10127,1127,0.08,0.91,0.01,swissmetro,0.87,Swissmetro,2
10128,1127,0.12,0.87,0.01,swissmetro,0.8,Swissmetro,2
10129,1127,0.04,0.94,0.02,swissmetro,0.91,Swissmetro,2
10130,1127,0.08,0.91,0.01,swissmetro,0.87,Swissmetro,2
10131,1127,0.04,0.9,0.06,swissmetro,0.85,Swissmetro,2
10132,1127,0.02,0.95,0.03,swissmetro,0.92,Swissmetro,2
10133,1127,0.05,0.9,0.05,swissmetro,0.86,Swissmetro,2
10134,1128,0.13,0.39,0.48,car,0.22,Car,3
10135,1128,0.15,0.79,0.06,swissmetro,0.68,Swissmetro,2
10136,1128,0.24,0.43,0.33,swissmetro,0.14,Swissmetro,2
10137,1128,0.19,0.39,0.42,car,0.13,Car,3
10138,1128,0.11,0.48,0.41,swissmetro,0.23,Car,3
10139,1128,0.16,0.44,0.4,swissmetro,0.17,Car,3
10140,1128,0.12,0.21,0.67,car,0.5,Car,3
10141,1128,0.33,0.43,0.24,swissmetro,0.14,Car,3
10142,1128,0.41,0.25,0.34,train,0.11,Swissmetro,2
10143,1129,0.09,0.87,0.04,swissmetro,0.82,Swissmetro,2
10144,1129,0.1,0.87,0.03,swissmetro,0.81,Swissmetro,2
10145,1129,0.07,0.91,0.02,swissmetro,0.87,Swissmetro,2
10146,1129,0.08,0.79,0.13,swissmetro,0.67,Swissmetro,2
10147,1129,0.06,0.87,0.07,swissmetro,0.81,Swissmetro,2
10148,1129,0.09,0.85,0.06,swissmetro,0.78,Swissmetro,2
10149,1129,0.02,0.6,0.38,swissmetro,0.4,Car,3
10150,1129,0.04,0.84,0.12,swissmetro,0.75,Car,3
10151,1129,0.08,0.84,0.08,swissmetro,0.76,Swissmetro,2
10152,1130,0.02,0.08,0.9,car,0.85,Car,3
10153,1130,0.09,0.3,0.61,car,0.41,Swissmetro,2
10154,1130,0.13,0.12,0.75,car,0.64,Swissmetro,2
10155,1130,0.08,0.09,0.83,car,0.76,Car,3
10156,1130,0.03,0.07,0.9,car,0.84,Car,3
10157,1130,0.04,0.18,0.78,car,0.67,Swissmetro,2
10158,1130,0.02,0.08,0.9,car,0.85,Car,3
10159,1130,0.07,0.16,0.77,car,0.66,Car,3
10160,1130,0.08,0.15,0.77,car,0.66,Car,3
10161,1131,0.06,0.87,0.07,swissmetro,0.8,Swissmetro,2
10162,1131,0.05,0.89,0.06,swissmetro,0.83,Swissmetro,2
10163,1131,0.1,0.85,0.05,swissmetro,0.77,Train,1
10164,1131,0.11,0.74,0.15,swissmetro,0.62,Car,3
10165,1131,0.07,0.84,0.09,swissmetro,0.76,Swissmetro,2
10166,1131,0.06,0.86,0.08,swissmetro,0.79,Car,3
10167,1131,0.02,0.63,0.35,swissmetro,0.44,Car,3
10168,1131,0.02,0.82,0.16,swissmetro,0.73,Car,3
10169,1131,0.12,0.75,0.13,swissmetro,0.62,Swissmetro,2
10170,1132,0.02,0.84,0.14,swissmetro,0.77,Swissmetro,2
10171,1132,0.03,0.96,0.01,swissmetro,0.95,Swissmetro,2
10172,1132,0.04,0.59,0.37,swissmetro,0.39,Car,3
10173,1132,0.06,0.83,0.11,swissmetro,0.74,Car,3
10174,1132,0.1,0.85,0.05,swissmetro,0.79,Swissmetro,2
10175,1132,0.02,0.87,0.11,swissmetro,0.8,Swissmetro,2
10176,1132,0.04,0.69,0.27,swissmetro,0.54,Car,3
10177,1132,0.16,0.81,0.03,swissmetro,0.71,Swissmetro,2
10178,1132,0.02,0.94,0.04,swissmetro,0.91,Car,3
10179,1133,0.03,0.93,0.04,swissmetro,0.89,Swissmetro,2
10180,1133,0.07,0.93,0.0,swissmetro,0.89,Swissmetro,2
10181,1133,0.04,0.51,0.45,swissmetro,0.26,Swissmetro,2
10182,1133,0.1,0.74,0.16,swissmetro,0.62,Swissmetro,2
10183,1133,0.04,0.94,0.02,swissmetro,0.91,Swissmetro,2
10184,1133,0.04,0.91,0.05,swissmetro,0.87,Swissmetro,2
10185,1133,0.04,0.83,0.13,swissmetro,0.75,Swissmetro,2
10186,1133,0.26,0.72,0.02,swissmetro,0.58,Swissmetro,2
10187,1133,0.02,0.92,0.06,swissmetro,0.88,Swissmetro,2
10188,1134,0.03,0.49,0.48,swissmetro,0.23,Swissmetro,2
10189,1134,0.09,0.62,0.29,swissmetro,0.42,Swissmetro,2
10190,1134,0.03,0.31,0.66,car,0.49,Car,3
10191,1134,0.04,0.87,0.09,swissmetro,0.8,Swissmetro,2
10192,1134,0.11,0.65,0.24,swissmetro,0.48,Swissmetro,2
10193,1134,0.1,0.73,0.17,swissmetro,0.58,Swissmetro,2
10194,1134,0.07,0.41,0.52,car,0.28,Car,3
10195,1134,0.11,0.67,0.22,swissmetro,0.5,Swissmetro,2
10196,1134,0.18,0.15,0.67,car,0.51,Car,3
10197,1135,0.06,0.8,0.14,swissmetro,0.7,Swissmetro,2
10198,1135,0.14,0.78,0.08,swissmetro,0.68,Swissmetro,2
10199,1135,0.04,0.77,0.19,swissmetro,0.66,Swissmetro,2
10200,1135,0.26,0.7,0.04,swissmetro,0.54,Swissmetro,2
10201,1135,0.09,0.68,0.23,swissmetro,0.52,Swissmetro,2
10202,1135,0.16,0.7,0.14,swissmetro,0.55,Swissmetro,2
10203,1135,0.12,0.43,0.45,car,0.18,Swissmetro,2
10204,1135,0.07,0.81,0.12,swissmetro,0.71,Swissmetro,2
10205,1135,0.19,0.35,0.46,car,0.19,Swissmetro,2
10206,1136,0.02,0.93,0.05,swissmetro,0.9,Swissmetro,2
10207,1136,0.02,0.98,0.0,swissmetro,0.96,Swissmetro,2
10208,1136,0.03,0.54,0.43,swissmetro,0.31,Car,3
10209,1136,0.07,0.64,0.29,swissmetro,0.45,Car,3
10210,1136,0.06,0.91,0.03,swissmetro,0.87,Swissmetro,2
10211,1136,0.06,0.85,0.09,swissmetro,0.77,Car,3
10212,1136,0.04,0.8,0.16,swissmetro,0.69,Car,3
10213,1136,0.13,0.8,0.07,swissmetro,0.7,Swissmetro,2
10214,1136,0.05,0.89,0.06,swissmetro,0.84,Swissmetro,2
10215,1137,0.05,0.77,0.18,swissmetro,0.65,Car,3
10216,1137,0.07,0.87,0.06,swissmetro,0.8,Car,3
10217,1137,0.1,0.8,0.1,swissmetro,0.69,Car,3
10218,1137,0.05,0.7,0.25,swissmetro,0.55,Car,3
10219,1137,0.05,0.8,0.15,swissmetro,0.7,Car,3
10220,1137,0.23,0.56,0.21,swissmetro,0.34,Car,3
10221,1137,0.03,0.23,0.74,car,0.61,Car,3
10222,1137,0.22,0.62,0.16,swissmetro,0.44,Car,3
10223,1137,0.22,0.6,0.18,swissmetro,0.4,Car,3
10224,1138,0.02,0.93,0.05,swissmetro,0.9,Car,3
10225,1138,0.09,0.78,0.13,swissmetro,0.68,Swissmetro,2
10226,1138,0.08,0.74,0.18,swissmetro,0.61,Car,3
10227,1138,0.06,0.9299999999999999,0.01,swissmetro,0.9,Swissmetro,2
10228,1138,0.12,0.82,0.06,swissmetro,0.73,Swissmetro,2
10229,1138,0.11,0.8,0.09,swissmetro,0.7,Swissmetro,2
10230,1138,0.1,0.7,0.2,swissmetro,0.54,Car,3
10231,1138,0.08,0.87,0.05,swissmetro,0.8,Swissmetro,2
10232,1138,0.18,0.54,0.28,swissmetro,0.3,Train,1
10233,1139,0.08,0.9,0.02,swissmetro,0.86,Swissmetro,2
10234,1139,0.19,0.79,0.02,swissmetro,0.68,Swissmetro,2
10235,1139,0.05,0.88,0.07,swissmetro,0.82,Car,3
10236,1139,0.04,0.95,0.01,swissmetro,0.92,Swissmetro,2
10237,1139,0.07,0.9,0.03,swissmetro,0.84,Swissmetro,2
10238,1139,0.09,0.87,0.04,swissmetro,0.81,Swissmetro,2
10239,1139,0.1,0.81,0.09,swissmetro,0.71,Swissmetro,2
10240,1139,0.2,0.78,0.02,swissmetro,0.68,Swissmetro,2
10241,1139,0.16,0.77,0.07,swissmetro,0.66,Train,1
10242,1140,0.03,0.89,0.08,swissmetro,0.84,Swissmetro,2
10243,1140,0.03,0.97,0.0,swissmetro,0.96,Train,1
10244,1140,0.05,0.66,0.29,swissmetro,0.49,Car,3
10245,1140,0.09,0.77,0.14,swissmetro,0.64,Car,3
10246,1140,0.13,0.86,0.01,swissmetro,0.79,Swissmetro,2
10247,1140,0.04,0.94,0.02,swissmetro,0.91,Car,3
10248,1140,0.03,0.86,0.11,swissmetro,0.79,Car,3
10249,1140,0.13,0.84,0.03,swissmetro,0.76,Train,1
10250,1140,0.03,0.92,0.05,swissmetro,0.88,Swissmetro,2
10251,1141,0.29,0.18,0.53,car,0.29,Swissmetro,2
10252,1141,0.23,0.67,0.1,swissmetro,0.52,Swissmetro,2
10253,1141,0.14,0.11,0.75,car,0.62,Car,3
10254,1141,0.11,0.06,0.83,car,0.74,Car,3
10255,1141,0.34,0.38,0.28,swissmetro,0.07,Swissmetro,2
10256,1141,0.22,0.25,0.53,car,0.3,Car,3
10257,1141,0.19,0.12,0.69,car,0.53,Car,3
10258,1141,0.3,0.21,0.49,car,0.23,Swissmetro,2
10259,1141,0.19,0.3,0.51,car,0.27,Car,3
10260,1142,0.16,0.71,0.13,swissmetro,0.56,Car,3
10261,1142,0.09,0.89,0.02,swissmetro,0.84,Car,3
10262,1142,0.18,0.76,0.06,swissmetro,0.64,Car,3
10263,1142,0.1,0.81,0.09,swissmetro,0.72,Car,3
10264,1142,0.09,0.83,0.08,swissmetro,0.75,Car,3
10265,1142,0.1,0.88,0.02,swissmetro,0.81,Car,3
10266,1142,0.04,0.8,0.16,swissmetro,0.69,Car,3
10267,1142,0.06,0.88,0.06,swissmetro,0.82,Car,3
10268,1142,0.07,0.82,0.11,swissmetro,0.73,Car,3
10269,1143,0.15,0.59,0.26,swissmetro,0.39,Car,3
10270,1143,0.23,0.63,0.14,swissmetro,0.45,Swissmetro,2
10271,1143,0.06,0.36,0.58,car,0.38,Car,3
10272,1143,0.07,0.9,0.03,swissmetro,0.84,Swissmetro,2
10273,1143,0.19,0.59,0.22,swissmetro,0.38,Car,3
10274,1143,0.17,0.7,0.13,swissmetro,0.56,Train,1
10275,1143,0.11,0.53,0.36,swissmetro,0.29,Car,3
10276,1143,0.17,0.68,0.14,swissmetro,0.53,Swissmetro,2
10277,1143,0.29,0.43,0.28,swissmetro,0.15,Car,3
10278,1144,0.02,0.86,0.12,swissmetro,0.78,Car,3
10279,1144,0.05,0.89,0.06,swissmetro,0.83,Swissmetro,2
10280,1144,0.33,0.64,0.03,swissmetro,0.45,Swissmetro,2
10281,1144,0.24,0.66,0.1,swissmetro,0.49,Car,3
10282,1144,0.21,0.74,0.05,swissmetro,0.62,Swissmetro,2
10283,1144,0.19,0.76,0.05,swissmetro,0.64,Car,3
10284,1144,0.09,0.53,0.38,swissmetro,0.3,Car,3
10285,1144,0.16,0.59,0.25,swissmetro,0.38,Car,3
10286,1144,0.25,0.52,0.23,swissmetro,0.27,Swissmetro,2
10287,1145,0.07,0.55,0.38,swissmetro,0.33,Car,3
10288,1145,0.03,0.88,0.09,swissmetro,0.82,Swissmetro,2
10289,1145,0.11,0.46,0.43,swissmetro,0.18,Car,3
10290,1145,0.07,0.42,0.51,car,0.27,Car,3
10291,1145,0.21,0.64,0.15,swissmetro,0.46,Swissmetro,2
10292,1145,0.12,0.55,0.33,swissmetro,0.33,Car,3
10293,1145,0.04,0.52,0.44,swissmetro,0.28,Train,1
10294,1145,0.25,0.56,0.19,swissmetro,0.33,Train,1
10295,1145,0.06,0.75,0.19,swissmetro,0.64,Swissmetro,2
10296,1146,0.01,0.93,0.06,swissmetro,0.9,Swissmetro,2
10297,1146,0.05,0.92,0.03,swissmetro,0.88,Swissmetro,2
10298,1146,0.04,0.92,0.04,swissmetro,0.87,Swissmetro,2
10299,1146,0.07,0.86,0.07,swissmetro,0.79,Swissmetro,2
10300,1146,0.15,0.8,0.05,swissmetro,0.7,Swissmetro,2
10301,1146,0.1,0.84,0.06,swissmetro,0.77,Swissmetro,2
10302,1146,0.04,0.61,0.35,swissmetro,0.41,Car,3
10303,1146,0.05,0.79,0.16,swissmetro,0.7,Swissmetro,2
10304,1146,0.1,0.76,0.14,swissmetro,0.65,Swissmetro,2
10305,1147,0.03,0.93,0.04,swissmetro,0.89,Swissmetro,2
10306,1147,0.05,0.93,0.01,swissmetro,0.9,Swissmetro,2
10307,1147,0.05,0.85,0.1,swissmetro,0.77,Car,3
10308,1147,0.08,0.72,0.2,swissmetro,0.58,Car,3
10309,1147,0.07,0.88,0.05,swissmetro,0.81,Swissmetro,2
10310,1147,0.06,0.82,0.12,swissmetro,0.74,Swissmetro,2
10311,1147,0.04,0.82,0.14,swissmetro,0.73,Car,3
10312,1147,0.16,0.74,0.1,swissmetro,0.62,Swissmetro,2
10313,1147,0.04,0.88,0.08,swissmetro,0.82,Swissmetro,2
10314,1148,0.1,0.47,0.43,swissmetro,0.21,Swissmetro,2
10315,1148,0.23,0.54,0.23,swissmetro,0.31,Swissmetro,2
10316,1148,0.1,0.23,0.67,car,0.51,Swissmetro,2
10317,1148,0.07,0.85,0.08,swissmetro,0.77,Swissmetro,2
10318,1148,0.12,0.61,0.27,swissmetro,0.43,Swissmetro,2
10319,1148,0.11,0.71,0.18,swissmetro,0.57,Swissmetro,2
10320,1148,0.05,0.33,0.62,car,0.43,Car,3
10321,1148,0.24,0.63,0.13,swissmetro,0.45,Swissmetro,2
10322,1148,0.05,0.36,0.59,car,0.39,Car,3
10323,1149,0.01,0.99,0.0,swissmetro,0.98,Swissmetro,2
10324,1149,0.0,1.0,0.0,swissmetro,0.99,Swissmetro,2
10325,1149,0.02,0.86,0.12,swissmetro,0.78,Swissmetro,2
10326,1149,0.06,0.69,0.25,swissmetro,0.53,Car,3
10327,1149,0.06,0.93,0.01,swissmetro,0.9,Swissmetro,2
10328,1149,0.03,0.92,0.05,swissmetro,0.88,Swissmetro,2
10329,1149,0.03,0.87,0.1,swissmetro,0.8,Car,3
10330,1149,0.1,0.88,0.02,swissmetro,0.82,Swissmetro,2
10331,1149,0.03,0.94,0.03,swissmetro,0.92,Car,3
10332,1150,0.19,0.7,0.11,swissmetro,0.56,Swissmetro,2
10333,1150,0.11,0.88,0.01,swissmetro,0.81,Swissmetro,2
10334,1150,0.17,0.76,0.07,swissmetro,0.64,Swissmetro,2
10335,1150,0.14,0.8,0.06,swissmetro,0.71,Swissmetro,2
10336,1150,0.12,0.8,0.08,swissmetro,0.7,Swissmetro,2
10337,1150,0.1,0.85,0.05,swissmetro,0.77,Swissmetro,2
10338,1150,0.09,0.78,0.13,swissmetro,0.68,Swissmetro,2
10339,1150,0.09,0.85,0.06,swissmetro,0.77,Swissmetro,2
10340,1150,0.14,0.79,0.07,swissmetro,0.69,Swissmetro,2
10341,1151,0.02,0.7,0.28,swissmetro,0.56,Car,3
10342,1151,0.06,0.66,0.28,swissmetro,0.49,Car,3
10343,1151,0.02,0.55,0.43,swissmetro,0.33,Car,3
10344,1151,0.04,0.91,0.05,swissmetro,0.87,Swissmetro,2
10345,1151,0.04,0.72,0.24,swissmetro,0.58,Car,3
10346,1151,0.04,0.85,0.11,swissmetro,0.77,Car,3
10347,1151,0.03,0.54,0.43,swissmetro,0.32,Car,3
10348,1151,0.04,0.79,0.17,swissmetro,0.7,Swissmetro,2
10349,1151,0.05,0.42,0.53,car,0.29,Car,3
10350,1152,0.04,0.34,0.62,car,0.44,Swissmetro,2
10351,1152,0.05,0.66,0.29,swissmetro,0.5,Swissmetro,2
10352,1152,0.03,0.59,0.38,swissmetro,0.39,Car,3
10353,1152,0.06,0.83,0.11,swissmetro,0.76,Swissmetro,2
10354,1152,0.07,0.64,0.29,swissmetro,0.47,Swissmetro,2
10355,1152,0.09,0.6900000000000001,0.22,swissmetro,0.52,Swissmetro,2
10356,1152,0.11,0.45,0.44,swissmetro,0.17,Car,3
10357,1152,0.13,0.56,0.31,swissmetro,0.34,Swissmetro,2
10358,1152,0.12,0.24,0.64,car,0.45,Swissmetro,2
10359,1153,0.07,0.22,0.71,car,0.57,Car,3
10360,1153,0.19,0.11,0.7,car,0.55,Car,3
10361,1153,0.04,0.08,0.88,car,0.82,Car,3
10362,1153,0.1,0.47,0.43,swissmetro,0.21,Swissmetro,2
10363,1153,0.09,0.17,0.74,car,0.61,Car,3
10364,1153,0.06,0.17,0.77,car,0.65,Car,3
10365,1153,0.07,0.13,0.8,car,0.69,Car,3
10366,1153,0.13,0.22,0.65,car,0.48,Car,3
10367,1153,0.04,0.12,0.84,car,0.76,Car,3
10368,1154,0.02,0.91,0.07,swissmetro,0.86,Car,3
10369,1154,0.13,0.81,0.05,swissmetro,0.72,Swissmetro,2
10370,1154,0.03,0.8,0.17,swissmetro,0.7,Car,3
10371,1154,0.05,0.88,0.07,swissmetro,0.82,Swissmetro,2
10372,1154,0.06,0.78,0.16,swissmetro,0.67,Car,3
10373,1154,0.06,0.82,0.12,swissmetro,0.73,Swissmetro,2
10374,1154,0.05,0.83,0.12,swissmetro,0.75,Car,3
10375,1154,0.07,0.87,0.06,swissmetro,0.81,Swissmetro,2
10376,1154,0.07,0.63,0.3,swissmetro,0.45,Car,3
10377,1155,0.04,0.94,0.02,swissmetro,0.91,Swissmetro,2
10378,1155,0.03,0.96,0.01,swissmetro,0.94,Swissmetro,2
10379,1155,0.06,0.84,0.1,swissmetro,0.76,Car,3
10380,1155,0.18,0.6,0.22,swissmetro,0.4,Car,3
10381,1155,0.04,0.93,0.03,swissmetro,0.9,Swissmetro,2
10382,1155,0.03,0.85,0.12,swissmetro,0.77,Swissmetro,2
10383,1155,0.1,0.54,0.36,swissmetro,0.31,Car,3
10384,1155,0.24,0.63,0.13,swissmetro,0.44,Swissmetro,2
10385,1155,0.03,0.88,0.09,swissmetro,0.83,Swissmetro,2
10386,1156,0.15,0.48,0.37,swissmetro,0.21,Swissmetro,2
10387,1156,0.11,0.7,0.19,swissmetro,0.56,Swissmetro,2
10388,1156,0.22,0.52,0.26,swissmetro,0.27,Swissmetro,2
10389,1156,0.18,0.57,0.25,swissmetro,0.36,Car,3
10390,1156,0.18,0.47,0.35,swissmetro,0.21,Swissmetro,2
10391,1156,0.16,0.65,0.19,swissmetro,0.47,Car,3
10392,1156,0.14,0.41,0.45,car,0.18,Car,3
10393,1156,0.25,0.4,0.35,swissmetro,0.11,Car,3
10394,1156,0.23,0.4,0.37,swissmetro,0.09,Car,3
10395,1157,0.23,0.58,0.19,swissmetro,0.37,Car,3
10396,1157,0.1,0.84,0.06,swissmetro,0.76,Car,3
10397,1157,0.18,0.68,0.14,swissmetro,0.51,Car,3
10398,1157,0.14,0.67,0.19,swissmetro,0.5,Swissmetro,2
10399,1157,0.16,0.71,0.13,swissmetro,0.55,Swissmetro,2
10400,1157,0.11,0.74,0.15,swissmetro,0.61,Swissmetro,2
10401,1157,0.05,0.48,0.47,swissmetro,0.23,Car,3
10402,1157,0.06,0.61,0.33,swissmetro,0.42,Car,3
10403,1157,0.19,0.4,0.41,car,0.12,Car,3
10404,1158,0.1,0.02,0.88,car,0.82,Car,3
10405,1158,0.13,0.08,0.79,car,0.69,Swissmetro,2
10406,1158,0.07,0.02,0.91,car,0.87,Car,3
10407,1158,0.03,0.01,0.96,car,0.94,Car,3
10408,1158,0.13,0.12,0.75,car,0.62,Swissmetro,2
10409,1158,0.08,0.03,0.89,car,0.83,Car,3
10410,1158,0.04,0.02,0.94,car,0.91,Car,3
10411,1158,0.11,0.06,0.83,car,0.75,Swissmetro,2
10412,1158,0.06,0.06,0.88,car,0.82,Car,3
10413,1159,0.02,0.55,0.43,swissmetro,0.32,Car,3
10414,1159,0.12,0.55,0.33,swissmetro,0.33,Swissmetro,2
10415,1159,0.03,0.58,0.39,swissmetro,0.36,Car,3
10416,1159,0.07,0.84,0.09,swissmetro,0.77,Swissmetro,2
10417,1159,0.04,0.65,0.31,swissmetro,0.49,Car,3
10418,1159,0.07,0.6,0.33,swissmetro,0.4,Swissmetro,2
10419,1159,0.03,0.62,0.35,swissmetro,0.42,Car,3
10420,1159,0.15,0.54,0.31,swissmetro,0.31,Swissmetro,2
10421,1159,0.03,0.29,0.6799999999999999,car,0.53,Train,1
10422,1160,0.03,0.9,0.07,swissmetro,0.86,Swissmetro,2
10423,1160,0.03,0.95,0.02,swissmetro,0.92,Swissmetro,2
10424,1160,0.14,0.71,0.15,swissmetro,0.56,Swissmetro,2
10425,1160,0.08,0.84,0.08,swissmetro,0.76,Car,3
10426,1160,0.05,0.8,0.14,swissmetro,0.7,Swissmetro,2
10427,1160,0.09,0.8099999999999999,0.1,swissmetro,0.72,Car,3
10428,1160,0.02,0.67,0.31,swissmetro,0.5,Car,3
10429,1160,0.02,0.67,0.31,swissmetro,0.49,Car,3
10430,1160,0.09,0.78,0.13,swissmetro,0.66,Car,3
10431,1161,0.1,0.51,0.39,swissmetro,0.27,Car,3
10432,1161,0.1,0.77,0.13,swissmetro,0.65,Car,3
10433,1161,0.04,0.18,0.78,car,0.66,Car,3
10434,1161,0.06,0.09,0.85,car,0.76,Car,3
10435,1161,0.19,0.49,0.32,swissmetro,0.24,Car,3
10436,1161,0.09,0.23,0.6799999999999999,car,0.53,Car,3
10437,1161,0.11,0.23,0.66,car,0.5,Car,3
10438,1161,0.16,0.24,0.6,car,0.41,Car,3
10439,1161,0.07,0.39,0.54,car,0.3,Car,3
10440,1162,0.25,0.48,0.27,swissmetro,0.22,Car,3
10441,1162,0.11,0.82,0.07,swissmetro,0.73,Swissmetro,2
10442,1162,0.22,0.65,0.13,swissmetro,0.47,Swissmetro,2
10443,1162,0.15,0.61,0.24,swissmetro,0.4,Car,3
10444,1162,0.1,0.65,0.25,swissmetro,0.47,Car,3
10445,1162,0.16,0.62,0.22,swissmetro,0.44,Car,3
10446,1162,0.04,0.51,0.45,swissmetro,0.27,Car,3
10447,1162,0.07,0.46,0.47,car,0.21,Car,3
10448,1162,0.09,0.69,0.22,swissmetro,0.55,Car,3
10449,1163,0.04,0.11,0.85,car,0.77,Car,3
10450,1163,0.15,0.24,0.61,car,0.42,Car,3
10451,1163,0.04,0.11,0.85,car,0.77,Car,3
10452,1163,0.07,0.59,0.34,swissmetro,0.38,Car,3
10453,1163,0.05,0.16,0.79,car,0.7,Car,3
10454,1163,0.1,0.24,0.66,car,0.48,Car,3
10455,1163,0.11,0.2,0.69,car,0.55,Car,3
10456,1163,0.14,0.16,0.7,car,0.55,Car,3
10457,1163,0.11,0.05,0.84,car,0.75,Car,3
10458,1164,0.01,0.01,0.98,car,0.97,Car,3
10459,1164,0.07,0.19,0.74,car,0.62,Car,3
10460,1164,0.07,0.05,0.88,car,0.83,Car,3
10461,1164,0.08,0.05,0.87,car,0.81,Car,3
10462,1164,0.15,0.31,0.54,car,0.3,Car,3
10463,1164,0.07,0.12,0.81,car,0.71,Car,3
10464,1164,0.03,0.04,0.93,car,0.9,Car,3
10465,1164,0.11,0.09,0.8,car,0.69,Car,3
10466,1164,0.06,0.13,0.81,car,0.71,Car,3
10467,1165,0.01,0.97,0.02,swissmetro,0.96,Car,3
10468,1165,0.02,0.96,0.02,swissmetro,0.95,Swissmetro,2
10469,1165,0.04,0.9,0.06,swissmetro,0.86,Swissmetro,2
10470,1165,0.07,0.83,0.1,swissmetro,0.75,Car,3
10471,1165,0.04,0.89,0.07,swissmetro,0.84,Swissmetro,2
10472,1165,0.05,0.89,0.06,swissmetro,0.83,Car,3
10473,1165,0.02,0.86,0.12,swissmetro,0.78,Car,3
10474,1165,0.02,0.76,0.22,swissmetro,0.64,Car,3
10475,1165,0.06,0.84,0.1,swissmetro,0.77,Car,3
10476,1166,0.03,0.68,0.29,swissmetro,0.51,Car,3
10477,1166,0.11,0.76,0.13,swissmetro,0.64,Swissmetro,2
10478,1166,0.04,0.73,0.23,swissmetro,0.59,Car,3
10479,1166,0.08,0.88,0.04,swissmetro,0.82,Swissmetro,2
10480,1166,0.18,0.53,0.29,swissmetro,0.3,Car,3
10481,1166,0.11,0.77,0.12,swissmetro,0.65,Swissmetro,2
10482,1166,0.05,0.64,0.31,swissmetro,0.46,Car,3
10483,1166,0.08,0.81,0.11,swissmetro,0.71,Car,3
10484,1166,0.04,0.54,0.42,swissmetro,0.31,Car,3
10485,1167,0.06,0.48,0.46,swissmetro,0.22,Car,3
10486,1167,0.07,0.74,0.19,swissmetro,0.62,Car,3
10487,1167,0.04,0.77,0.19,swissmetro,0.65,Car,3
10488,1167,0.06,0.54,0.4,swissmetro,0.32,Car,3
10489,1167,0.05,0.63,0.32,swissmetro,0.44,Car,3
10490,1167,0.06,0.6,0.34,swissmetro,0.4,Car,3
10491,1167,0.03,0.42,0.55,car,0.33,Car,3
10492,1167,0.03,0.62,0.35,swissmetro,0.44,Car,3
10493,1167,0.06,0.56,0.38,swissmetro,0.34,Car,3
10494,1168,0.01,0.82,0.17,swissmetro,0.73,Car,3
10495,1168,0.04,0.88,0.08,swissmetro,0.81,Swissmetro,2
10496,1168,0.01,0.84,0.15,swissmetro,0.75,Car,3
10497,1168,0.01,0.96,0.03,swissmetro,0.93,Swissmetro,2
10498,1168,0.04,0.71,0.25,swissmetro,0.57,Car,3
10499,1168,0.07,0.82,0.11,swissmetro,0.73,Swissmetro,2
10500,1168,0.07,0.59,0.34,swissmetro,0.38,Car,3
10501,1168,0.07,0.83,0.1,swissmetro,0.75,Swissmetro,2
10502,1168,0.1,0.43,0.47000000000000003,car,0.19,Car,3
10503,1169,0.25,0.25,0.5,car,0.24,Car,3
10504,1169,0.3,0.53,0.17,swissmetro,0.29,Train,1
10505,1169,0.23,0.38,0.39,car,0.1,Swissmetro,2
10506,1169,0.19,0.43,0.38,swissmetro,0.15,Car,3
10507,1169,0.26,0.5,0.24,swissmetro,0.26,Swissmetro,2
10508,1169,0.2,0.56,0.24,swissmetro,0.35,Car,3
10509,1169,0.06,0.26,0.68,car,0.52,Car,3
10510,1169,0.08,0.28,0.64,car,0.46,Car,3
10511,1169,0.19,0.28,0.53,car,0.3,Swissmetro,2
10512,1170,0.01,0.92,0.07,swissmetro,0.88,Car,3
10513,1170,0.02,0.95,0.03,swissmetro,0.93,Swissmetro,2
10514,1170,0.03,0.93,0.04,swissmetro,0.89,Swissmetro,2
10515,1170,0.05,0.78,0.17,swissmetro,0.66,Car,3
10516,1170,0.04,0.79,0.17,swissmetro,0.69,Swissmetro,2
10517,1170,0.03,0.9,0.07,swissmetro,0.86,Swissmetro,2
10518,1170,0.02,0.76,0.22,swissmetro,0.63,Car,3
10519,1170,0.02,0.85,0.13,swissmetro,0.79,Car,3
10520,1170,0.14,0.67,0.19,swissmetro,0.51,Car,3
10521,1171,0.06,0.85,0.09,swissmetro,0.78,Swissmetro,2
10522,1171,0.04,0.83,0.13,swissmetro,0.75,Swissmetro,2
10523,1171,0.05,0.86,0.09,swissmetro,0.8,Swissmetro,2
10524,1171,0.06,0.8200000000000001,0.12,swissmetro,0.72,Swissmetro,2
10525,1171,0.06,0.84,0.1,swissmetro,0.76,Swissmetro,2
10526,1171,0.06,0.85,0.09,swissmetro,0.78,Swissmetro,2
10527,1171,0.02,0.64,0.34,swissmetro,0.45,Swissmetro,2
10528,1171,0.03,0.74,0.23,swissmetro,0.61,Swissmetro,2
10529,1171,0.08,0.67,0.25,swissmetro,0.5,Swissmetro,2
10530,1172,0.02,0.95,0.03,swissmetro,0.93,Swissmetro,2
10531,1172,0.11,0.82,0.07,swissmetro,0.73,Swissmetro,2
10532,1172,0.03,0.86,0.11,swissmetro,0.8,Car,3
10533,1172,0.05,0.93,0.02,swissmetro,0.89,Swissmetro,2
10534,1172,0.06,0.84,0.1,swissmetro,0.76,Swissmetro,2
10535,1172,0.09,0.84,0.07,swissmetro,0.76,Swissmetro,2
10536,1172,0.08,0.82,0.1,swissmetro,0.73,Swissmetro,2
10537,1172,0.04,0.92,0.04,swissmetro,0.88,Swissmetro,2
10538,1172,0.13,0.62,0.25,swissmetro,0.43,Swissmetro,2
10539,1173,0.05,0.09,0.86,car,0.79,Car,3
10540,1173,0.24,0.12,0.64,car,0.47,Car,3
10541,1173,0.17,0.13,0.7,car,0.56,Car,3
10542,1173,0.08,0.06,0.86,car,0.8,Car,3
10543,1173,0.11,0.12,0.77,car,0.67,Car,3
10544,1173,0.1,0.12,0.78,car,0.67,Car,3
10545,1173,0.05,0.05,0.9,car,0.85,Car,3
10546,1173,0.04,0.07,0.89,car,0.83,Car,3
10547,1173,0.09,0.12,0.79,car,0.69,Car,3
10548,1174,0.07,0.88,0.05,swissmetro,0.82,Car,3
10549,1174,0.09,0.87,0.04,swissmetro,0.8,Car,3
10550,1174,0.07,0.5,0.43,swissmetro,0.26,Car,3
10551,1174,0.18,0.5,0.32,swissmetro,0.25,Car,3
10552,1174,0.12,0.76,0.12,swissmetro,0.64,Swissmetro,2
10553,1174,0.13,0.69,0.18,swissmetro,0.54,Car,3
10554,1174,0.15,0.58,0.27,swissmetro,0.37,Car,3
10555,1174,0.18,0.56,0.26,swissmetro,0.34,Swissmetro,2
10556,1174,0.07,0.71,0.22,swissmetro,0.57,Car,3
10557,1175,0.1,0.37,0.53,car,0.3,Car,3
10558,1175,0.06,0.82,0.12,swissmetro,0.73,Car,3
10559,1175,0.04,0.34,0.62,car,0.42,Car,3
10560,1175,0.06,0.16,0.78,car,0.67,Car,3
10561,1175,0.04,0.53,0.43,swissmetro,0.3,Car,3
10562,1175,0.03,0.2,0.77,car,0.66,Car,3
10563,1175,0.04,0.09,0.87,car,0.8,Car,3
10564,1175,0.17,0.21,0.62,car,0.43,Car,3
10565,1175,0.03,0.22,0.75,car,0.64,Car,3
10566,1176,0.01,0.05,0.94,car,0.9,Car,3
10567,1176,0.04,0.06,0.9,car,0.85,Car,3
10568,1176,0.01,0.04,0.95,car,0.92,Car,3
10569,1176,0.02,0.15,0.83,car,0.73,Car,3
10570,1176,0.02,0.05,0.93,car,0.89,Car,3
10571,1176,0.05,0.09,0.86,car,0.79,Car,3
10572,1176,0.04,0.05,0.91,car,0.87,Car,3
10573,1176,0.06,0.08,0.86,car,0.8,Car,3
10574,1176,0.03,0.02,0.95,car,0.92,Car,3
10575,1177,0.21,0.2,0.59,car,0.39,Car,3
10576,1177,0.19,0.33,0.48,car,0.22,Car,3
10577,1177,0.15,0.12,0.73,car,0.6,Car,3
10578,1177,0.15,0.21,0.64,car,0.45,Car,3
10579,1177,0.15,0.17,0.68,car,0.52,Car,3
10580,1177,0.19,0.18,0.63,car,0.45,Car,3
10581,1177,0.05,0.06,0.89,car,0.84,Car,3
10582,1177,0.23,0.15,0.62,car,0.42,Car,3
10583,1177,0.14,0.21,0.65,car,0.48,Car,3
10584,1178,0.01,0.96,0.03,swissmetro,0.93,Car,3
10585,1178,0.03,0.9299999999999999,0.04,swissmetro,0.9,Swissmetro,2
10586,1178,0.02,0.93,0.05,swissmetro,0.89,Car,3
10587,1178,0.05,0.87,0.08,swissmetro,0.81,Swissmetro,2
10588,1178,0.03,0.85,0.12,swissmetro,0.78,Car,3
10589,1178,0.03,0.88,0.09,swissmetro,0.82,Swissmetro,2
10590,1178,0.01,0.76,0.23,swissmetro,0.64,Car,3
10591,1178,0.01,0.86,0.13,swissmetro,0.79,Car,3
10592,1178,0.03,0.87,0.1,swissmetro,0.79,Car,3
10593,1179,0.03,0.77,0.2,swissmetro,0.65,Swissmetro,2
10594,1179,0.05,0.75,0.2,swissmetro,0.61,Train,1
10595,1179,0.04,0.68,0.28,swissmetro,0.52,Car,3
10596,1179,0.04,0.85,0.11,swissmetro,0.77,Swissmetro,2
10597,1179,0.08,0.73,0.19,swissmetro,0.59,Car,3
10598,1179,0.07,0.75,0.18,swissmetro,0.62,Swissmetro,2
10599,1179,0.05,0.78,0.17,swissmetro,0.67,Car,3
10600,1179,0.1,0.69,0.21,swissmetro,0.54,Swissmetro,2
10601,1179,0.04,0.43,0.53,car,0.3,Swissmetro,2
10602,1180,0.07,0.05,0.88,car,0.81,Car,3
10603,1180,0.09,0.28,0.63,car,0.44,Car,3
10604,1180,0.03,0.07,0.9,car,0.85,Car,3
10605,1180,0.05,0.05,0.9,car,0.85,Car,3
10606,1180,0.16,0.23,0.61,car,0.41,Car,3
10607,1180,0.08,0.19,0.73,car,0.59,Car,3
10608,1180,0.1,0.13,0.77,car,0.66,Car,3
10609,1180,0.18,0.2,0.62,car,0.43,Car,3
10610,1180,0.08,0.21,0.71,car,0.56,Car,3
10611,1181,0.1,0.89,0.01,swissmetro,0.84,Car,3
10612,1181,0.05,0.95,0.0,swissmetro,0.92,Swissmetro,2
10613,1181,0.16,0.78,0.06,swissmetro,0.68,Car,3
10614,1181,0.12,0.81,0.07,swissmetro,0.72,Car,3
10615,1181,0.12,0.86,0.02,swissmetro,0.8,Swissmetro,2
10616,1181,0.12,0.86,0.02,swissmetro,0.79,Car,3
10617,1181,0.08,0.89,0.03,swissmetro,0.83,Car,3
10618,1181,0.15,0.8200000000000001,0.03,swissmetro,0.72,Car,3
10619,1181,0.08,0.9,0.02,swissmetro,0.84,Car,3
10620,1182,0.1,0.85,0.05,swissmetro,0.77,Car,3
10621,1182,0.07,0.91,0.02,swissmetro,0.87,Car,3
10622,1182,0.03,0.81,0.16,swissmetro,0.72,Car,3
10623,1182,0.07,0.72,0.21,swissmetro,0.58,Car,3
10624,1182,0.03,0.93,0.04,swissmetro,0.89,Swissmetro,2
10625,1182,0.04,0.9,0.06,swissmetro,0.86,Car,3
10626,1182,0.14,0.67,0.19,swissmetro,0.51,Car,3
10627,1182,0.11,0.75,0.14,swissmetro,0.63,Car,3
10628,1182,0.02,0.93,0.05,swissmetro,0.9,Car,3
10629,1183,0.28,0.68,0.04,swissmetro,0.52,Car,3
10630,1183,0.19,0.79,0.02,swissmetro,0.69,Car,3
10631,1183,0.22,0.63,0.15,swissmetro,0.44,Car,3
10632,1183,0.21,0.67,0.12,swissmetro,0.49,Car,3
10633,1183,0.19,0.75,0.06,swissmetro,0.63,Car,3
10634,1183,0.18,0.75,0.07,swissmetro,0.63,Car,3
10635,1183,0.16,0.71,0.13,swissmetro,0.55,Car,3
10636,1183,0.24,0.6,0.16,swissmetro,0.39,Car,3
10637,1183,0.14,0.8,0.06,swissmetro,0.69,Car,3
10638,1184,0.16,0.51,0.33,swissmetro,0.27,Swissmetro,2
10639,1184,0.36,0.4,0.24,swissmetro,0.1,Swissmetro,2
10640,1184,0.19,0.31,0.5,car,0.26,Swissmetro,2
10641,1184,0.19,0.76,0.05,swissmetro,0.65,Swissmetro,2
10642,1184,0.12,0.45,0.43,swissmetro,0.19,Swissmetro,2
10643,1184,0.1,0.62,0.28,swissmetro,0.44,Swissmetro,2
10644,1184,0.07,0.68,0.25,swissmetro,0.52,Car,3
10645,1184,0.1,0.74,0.16,swissmetro,0.6,Swissmetro,2
10646,1184,0.07,0.46,0.47,car,0.21,Car,3
10647,1185,0.03,0.78,0.19,swissmetro,0.67,Car,3
10648,1185,0.05,0.84,0.11,swissmetro,0.76,Swissmetro,2
10649,1185,0.04,0.85,0.11,swissmetro,0.77,Swissmetro,2
10650,1185,0.07,0.79,0.14,swissmetro,0.68,Swissmetro,2
10651,1185,0.03,0.75,0.22,swissmetro,0.63,Swissmetro,2
10652,1185,0.03,0.85,0.12,swissmetro,0.77,Swissmetro,2
10653,1185,0.03,0.68,0.29,swissmetro,0.52,Car,3
10654,1185,0.02,0.76,0.22,swissmetro,0.63,Swissmetro,2
10655,1185,0.03,0.72,0.25,swissmetro,0.57,Swissmetro,2
10656,1186,0.05,0.95,0.0,swissmetro,0.92,Swissmetro,2
10657,1186,0.14,0.85,0.01,swissmetro,0.78,Swissmetro,2
10658,1186,0.06,0.87,0.07,swissmetro,0.8,Swissmetro,2
10659,1186,0.06,0.94,0.0,swissmetro,0.91,Swissmetro,2
10660,1186,0.05,0.92,0.03,swissmetro,0.88,Swissmetro,2
10661,1186,0.05,0.91,0.04,swissmetro,0.87,Swissmetro,2
10662,1186,0.02,0.97,0.01,swissmetro,0.96,Swissmetro,2
10663,1186,0.05,0.94,0.01,swissmetro,0.92,Swissmetro,2
10664,1186,0.19,0.79,0.02,swissmetro,0.69,Train,1
10665,1187,0.05,0.08,0.87,car,0.8,Car,3
10666,1187,0.11,0.08,0.81,car,0.71,Train,1
10667,1187,0.05,0.11,0.84,car,0.76,Car,3
10668,1187,0.08,0.38,0.54,car,0.31,Swissmetro,2
10669,1187,0.07,0.35,0.58,car,0.38,Car,3
10670,1187,0.09,0.46,0.45,swissmetro,0.19,Train,1
10671,1187,0.04,0.17,0.79,car,0.69,Car,3
10672,1187,0.12,0.41,0.47000000000000003,car,0.2,Car,3
10673,1187,0.19,0.35,0.46,car,0.19,Car,3
10674,1188,0.06,0.8,0.14,swissmetro,0.71,Car,3
10675,1188,0.12,0.82,0.06,swissmetro,0.72,Car,3
10676,1188,0.16,0.74,0.1,swissmetro,0.6,Swissmetro,2
10677,1188,0.13,0.67,0.2,swissmetro,0.5,Car,3
10678,1188,0.09,0.83,0.08,swissmetro,0.75,Swissmetro,2
10679,1188,0.12,0.65,0.23,swissmetro,0.49,Car,3
10680,1188,0.04,0.81,0.15,swissmetro,0.71,Car,3
10681,1188,0.07,0.8099999999999999,0.12,swissmetro,0.73,Swissmetro,2
10682,1188,0.42,0.55,0.03,swissmetro,0.32,Swissmetro,2
10683,1189,0.02,0.52,0.46,swissmetro,0.28,Car,3
10684,1189,0.23,0.69,0.08,swissmetro,0.53,Train,1
10685,1189,0.03,0.53,0.44,swissmetro,0.29,Car,3
10686,1189,0.05,0.93,0.02,swissmetro,0.88,Swissmetro,2
10687,1189,0.03,0.64,0.33,swissmetro,0.46,Car,3
10688,1189,0.07,0.83,0.1,swissmetro,0.73,Swissmetro,2
10689,1189,0.02,0.44,0.54,car,0.31,Swissmetro,2
10690,1189,0.04,0.75,0.21,swissmetro,0.62,Swissmetro,2
10691,1189,0.03,0.39,0.58,car,0.36,Swissmetro,2
10692,1190,0.04,0.95,0.01,swissmetro,0.93,Car,3
10693,1190,0.05,0.94,0.01,swissmetro,0.91,Train,1
10694,1190,0.05,0.94,0.01,swissmetro,0.91,Train,1
10695,1190,0.03,0.95,0.02,swissmetro,0.92,Train,1
10696,1190,0.05,0.94,0.01,swissmetro,0.92,Train,1
10697,1190,0.02,0.91,0.07,swissmetro,0.85,Train,1
10698,1190,0.02,0.93,0.05,swissmetro,0.9,Car,3
10699,1190,0.03,0.89,0.08,swissmetro,0.83,Car,3
10700,1190,0.18,0.78,0.04,swissmetro,0.67,Train,1
10701,1191,0.05,0.8,0.15,swissmetro,0.7,Car,3
10702,1191,0.06,0.91,0.03,swissmetro,0.86,Swissmetro,2
10703,1191,0.07,0.89,0.04,swissmetro,0.84,Swissmetro,2
10704,1191,0.12,0.61,0.27,swissmetro,0.42,Car,3
10705,1191,0.03,0.92,0.05,swissmetro,0.87,Swissmetro,2
10706,1191,0.05,0.82,0.13,swissmetro,0.73,Car,3
10707,1191,0.02,0.7,0.28,swissmetro,0.55,Car,3
10708,1191,0.02,0.9,0.08,swissmetro,0.86,Car,3
10709,1191,0.02,0.88,0.1,swissmetro,0.81,Car,3
10710,1192,0.14,0.84,0.02,swissmetro,0.76,Car,3
10711,1192,0.07,0.92,0.01,swissmetro,0.88,Swissmetro,2
10712,1192,0.1,0.89,0.01,swissmetro,0.83,Swissmetro,2
10713,1192,0.16,0.48,0.36,swissmetro,0.23,Car,3
10714,1192,0.11,0.86,0.03,swissmetro,0.79,Swissmetro,2
10715,1192,0.12,0.74,0.14,swissmetro,0.61,Car,3
10716,1192,0.07,0.76,0.17,swissmetro,0.63,Car,3
10717,1192,0.05,0.76,0.19,swissmetro,0.64,Swissmetro,2
10718,1192,0.14,0.75,0.11,swissmetro,0.62,Car,3
